{
	"type": "FeatureCollection",
	"bbox": [
		69.12264660000801,
		41.164237200890625,
		69.478619992733,
		41.39840095598825
	],
	"features": [
		{
			"type": "Feature",
			"properties": {
				"id": "YPFCZOCT",
				"level": 3
			},
			"geometry": {
				"type": "LineString",
				"coordinates": [
					[
						69.21259850263596,
						41.17431746329734
					],
					[
						69.20944824814796,
						41.17533499398874
					],
					[
						69.20412674546242,
						41.17837638782609
					],
					[
						69.19880658388138,
						41.183696720923365
					],
					[
						69.19425085186958,
						41.18873201654358
					],
					[
						69.19095039367676,
						41.19293536926318
					],
					[
						69.1892284154892,
						41.194795254097386
					],
					[
						69.18603658676147,
						41.19783473509699
					],
					[
						69.18497174978256,
						41.20087609306492
					],
					[
						69.18618813157082,
						41.205589212327965
					],
					[
						69.18223455548286,
						41.207564767005465
					],
					[
						69.18588370084763,
						41.21121403877808
					],
					[
						69.18147549033165,
						41.21455843726963
					],
					[
						69.18308347463608,
						41.21650749201007
					],
					[
						69.17888447642326,
						41.21759700040997
					],
					[
						69.1750194132328,
						41.21922114127719
					],
					[
						69.17591124773026,
						41.22087853040961
					],
					[
						69.17403236031532,
						41.221590700543686
					],
					[
						69.17141988873482,
						41.223194568054396
					],
					[
						69.17127639055252,
						41.22850621567807
					],
					[
						69.16793301701546,
						41.229853727997664
					],
					[
						69.16391104459763,
						41.23207060774433
					],
					[
						69.16297495365143,
						41.234342881896254
					],
					[
						69.16384130716324,
						41.236575745463995
					],
					[
						69.1673094034195,
						41.2400227174999
					],
					[
						69.16385740041733,
						41.25002678138182
					],
					[
						69.16359454393387,
						41.25052991881975
					],
					[
						69.1501472890377,
						41.259946646029135
					],
					[
						69.14892554283142,
						41.261415492743254
					],
					[
						69.1482925415039,
						41.2622844860208
					],
					[
						69.14752542972565,
						41.264640387582176
					],
					[
						69.14693266153336,
						41.27787097080571
					],
					[
						69.1472652554512,
						41.279226535825956
					],
					[
						69.14798006415367,
						41.2809610132785
					],
					[
						69.14633184671402,
						41.28105171681594
					],
					[
						69.14527103304863,
						41.28043190679759
					],
					[
						69.14338275790215,
						41.27847971872876
					],
					[
						69.14149850606918,
						41.27759481507451
					],
					[
						69.13996294140816,
						41.275465151520194
					],
					[
						69.1370165348053,
						41.273160037462475
					],
					[
						69.13465887308121,
						41.27200896184297
					],
					[
						69.13230121135712,
						41.26961401442583
					],
					[
						69.12982687354088,
						41.26855057316013
					],
					[
						69.12488088011742,
						41.26695789886898
					],
					[
						69.12264660000801,
						41.26820381700264
					],
					[
						69.1230046749115,
						41.271045348782195
					],
					[
						69.12653982639313,
						41.273172132720276
					],
					[
						69.1281907260418,
						41.27459129407441
					],
					[
						69.12854611873627,
						41.27574534785515
					],
					[
						69.13138389587402,
						41.27801509541308
					],
					[
						69.13220196962357,
						41.278938291643186
					],
					[
						69.13326144218445,
						41.279024966601185
					],
					[
						69.13396820425987,
						41.279379728020416
					],
					[
						69.13385286927223,
						41.28044500853369
					],
					[
						69.13468167185783,
						41.2828415741661
					],
					[
						69.13492038846016,
						41.28399648984416
					],
					[
						69.13233608007431,
						41.2871074044734
					],
					[
						69.13245543837547,
						41.287995202273834
					],
					[
						69.13398966193199,
						41.28950271774488
					],
					[
						69.1383509337902,
						41.29242796423057
					],
					[
						69.13882836699486,
						41.2950034429752
					],
					[
						69.14189547300339,
						41.29757378223016
					],
					[
						69.14484858512878,
						41.30192126389093
					],
					[
						69.14614543318748,
						41.30316349220408
					],
					[
						69.14803236722946,
						41.30422636950149
					],
					[
						69.14897784590721,
						41.305645862967765
					],
					[
						69.1491025686264,
						41.30866508022805
					],
					[
						69.14828047156334,
						41.309643248426966
					],
					[
						69.14745569229126,
						41.309910202183374
					],
					[
						69.14722234010696,
						41.31044309905462
					],
					[
						69.14757773280144,
						41.31159651876408
					],
					[
						69.14758041501045,
						41.3129292219771
					],
					[
						69.14817050099373,
						41.31354973057927
					],
					[
						69.15278121829033,
						41.320469612939206
					],
					[
						69.15455013513565,
						41.32171148786486
					],
					[
						69.15466949343681,
						41.322331912863916
					],
					[
						69.15359258651733,
						41.32340958510389
					],
					[
						69.15404856204987,
						41.3245879539775
					],
					[
						69.15351614356041,
						41.32523453707444
					],
					[
						69.15477141737938,
						41.325956647995866
					],
					[
						69.1545045375824,
						41.326792554410474
					],
					[
						69.1551885008812,
						41.32751464806552
					],
					[
						69.15609508752823,
						41.327124899764556
					],
					[
						69.15697485208511,
						41.3273625760084
					],
					[
						69.15777280926704,
						41.328236733717944
					],
					[
						69.15891274809837,
						41.32850260424365
					],
					[
						69.16013047099113,
						41.328579142527246
					],
					[
						69.16077554225922,
						41.33009881167294
					],
					[
						69.16381850838661,
						41.3343877330513
					],
					[
						69.16465938091278,
						41.33726867430184
					],
					[
						69.16497051715851,
						41.34661449278914
					],
					[
						69.16521459817886,
						41.34827771053219
					],
					[
						69.16542649269104,
						41.349611677109664
					],
					[
						69.16676357388496,
						41.35271040114483
					],
					[
						69.16913464665413,
						41.356121041869244
					],
					[
						69.17201668024063,
						41.359284885563284
					],
					[
						69.17349189519882,
						41.36035691352629
					],
					[
						69.18579250574112,
						41.36791798385133
					],
					[
						69.22808557748795,
						41.39531145014854
					],
					[
						69.2299510538578,
						41.396082079809645
					],
					[
						69.23329308629036,
						41.39775409342667
					],
					[
						69.23509955406189,
						41.39830437971608
					],
					[
						69.23982828855515,
						41.39840095598825
					],
					[
						69.25697833299637,
						41.3979703856684
					],
					[
						69.25776287913322,
						41.39787380875637
					],
					[
						69.26142945885658,
						41.39705591727906
					],
					[
						69.26215097308159,
						41.396763163953835
					],
					[
						69.2654125392437,
						41.39497140439022
					],
					[
						69.2822340130806,
						41.38455991179822
					],
					[
						69.28503692150116,
						41.383721728219
					],
					[
						69.29027661681175,
						41.3834933137737
					],
					[
						69.30078148841858,
						41.38395014186196
					],
					[
						69.31183353066444,
						41.38499057094805
					],
					[
						69.31490734219551,
						41.38483561447967
					],
					[
						69.3173360824585,
						41.384131262241965
					],
					[
						69.31810587644577,
						41.38378512063204
					],
					[
						69.31933164596558,
						41.38204734115834
					],
					[
						69.31985601782799,
						41.380994789723644
					],
					[
						69.32365536689758,
						41.37177065140753
					],
					[
						69.32393833994865,
						41.37125234604011
					],
					[
						69.32556241750717,
						41.36938138027
					],
					[
						69.32782486081123,
						41.367637177060686
					],
					[
						69.33707311749458,
						41.360316649884425
					],
					[
						69.34356540441513,
						41.35582307093742
					],
					[
						69.34677869081497,
						41.35574857799136
					],
					[
						69.35010060667992,
						41.354893916334305
					],
					[
						69.35263127088547,
						41.35487478950216
					],
					[
						69.35660362243652,
						41.35645525088597
					],
					[
						69.35860455036163,
						41.35751423920763
					],
					[
						69.35907259583473,
						41.358005475088504
					],
					[
						69.36233416199684,
						41.36221606005941
					],
					[
						69.36281695961952,
						41.362519034510086
					],
					[
						69.36421439051628,
						41.362982049218004
					],
					[
						69.36518266797066,
						41.36292165618207
					],
					[
						69.375329464674,
						41.36136248990252
					],
					[
						69.37599867582321,
						41.36140879234446
					],
					[
						69.37767505645752,
						41.36185269017017
					],
					[
						69.3895411491394,
						41.365612111561404
					],
					[
						69.39028143882751,
						41.36589091408166
					],
					[
						69.39194843173027,
						41.366947735892865
					],
					[
						69.39228504896164,
						41.367298999532096
					],
					[
						69.39468160271645,
						41.36693263855929
					],
					[
						69.39609110355377,
						41.365681560676364
					],
					[
						69.39592748880386,
						41.36439120414494
					],
					[
						69.3987612426281,
						41.36600666206945
					],
					[
						69.39959675073624,
						41.36501826827629
					],
					[
						69.40028071403503,
						41.365055509455146
					],
					[
						69.40088957548141,
						41.364866283784835
					],
					[
						69.40134555101395,
						41.36381244777846
					],
					[
						69.4014984369278,
						41.36316524108412
					],
					[
						69.40199196338654,
						41.36312699227557
					],
					[
						69.40446227788925,
						41.36381244777846
					],
					[
						69.4049933552742,
						41.363279987374995
					],
					[
						69.40598174929619,
						41.36187282151906
					],
					[
						69.40659061074257,
						41.36210131189253
					],
					[
						69.4084145128727,
						41.35849066754443
					],
					[
						69.40928891301155,
						41.35723640743686
					],
					[
						69.4105052947998,
						41.354804322177415
					],
					[
						69.41096127033234,
						41.35252415971431
					],
					[
						69.41202610731125,
						41.35024291063485
					],
					[
						69.41141724586487,
						41.34689941748843
					],
					[
						69.40852850675583,
						41.3427935623111
					],
					[
						69.41080838441849,
						41.3427935623111
					],
					[
						69.41734626889229,
						41.34324966935398
					],
					[
						69.42768350243568,
						41.34340170432503
					],
					[
						69.43483024835587,
						41.344009840659595
					],
					[
						69.44243162870407,
						41.344313906697124
					],
					[
						69.44851219654083,
						41.34492203451259
					],
					[
						69.45748150348663,
						41.34522609629059
					],
					[
						69.46614637970924,
						41.34644232920397
					],
					[
						69.47435662150383,
						41.349026748714806
					],
					[
						69.478619992733,
						41.34590066536458
					],
					[
						69.47621136903763,
						41.343789341552196
					],
					[
						69.47454303503036,
						41.3426626700753
					],
					[
						69.47190508246422,
						41.34002463200997
					],
					[
						69.47140619158745,
						41.33934597440205
					],
					[
						69.4712707400322,
						41.3386934897965
					],
					[
						69.4708925485611,
						41.337904055238766
					],
					[
						69.47040975093842,
						41.33704815236925
					],
					[
						69.46955010294914,
						41.335875043693875
					],
					[
						69.46930468082428,
						41.335466212873314
					],
					[
						69.46917727589607,
						41.335008037352736
					],
					[
						69.46884736418724,
						41.33309373509732
					],
					[
						69.46858316659927,
						41.33264762712062
					],
					[
						69.46817144751549,
						41.33242306145269
					],
					[
						69.46762695908546,
						41.33223374091594
					],
					[
						69.46663856506348,
						41.33219446690592
					],
					[
						69.46496620774269,
						41.33219245285346
					],
					[
						69.46448743343353,
						41.33209175015233
					],
					[
						69.4632737338543,
						41.33166376193577
					],
					[
						69.46294650435448,
						41.331446242141
					],
					[
						69.46114540100098,
						41.32997595040828
					],
					[
						69.46069344878197,
						41.32966073971059
					],
					[
						69.46025222539902,
						41.32948651716893
					],
					[
						69.45850744843483,
						41.328953775986434
					],
					[
						69.45726424455643,
						41.32823774080532
					],
					[
						69.45692092180252,
						41.32806250736837
					],
					[
						69.45470675826073,
						41.3272658942511
					],
					[
						69.4545230269432,
						41.327013111061916
					],
					[
						69.4544506072998,
						41.32621144952111
					],
					[
						69.45404961705208,
						41.32535841441205
					],
					[
						69.45353597402573,
						41.32464032543288
					],
					[
						69.45222437381744,
						41.323321961951905
					],
					[
						69.45047557353973,
						41.32199551432802
					],
					[
						69.45015907287598,
						41.32167120032304
					],
					[
						69.44998741149902,
						41.32111422250489
					],
					[
						69.44985866546631,
						41.32013219757752
					],
					[
						69.44979563355446,
						41.31914008557365
					],
					[
						69.44963335990906,
						41.3188479888064
					],
					[
						69.44821044802666,
						41.31807946588634
					],
					[
						69.44563955068588,
						41.31727467266944
					],
					[
						69.44506153464317,
						41.31720920094435
					],
					[
						69.44282323122025,
						41.31719107030116
					],
					[
						69.4413386285305,
						41.31696544409738
					],
					[
						69.44078341126442,
						41.31678413676053
					],
					[
						69.44020539522171,
						41.316287553527786
					],
					[
						69.44002166390419,
						41.31590982541175
					],
					[
						69.44012224674225,
						41.315457556068026
					],
					[
						69.4402925670147,
						41.31501434921242
					],
					[
						69.44066137075424,
						41.31405036389634
					],
					[
						69.44071367383003,
						41.31361822792013
					],
					[
						69.44037973880768,
						41.31323343310126
					],
					[
						69.43917274475098,
						41.312410448076804
					],
					[
						69.43769484758377,
						41.31205989560877
					],
					[
						69.43499520421028,
						41.31174661292877
					],
					[
						69.43451642990112,
						41.31176172306044
					],
					[
						69.43350791931152,
						41.31206392495821
					],
					[
						69.43301036953926,
						41.31214451189436
					],
					[
						69.43258792161942,
						41.31199038929205
					],
					[
						69.43185970187187,
						41.31152902664451
					],
					[
						69.42906349897385,
						41.308978377716215
					],
					[
						69.4285324215889,
						41.308262123046006
					],
					[
						69.42826017737389,
						41.30773726758193
					],
					[
						69.42819446325302,
						41.30689305741572
					],
					[
						69.42832320928574,
						41.30544538279787
					],
					[
						69.42829102277756,
						41.304983973833885
					],
					[
						69.42796245217323,
						41.30440569685405
					],
					[
						69.42693516612053,
						41.303100021258075
					],
					[
						69.42635044455528,
						41.30277561323592
					],
					[
						69.4259923696518,
						41.302635573249404
					],
					[
						69.42571341991425,
						41.30257008682156
					],
					[
						69.42522525787354,
						41.30254389223202
					],
					[
						69.42269325256348,
						41.30256303443312
					],
					[
						69.42224264144897,
						41.30252475002533
					],
					[
						69.42159488797188,
						41.30216809946228
					],
					[
						69.41951751708984,
						41.300608485950846
					],
					[
						69.4189327955246,
						41.30010170428116
					],
					[
						69.41720008850098,
						41.29821358045169
					],
					[
						69.41354557871819,
						41.29397366672609
					],
					[
						69.41192016005516,
						41.29348597836815
					],
					[
						69.41153526306152,
						41.29349907748326
					],
					[
						69.41078156232834,
						41.29367440384772
					],
					[
						69.41042751073837,
						41.29363510660011
					],
					[
						69.4084145128727,
						41.2925307434993
					],
					[
						69.40654635429382,
						41.29154425736601
					],
					[
						69.40604209899902,
						41.29088222511018
					],
					[
						69.40515160560608,
						41.28925281117159
					],
					[
						69.40435498952866,
						41.286953222693484
					],
					[
						69.40347254276276,
						41.28568448427876
					],
					[
						69.40319761633873,
						41.2849891366364
					],
					[
						69.4031573832035,
						41.284214167996765
					],
					[
						69.40302461385727,
						41.28390982148869
					],
					[
						69.40263032913208,
						41.28369617342315
					],
					[
						69.4021663069725,
						41.28358128691002
					],
					[
						69.39913406968117,
						41.28357221691354
					],
					[
						69.39808130264282,
						41.28342608901846
					],
					[
						69.39739868044853,
						41.28310359871287
					],
					[
						69.39559623599052,
						41.28187005858757
					],
					[
						69.39477816224098,
						41.280960005460685
					],
					[
						69.39419209957123,
						41.27953997473375
					],
					[
						69.3937736749649,
						41.27901690381924
					],
					[
						69.39324393868446,
						41.2785784885518
					],
					[
						69.39142271876335,
						41.27735292588292
					],
					[
						69.39047858119011,
						41.276521424949664
					],
					[
						69.38973426818848,
						41.27559315503106
					],
					[
						69.38833951950073,
						41.273742623166186
					],
					[
						69.38789159059525,
						41.273440243692136
					],
					[
						69.38556611537933,
						41.272118828956025
					],
					[
						69.38424110412598,
						41.2711239704644
					],
					[
						69.38241854310036,
						41.26975614128281
					],
					[
						69.38194915652275,
						41.26914126400169
					],
					[
						69.38296303153038,
						41.26663532719297
					],
					[
						69.38389778137207,
						41.26528857323052
					],
					[
						69.38703864812851,
						41.26535812931752
					],
					[
						69.39290463924408,
						41.26636416414496
					],
					[
						69.39552113413811,
						41.26627646433084
					],
					[
						69.39750328660011,
						41.26508494483974
					],
					[
						69.39308166503906,
						41.260835821424706
					],
					[
						69.38279137015343,
						41.25510536761112
					],
					[
						69.3958979845047,
						41.24470780695873
					],
					[
						69.34810370206833,
						41.21303809390224
					],
					[
						69.31313037872314,
						41.18734530509175
					],
					[
						69.28439855575562,
						41.16742953591151
					],
					[
						69.27922859787941,
						41.164997438993396
					],
					[
						69.27451595664024,
						41.164237200890625
					],
					[
						69.26493912935257,
						41.164844988234876
					],
					[
						69.25444900989532,
						41.165756658681545
					],
					[
						69.24441486597061,
						41.166974218698954
					],
					[
						69.23818141222,
						41.166974218698954
					],
					[
						69.2294280230999,
						41.16811805836946
					],
					[
						69.22145918011665,
						41.171685740678896
					],
					[
						69.21259850263596,
						41.17431746329734
					]
				]
			}
		},
		{
			"type": "Feature",
			"properties": {
				"id": "DZWLWTJO",
				"level": 4
			},
			"geometry": {
				"type": "LineString",
				"coordinates": [
					[
						69.17403236031532,
						41.221590700543686
					],
					[
						69.1747297346592,
						41.22295953835692
					],
					[
						69.18521046638489,
						41.23369136351826
					],
					[
						69.18798923492432,
						41.23621570893536
					],
					[
						69.19198036193848,
						41.23881054969581
					],
					[
						69.194865077734,
						41.24057030340376
					],
					[
						69.19929876923561,
						41.234011072264366
					],
					[
						69.21395301818848,
						41.21432942961334
					],
					[
						69.22054588794708,
						41.205740559280144
					],
					[
						69.24517527222633,
						41.21531809128757
					],
					[
						69.24730360507965,
						41.20133218366598
					],
					[
						69.2498879134655,
						41.19722725383201
					],
					[
						69.25232738256454,
						41.19525441449352
					],
					[
						69.2553274333477,
						41.192475183417685
					],
					[
						69.25643652677536,
						41.19351867035712
					],
					[
						69.25894439220428,
						41.195445141711275
					],
					[
						69.25979733467102,
						41.19644317084135
					],
					[
						69.26164671778679,
						41.19787409000111
					],
					[
						69.26246747374535,
						41.19820608299392
					],
					[
						69.26525563001633,
						41.19999619248213
					],
					[
						69.27164599299431,
						41.202824546403406
					],
					[
						69.27770912647247,
						41.204523719877926
					],
					[
						69.28591802716255,
						41.205740559280144
					],
					[
						69.28827568888664,
						41.205412640441324
					],
					[
						69.29382383823395,
						41.20604527008197
					],
					[
						69.31313037872314,
						41.18734530509175
					]
				]
			}
		},
		{
			"type": "Feature",
			"properties": {
				"id": "GYOUXHQB",
				"level": 4
			},
			"geometry": {
				"type": "LineString",
				"coordinates": [
					[
						69.27164599299431,
						41.202824546403406
					],
					[
						69.27615478634834,
						41.20581522364759
					],
					[
						69.2794243991375,
						41.207524408977605
					],
					[
						69.28189873695374,
						41.20860095084649
					],
					[
						69.28309366106987,
						41.210155700295104
					],
					[
						69.28404584527016,
						41.210962823662044
					],
					[
						69.2844495177269,
						41.211218074354406
					],
					[
						69.28764939308167,
						41.21228749330575
					],
					[
						69.2889516055584,
						41.21455036652887
					],
					[
						69.28939014673233,
						41.21565201343648
					],
					[
						69.290322214365,
						41.21699373781601
					],
					[
						69.29064273834229,
						41.218809561568236
					],
					[
						69.29169684648514,
						41.22046595237907
					],
					[
						69.29264903068542,
						41.222912128830586
					],
					[
						69.29350063204765,
						41.22630535365187
					],
					[
						69.3008404970169,
						41.230076629678905
					],
					[
						69.3042978644371,
						41.231252650401615
					],
					[
						69.30576235055923,
						41.23116994637681
					],
					[
						69.31194081902504,
						41.232653559998994
					],
					[
						69.31782156229019,
						41.23729682106364
					],
					[
						69.32227939367294,
						41.237574155714555
					],
					[
						69.32367950677872,
						41.236965026426105
					],
					[
						69.32713150978088,
						41.23687627863873
					],
					[
						69.33053255081177,
						41.23750658701712
					],
					[
						69.33404892683029,
						41.23938335725023
					],
					[
						69.33668151497841,
						41.24261438189214
					],
					[
						69.3397244811058,
						41.244263111001004
					],
					[
						69.34747874736786,
						41.24645126826809
					],
					[
						69.35209348797798,
						41.24856877004973
					],
					[
						69.355878084898,
						41.2517963157415
					],
					[
						69.36673164367676,
						41.267858067023695
					],
					[
						69.37001064419746,
						41.267489130624625
					],
					[
						69.37379658222198,
						41.26925718393207
					],
					[
						69.37688112258911,
						41.27200694593094
					],
					[
						69.37806263566017,
						41.2723587216428
					],
					[
						69.37985435128212,
						41.27217325846647
					],
					[
						69.38120350241661,
						41.270036362122795
					],
					[
						69.38194915652275,
						41.26914126400169
					]
				]
			}
		},
		{
			"type": "Feature",
			"properties": {
				"id": "XJGZZRTP",
				"level": 4
			},
			"geometry": {
				"type": "LineString",
				"coordinates": [
					[
						69.194865077734,
						41.24057030340376
					],
					[
						69.21531423926353,
						41.25302639115921
					],
					[
						69.21620339155197,
						41.25357890930019
					],
					[
						69.21944618225098,
						41.25522030424332
					],
					[
						69.23155099153519,
						41.261226974113754
					],
					[
						69.23247501254082,
						41.261685668225994
					],
					[
						69.23523634672165,
						41.262819788189205
					],
					[
						69.23592567443848,
						41.26301737507484
					],
					[
						69.24141883850098,
						41.263869209650494
					],
					[
						69.25677582621574,
						41.26625025516813
					],
					[
						69.2630723118782,
						41.266476056840304
					],
					[
						69.2657920718193,
						41.26777440130172
					],
					[
						69.26767766475677,
						41.268322762636274
					],
					[
						69.27626743912697,
						41.269645262201095
					],
					[
						69.27815437316895,
						41.27050910606556
					],
					[
						69.2806501686573,
						41.271132034221324
					],
					[
						69.28285360336304,
						41.27151203763697
					],
					[
						69.28441196680069,
						41.2713598349429
					],
					[
						69.28703516721725,
						41.27044761930716
					],
					[
						69.29068431258202,
						41.26733087038281
					],
					[
						69.2937621474266,
						41.26512728346833
					],
					[
						69.29573759436607,
						41.264403490755285
					],
					[
						69.29744884371758,
						41.264403490755285
					],
					[
						69.29756283760071,
						41.26349218601368
					],
					[
						69.2979048192501,
						41.26315044345688
					],
					[
						69.29904475808144,
						41.262959913644266
					],
					[
						69.30022358894348,
						41.263035520779255
					],
					[
						69.30159151554108,
						41.2626564761284
					],
					[
						69.30242836475372,
						41.262085888808514
					],
					[
						69.30330142378807,
						41.262199805049846
					],
					[
						69.30706456303596,
						41.264366192027666
					],
					[
						69.30831849575043,
						41.26459401635606
					],
					[
						69.3100418150425,
						41.26234598046662
					],
					[
						69.31094035506248,
						41.26094570733943
					],
					[
						69.30881336331367,
						41.25984381544055
					],
					[
						69.30242836475372,
						41.25722057254325
					],
					[
						69.2992351949215,
						41.25699272249159
					],
					[
						69.29984271526337,
						41.25581514849401
					],
					[
						69.3006406724453,
						41.25608131433668
					],
					[
						69.30102154612541,
						41.25577683665463
					],
					[
						69.30092632770538,
						41.254827099137714
					],
					[
						69.3006406724453,
						41.2542574516454
					],
					[
						69.30181950330734,
						41.25248899220691
					],
					[
						69.30140241980553,
						41.24441336008712
					],
					[
						69.31241422891617,
						41.244025131875816
					],
					[
						69.3158595263958,
						41.242594213694446
					],
					[
						69.32075589895248,
						41.23823672864398
					],
					[
						69.32227939367294,
						41.237574155714555
					]
				]
			}
		},
		{
			"type": "Feature",
			"properties": {
				"id": "TJIAIWTZ",
				"level": 4
			},
			"geometry": {
				"type": "LineString",
				"coordinates": [
					[
						69.33053255081177,
						41.23750658701712
					],
					[
						69.31113213300705,
						41.27237384090026
					],
					[
						69.30864974856377,
						41.2770767679599
					],
					[
						69.30830910801888,
						41.2775534924011
					],
					[
						69.30688753724098,
						41.279063264801806
					],
					[
						69.30658712983131,
						41.27944120636573
					],
					[
						69.30645033717155,
						41.27978487932796
					],
					[
						69.30628806352615,
						41.28062742473975
					],
					[
						69.30586695671082,
						41.28187005858757
					],
					[
						69.30530771613121,
						41.283398878960526
					],
					[
						69.30345296859741,
						41.286567262784246
					],
					[
						69.29958119988441,
						41.291497905250225
					],
					[
						69.29906487464905,
						41.29210249547799
					],
					[
						69.2852957546711,
						41.30577279984206
					],
					[
						69.28232252597809,
						41.30845352801802
					],
					[
						69.28080171346664,
						41.309946467515005
					],
					[
						69.28146690130234,
						41.310602262114685
					],
					[
						69.28536415100098,
						41.309550569886085
					],
					[
						69.29208040237427,
						41.307495490131004
					],
					[
						69.29479748010635,
						41.306944435673785
					],
					[
						69.29815828800201,
						41.30726076366466
					],
					[
						69.29816231131554,
						41.30828730794286
					],
					[
						69.29762989282608,
						41.31039776773227
					],
					[
						69.29822534322739,
						41.31049749659988
					],
					[
						69.29901659488678,
						41.310763439501045
					],
					[
						69.29987624287605,
						41.31199945533757
					],
					[
						69.3000291287899,
						41.31211328446841
					],
					[
						69.30044755339622,
						41.31216969529146
					],
					[
						69.3010738492012,
						41.31182317089312
					],
					[
						69.30130183696747,
						41.31184231037017
					],
					[
						69.30172026157379,
						41.312493049246
					],
					[
						69.3020997941494,
						41.31266429523899
					],
					[
						69.30234655737877,
						41.31266429523899
					],
					[
						69.30274620652199,
						41.31203672684478
					],
					[
						69.30308818817139,
						41.311903758126874
					],
					[
						69.30434212088585,
						41.311961176470135
					],
					[
						69.30608958005905,
						41.31249103458458
					],
					[
						69.30781558156013,
						41.31217070262716
					],
					[
						69.31013703346252,
						41.315639874376984
					],
					[
						69.31158944964409,
						41.31870395440134
					],
					[
						69.31529358029366,
						41.31744993511751
					],
					[
						69.32289898395538,
						41.31510198353425
					],
					[
						69.32688742876053,
						41.31505564816035
					],
					[
						69.32718649506569,
						41.31501434921242
					],
					[
						69.32754591107368,
						41.314888437624234
					],
					[
						69.33153033256531,
						41.31295138310031
					],
					[
						69.33212578296661,
						41.31261594347478
					],
					[
						69.34053853154182,
						41.305687167850834
					],
					[
						69.34135258197784,
						41.306724818522724
					],
					[
						69.342370480299,
						41.30841625446226
					],
					[
						69.34249386191368,
						41.30887260220527
					],
					[
						69.34259578585625,
						41.31001799074883
					],
					[
						69.3428935110569,
						41.31046022421265
					],
					[
						69.3433253467083,
						41.310648600654076
					],
					[
						69.34629991650581,
						41.31137792463096
					],
					[
						69.3510165810585,
						41.31339561129923
					],
					[
						69.35448870062828,
						41.315733551541854
					],
					[
						69.36209678649902,
						41.32110314333184
					],
					[
						69.36527252197266,
						41.32313664363309
					],
					[
						69.37551856040955,
						41.33062147298804
					],
					[
						69.37852665781975,
						41.334052403753304
					],
					[
						69.37878549098969,
						41.33446627840311
					],
					[
						69.37981143593788,
						41.33700686735827
					],
					[
						69.3808950483799,
						41.33769058404644
					],
					[
						69.38386023044586,
						41.338490090481145
					],
					[
						69.38711106777191,
						41.33866126816514
					],
					[
						69.3901339173317,
						41.33831891234726
					],
					[
						69.392529129982,
						41.33757679958734
					],
					[
						69.39441069960594,
						41.33729183409619
					],
					[
						69.39753413200378,
						41.33769058404644
					],
					[
						69.40158292651176,
						41.339287573268535
					],
					[
						69.40852850675583,
						41.3427935623111
					]
				]
			}
		},
		{
			"type": "Feature",
			"properties": {
				"id": "PYNPJYMB",
				"level": 4
			},
			"geometry": {
				"type": "LineString",
				"coordinates": [
					[
						69.28146690130234,
						41.310602262114685
					],
					[
						69.28159967064857,
						41.31127718976066
					],
					[
						69.28137168288231,
						41.31195110308025
					],
					[
						69.28011775016785,
						41.31268343446908
					],
					[
						69.28074538707733,
						41.31513421681839
					],
					[
						69.28277850151062,
						41.31442205898273
					],
					[
						69.28538158535957,
						41.31724445495831
					],
					[
						69.28604677319527,
						41.31811774116099
					],
					[
						69.29066553711891,
						41.31762418984292
					],
					[
						69.29134950041771,
						41.31800392251512
					],
					[
						69.2920133471489,
						41.318820793523514
					],
					[
						69.29129183292389,
						41.3193153430056
					],
					[
						69.29174780845642,
						41.32262197966833
					],
					[
						69.29311573505402,
						41.32262197966833
					],
					[
						69.29287567734718,
						41.323265560780214
					],
					[
						69.29387614130974,
						41.324921317714995
					],
					[
						69.29429456591606,
						41.32503512428019
					],
					[
						69.2947693169117,
						41.32562429668292
					],
					[
						69.29526284337044,
						41.32592844855634
					],
					[
						69.29608091711998,
						41.32617519323841
					],
					[
						69.29655566811562,
						41.32663141665887
					],
					[
						69.29672732949257,
						41.32727697237638
					],
					[
						69.29653689265251,
						41.32753378293501
					],
					[
						69.29617881774902,
						41.32778253572667
					],
					[
						69.29604336619377,
						41.32804740101551
					],
					[
						69.29642289876938,
						41.32880674268134
					],
					[
						69.29632768034935,
						41.329282082031796
					],
					[
						69.29691642522812,
						41.329890350209894
					],
					[
						69.2975440621376,
						41.330327413573286
					],
					[
						69.297886043787,
						41.33034554056189
					],
					[
						69.2985512316227,
						41.32992761148657
					],
					[
						69.29900720715523,
						41.32990948438166
					],
					[
						69.30051863193512,
						41.33069800878238
					],
					[
						69.30071711540222,
						41.330993073569175
					],
					[
						69.30083110928535,
						41.33156305841737
					],
					[
						69.30077344179153,
						41.33251268640848
					],
					[
						69.30012837052345,
						41.33310179119522
					],
					[
						69.30470824241638,
						41.333862080951405
					],
					[
						69.30351063609123,
						41.336200293967096
					],
					[
						69.30481687188148,
						41.33622848896073
					],
					[
						69.30561617016792,
						41.33672189937357
					],
					[
						69.30462643504143,
						41.339002615262444
					],
					[
						69.30523529648781,
						41.339497011573485
					],
					[
						69.30733680725098,
						41.34052506194746
					],
					[
						69.30877044796944,
						41.34075060657773
					],
					[
						69.30975750088692,
						41.33957253002782
					],
					[
						69.31051790714264,
						41.33835616880293
					],
					[
						69.31108921766281,
						41.33672189937357
					],
					[
						69.31124076247215,
						41.3359243851711
					],
					[
						69.3134830892086,
						41.3321229680063
					],
					[
						69.31466057896614,
						41.33253181981007
					],
					[
						69.3162189424038,
						41.33321558347174
					],
					[
						69.31675136089325,
						41.33378554887429
					],
					[
						69.3169417977333,
						41.3343937750048
					],
					[
						69.31697934865952,
						41.33511578441332
					],
					[
						69.31679025292397,
						41.335799520952264
					],
					[
						69.3162189424038,
						41.33625668394217
					],
					[
						69.31576296687126,
						41.33694141545797
					],
					[
						69.31564897298813,
						41.33815679617041
					],
					[
						69.31629538536072,
						41.33925031734566
					],
					[
						69.31736022233963,
						41.34012431554365
					],
					[
						69.31861415505409,
						41.34088351644047
					],
					[
						69.31895613670349,
						41.34156819931431
					],
					[
						69.31903257966042,
						41.34225186811898
					],
					[
						69.31941211223602,
						41.34358193075141
					],
					[
						69.32097047567368,
						41.34487471351221
					],
					[
						69.32188242673874,
						41.34597718320629
					],
					[
						69.32233840227127,
						41.34692660105188
					],
					[
						69.32302236557007,
						41.34726891161975
					],
					[
						69.32473361492157,
						41.347497453261724
					],
					[
						69.32541757822037,
						41.34802903600439
					],
					[
						69.3258735537529,
						41.35027210629573
					],
					[
						69.32574346661568,
						41.3511157545654
					],
					[
						69.32655081152916,
						41.351329181750515
					],
					[
						69.3317261338234,
						41.351222468245425
					],
					[
						69.33380484580994,
						41.35066977002839
					],
					[
						69.33510839939117,
						41.35228556856259
					],
					[
						69.33742716908455,
						41.353730189369145
					],
					[
						69.34111386537552,
						41.35528853182723
					],
					[
						69.34356540441513,
						41.35582307093742
					]
				]
			}
		},
		{
			"type": "Feature",
			"properties": {
				"id": "HYHHSSQQ",
				"level": 4
			},
			"geometry": {
				"type": "LineString",
				"coordinates": [
					[
						69.2630723118782,
						41.266476056840304
					],
					[
						69.26411971449852,
						41.268466908325564
					],
					[
						69.26949486136436,
						41.27441894018662
					],
					[
						69.27283957600594,
						41.27795361572436
					],
					[
						69.26898255944252,
						41.280165840203466
					],
					[
						69.26518052816391,
						41.2852320052782
					],
					[
						69.26634058356285,
						41.285650220945286
					],
					[
						69.26575049757957,
						41.28745607565162
					],
					[
						69.26634058356285,
						41.28753165441853
					],
					[
						69.26751807332039,
						41.28853936294516
					],
					[
						69.26913410425186,
						41.289565194238634
					],
					[
						69.26911532878876,
						41.29064844651376
					],
					[
						69.27152797579765,
						41.292720179374186
					],
					[
						69.27008360624313,
						41.29399281144262
					],
					[
						69.26904559135437,
						41.29548608202123
					],
					[
						69.26728740334511,
						41.30101854298809
					],
					[
						69.26645457744598,
						41.30193637629972
					],
					[
						69.26900133490562,
						41.30900557710558
					],
					[
						69.27052080631256,
						41.312350008130636
					],
					[
						69.27158564329147,
						41.31212235049685
					],
					[
						69.27253514528275,
						41.311779855213814
					],
					[
						69.27945256233215,
						41.309918261147715
					],
					[
						69.28080171346664,
						41.309946467515005
					]
				]
			}
		},
		{
			"type": "Feature",
			"properties": {
				"id": "CQQWAIXS",
				"level": 4
			},
			"geometry": {
				"type": "LineString",
				"coordinates": [
					[
						69.21531423926353,
						41.25302639115921
					],
					[
						69.21493604779243,
						41.25368174975219
					],
					[
						69.21433925628662,
						41.25423930350206
					],
					[
						69.2139221727848,
						41.25553184199259
					],
					[
						69.2142802476883,
						41.25650576595561
					],
					[
						69.21519488096237,
						41.257479675397235
					],
					[
						69.21577155590057,
						41.25922985296884
					],
					[
						69.21678140759468,
						41.260533382172525
					],
					[
						69.21710461378098,
						41.261308631982644
					],
					[
						69.21823650598526,
						41.26238227224354
					],
					[
						69.2184765636921,
						41.26363533428187
					],
					[
						69.21835586428642,
						41.26470893629093
					],
					[
						69.22072291374207,
						41.2668470150351
					],
					[
						69.22106087207794,
						41.268079831069144
					],
					[
						69.22129958868027,
						41.26863726191175
					],
					[
						69.22179713845253,
						41.26917352000302
					],
					[
						69.22165766358376,
						41.269531358948285
					],
					[
						69.22237247228622,
						41.27012808882708
					],
					[
						69.22293037176132,
						41.270863913769574
					],
					[
						69.22320932149887,
						41.27193840488388
					],
					[
						69.22509491443634,
						41.273625703268976
					],
					[
						69.22601357102394,
						41.27565060534411
					],
					[
						69.22796085476875,
						41.27708281522621
					],
					[
						69.22985047101974,
						41.27896651140958
					],
					[
						69.23114329576492,
						41.279425080903735
					],
					[
						69.23195868730545,
						41.279942101546084
					],
					[
						69.23275396227837,
						41.280101339047576
					],
					[
						69.23422649502754,
						41.280955974189396
					],
					[
						69.23466235399246,
						41.28135406103027
					],
					[
						69.23515990376472,
						41.28606238749825
					],
					[
						69.23539862036705,
						41.286399979190094
					],
					[
						69.23592567443848,
						41.28660354109746
					],
					[
						69.23691004514694,
						41.28719003769564
					],
					[
						69.23762619495392,
						41.28840433090562
					],
					[
						69.23800438642502,
						41.289557132758915
					],
					[
						69.23766642808914,
						41.291560379833356
					],
					[
						69.23788502812386,
						41.29203800612066
					],
					[
						69.23957481980324,
						41.29352930620041
					],
					[
						69.24009248614311,
						41.293768112573446
					],
					[
						69.24056857824326,
						41.294801922483714
					],
					[
						69.24150466918945,
						41.29505986860124
					],
					[
						69.2419807612896,
						41.29589113332875
					],
					[
						69.24200087785721,
						41.29736219403577
					],
					[
						69.24297586083412,
						41.297560683933284
					],
					[
						69.24794733524323,
						41.299883071609315
					],
					[
						69.24913957715034,
						41.300738455168045
					],
					[
						69.25063893198967,
						41.30145076247953
					],
					[
						69.25158441066742,
						41.30208145524571
					],
					[
						69.25252854824066,
						41.30239377688133
					],
					[
						69.25355449318886,
						41.30341334548652
					],
					[
						69.25369396805763,
						41.30444700252269
					],
					[
						69.25789833068848,
						41.30854923029332
					],
					[
						69.25841867923737,
						41.30925238586079
					],
					[
						69.25892427563667,
						41.31013383807377
					],
					[
						69.25981879234314,
						41.310572041310394
					],
					[
						69.25998240709305,
						41.311076726905725
					],
					[
						69.26278665661812,
						41.31088734434587
					],
					[
						69.26415458321571,
						41.31069695387745
					],
					[
						69.26533341407776,
						41.310317178636865
					],
					[
						69.26761329174042,
						41.30944278054784
					],
					[
						69.26900133490562,
						41.30900557710558
					]
				]
			}
		},
		{
			"type": "Feature",
			"properties": {
				"id": "ZQRGKKSG",
				"level": 4
			},
			"geometry": {
				"type": "LineString",
				"coordinates": [
					[
						69.14892554283142,
						41.261415492743254
					],
					[
						69.15115982294083,
						41.26176329306472
					],
					[
						69.1605395078659,
						41.26522506543421
					],
					[
						69.16253238916397,
						41.26656476442642
					],
					[
						69.16431739926338,
						41.268851967277726
					],
					[
						69.16766345500946,
						41.267900403854156
					],
					[
						69.17126566171646,
						41.269971850956836
					],
					[
						69.17206361889839,
						41.26899913580621
					],
					[
						69.17646646499634,
						41.27136185087497
					],
					[
						69.19266432523727,
						41.27498941973636
					],
					[
						69.19616058468819,
						41.276621205620984
					],
					[
						69.19825941324234,
						41.27859159065997
					],
					[
						69.19447749853134,
						41.28104163865132
					],
					[
						69.19404029846191,
						41.30276453094578
					],
					[
						69.19311627745628,
						41.32461716114051
					],
					[
						69.19361516833305,
						41.326071459873674
					],
					[
						69.16949540376663,
						41.32831226522765
					],
					[
						69.16751727461815,
						41.32817932971204
					],
					[
						69.16743010282516,
						41.32967785981958
					],
					[
						69.16761517524719,
						41.33047746460488
					],
					[
						69.16683062911034,
						41.331089749795666
					],
					[
						69.16564777493477,
						41.33140394654097
					],
					[
						69.1646634042263,
						41.33150263623159
					],
					[
						69.16410818696022,
						41.331304249660946
					],
					[
						69.1628247499466,
						41.33024886323102
					],
					[
						69.16151314973831,
						41.32882285593641
					],
					[
						69.16013047099113,
						41.328579142527246
					]
				]
			}
		},
		{
			"type": "Feature",
			"properties": {
				"id": "RYSXGMDN",
				"level": 4
			},
			"geometry": {
				"type": "LineString",
				"coordinates": [
					[
						69.16521459817886,
						41.34827771053219
					],
					[
						69.1708043217659,
						41.348269656311345
					],
					[
						69.17478740215302,
						41.34857974309426
					],
					[
						69.1778290271759,
						41.349365021198395
					],
					[
						69.18285951018333,
						41.3495935554827
					],
					[
						69.18673932552338,
						41.350060689145124
					],
					[
						69.1883111000061,
						41.35005867564516
					],
					[
						69.19710874557495,
						41.34822837841392
					],
					[
						69.20705437660217,
						41.34530764904255
					],
					[
						69.20515403151512,
						41.34049384812016
					],
					[
						69.2052572965622,
						41.33978297432532
					],
					[
						69.23202842473984,
						41.325044188511356
					],
					[
						69.23554345965385,
						41.32921360115273
					],
					[
						69.23602759838104,
						41.32923273552322
					],
					[
						69.23715144395828,
						41.32897190335726
					],
					[
						69.23930659890175,
						41.32885105412328
					],
					[
						69.24053236842155,
						41.32722963855511
					],
					[
						69.24137055873871,
						41.325634367959765
					],
					[
						69.24304157495499,
						41.325937512663245
					],
					[
						69.24326956272125,
						41.32662235264854
					],
					[
						69.24486547708511,
						41.327306178334055
					],
					[
						69.2458538711071,
						41.32677442643333
					],
					[
						69.25659209489822,
						41.33740964683557
					],
					[
						69.2579573392868,
						41.33801884606234
					],
					[
						69.26069051027298,
						41.34061870333966
					],
					[
						69.26329761743546,
						41.34411555914491
					],
					[
						69.26427394151688,
						41.34542846774656
					],
					[
						69.26597848534584,
						41.34741187608887
					],
					[
						69.26282152533531,
						41.349380122607585
					],
					[
						69.26987037062645,
						41.3559770898664
					],
					[
						69.25970479846,
						41.364624718299694
					],
					[
						69.24605637788773,
						41.37426651069373
					],
					[
						69.23839062452316,
						41.38126547618444
					],
					[
						69.22808557748795,
						41.39531145014854
					]
				]
			}
		},
		{
			"type": "Feature",
			"properties": {
				"id": "YBLMSWRF",
				"level": 4
			},
			"geometry": {
				"type": "LineString",
				"coordinates": [
					[
						69.19404029846191,
						41.30276453094578
					],
					[
						69.20005515217781,
						41.30083920632097
					],
					[
						69.20109182596207,
						41.30061553855066
					],
					[
						69.21732053160667,
						41.30088152175881
					],
					[
						69.21960040926933,
						41.30099637780879
					],
					[
						69.2222611606121,
						41.302062312903274
					],
					[
						69.22351777553558,
						41.30213888223935
					],
					[
						69.2316783964634,
						41.29975310068744
					],
					[
						69.24008712172508,
						41.30996460017326
					],
					[
						69.2409373819828,
						41.31181712684656
					],
					[
						69.25998240709305,
						41.311076726905725
					]
				]
			}
		},
		{
			"type": "Feature",
			"properties": {
				"id": "YCYVBHDC",
				"level": 4
			},
			"geometry": {
				"type": "LineString",
				"coordinates": [
					[
						69.25998240709305,
						41.311076726905725
					],
					[
						69.26010712981224,
						41.31161868034036
					],
					[
						69.26045849919319,
						41.311989381953566
					],
					[
						69.26110491156578,
						41.312217040051706
					],
					[
						69.26214963197708,
						41.312188834666756
					],
					[
						69.2630723118782,
						41.31226539211178
					],
					[
						69.26336601376534,
						41.312416492068365
					],
					[
						69.2636127769947,
						41.31308233503822
					],
					[
						69.26423102617264,
						41.313546708636096
					],
					[
						69.26499143242836,
						41.315296390287386
					],
					[
						69.26559895277023,
						41.31715783077556
					],
					[
						69.26620379090309,
						41.31776319038812
					],
					[
						69.26673889160156,
						41.31852567361295
					],
					[
						69.26708087325096,
						41.31970513801801
					],
					[
						69.26806792616844,
						41.322011629267564
					],
					[
						69.26894634962082,
						41.32249507560027
					],
					[
						69.26937013864517,
						41.32328368973356
					],
					[
						69.26981806755066,
						41.324759168194674
					],
					[
						69.27095264196396,
						41.32620238545232
					],
					[
						69.27027404308319,
						41.32761032235666
					],
					[
						69.27061602473259,
						41.32863553909968
					],
					[
						69.27274838089943,
						41.329830933535504
					],
					[
						69.27297234535217,
						41.33194270986894
					],
					[
						69.27289590239525,
						41.333500566796374
					],
					[
						69.2737703025341,
						41.335059393450564
					],
					[
						69.2740747332573,
						41.33608549993846
					],
					[
						69.27475869655609,
						41.33745395242602
					],
					[
						69.26329761743546,
						41.34411555914491
					]
				]
			}
		},
		{
			"type": "Feature",
			"bbox": [
				69.17403236031532,
				41.164237200890625,
				69.31313037872314,
				41.24057030340376
			],
			"properties": {
				"id": "XNTDHKOT",
				"name": "Yangihayot",
				"area": 44318751.725841545,
				"population": 188221
			},
			"geometry": {
				"type": "Polygon",
				"coordinates": [
					[
						[
							69.21259850263596,
							41.17431746329734
						],
						[
							69.22145918011665,
							41.171685740678896
						],
						[
							69.2294280230999,
							41.16811805836946
						],
						[
							69.23818141222,
							41.166974218698954
						],
						[
							69.24441486597061,
							41.166974218698954
						],
						[
							69.25444900989532,
							41.165756658681545
						],
						[
							69.26493912935257,
							41.164844988234876
						],
						[
							69.27451595664024,
							41.164237200890625
						],
						[
							69.27922859787941,
							41.164997438993396
						],
						[
							69.28439855575562,
							41.16742953591151
						],
						[
							69.31313037872314,
							41.18734530509175
						],
						[
							69.29382383823395,
							41.20604527008197
						],
						[
							69.28827568888664,
							41.205412640441324
						],
						[
							69.28591802716255,
							41.205740559280144
						],
						[
							69.27770912647247,
							41.204523719877926
						],
						[
							69.27164599299431,
							41.202824546403406
						],
						[
							69.26525563001633,
							41.19999619248213
						],
						[
							69.26246747374535,
							41.19820608299392
						],
						[
							69.26164671778679,
							41.19787409000111
						],
						[
							69.25979733467102,
							41.19644317084135
						],
						[
							69.25894439220428,
							41.195445141711275
						],
						[
							69.25643652677536,
							41.19351867035712
						],
						[
							69.2553274333477,
							41.192475183417685
						],
						[
							69.25232738256454,
							41.19525441449352
						],
						[
							69.2498879134655,
							41.19722725383201
						],
						[
							69.24730360507965,
							41.20133218366598
						],
						[
							69.24517527222633,
							41.21531809128757
						],
						[
							69.22054588794708,
							41.205740559280144
						],
						[
							69.21395301818848,
							41.21432942961334
						],
						[
							69.19929876923561,
							41.234011072264366
						],
						[
							69.194865077734,
							41.24057030340376
						],
						[
							69.19198036193848,
							41.23881054969581
						],
						[
							69.18798923492432,
							41.23621570893536
						],
						[
							69.18521046638489,
							41.23369136351826
						],
						[
							69.1747297346592,
							41.22295953835692
						],
						[
							69.17403236031532,
							41.221590700543686
						],
						[
							69.17591124773026,
							41.22087853040961
						],
						[
							69.1750194132328,
							41.21922114127719
						],
						[
							69.17888447642326,
							41.21759700040997
						],
						[
							69.18308347463608,
							41.21650749201007
						],
						[
							69.18147549033165,
							41.21455843726963
						],
						[
							69.18588370084763,
							41.21121403877808
						],
						[
							69.18223455548286,
							41.207564767005465
						],
						[
							69.18618813157082,
							41.205589212327965
						],
						[
							69.18497174978256,
							41.20087609306492
						],
						[
							69.18603658676147,
							41.19783473509699
						],
						[
							69.1892284154892,
							41.194795254097386
						],
						[
							69.19095039367676,
							41.19293536926318
						],
						[
							69.19425085186958,
							41.18873201654358
						],
						[
							69.19880658388138,
							41.183696720923365
						],
						[
							69.20412674546242,
							41.17837638782609
						],
						[
							69.20944824814796,
							41.17533499398874
						],
						[
							69.21259850263596,
							41.17431746329734
						]
					]
				]
			}
		},
		{
			"type": "Feature",
			"bbox": [
				69.14892554283142,
				41.221590700543686,
				69.25998240709305,
				41.31181712684656
			],
			"properties": {
				"id": "AKXKHAAV",
				"name": "Chilonzor",
				"area": 30822548.274029322,
				"population": 276680
			},
			"geometry": {
				"type": "Polygon",
				"coordinates": [
					[
						[
							69.17403236031532,
							41.221590700543686
						],
						[
							69.1747297346592,
							41.22295953835692
						],
						[
							69.18521046638489,
							41.23369136351826
						],
						[
							69.18798923492432,
							41.23621570893536
						],
						[
							69.19198036193848,
							41.23881054969581
						],
						[
							69.194865077734,
							41.24057030340376
						],
						[
							69.21531423926353,
							41.25302639115921
						],
						[
							69.21493604779243,
							41.25368174975219
						],
						[
							69.21433925628662,
							41.25423930350206
						],
						[
							69.2139221727848,
							41.25553184199259
						],
						[
							69.2142802476883,
							41.25650576595561
						],
						[
							69.21519488096237,
							41.257479675397235
						],
						[
							69.21577155590057,
							41.25922985296884
						],
						[
							69.21678140759468,
							41.260533382172525
						],
						[
							69.21710461378098,
							41.261308631982644
						],
						[
							69.21823650598526,
							41.26238227224354
						],
						[
							69.2184765636921,
							41.26363533428187
						],
						[
							69.21835586428642,
							41.26470893629093
						],
						[
							69.22072291374207,
							41.2668470150351
						],
						[
							69.22106087207794,
							41.268079831069144
						],
						[
							69.22129958868027,
							41.26863726191175
						],
						[
							69.22179713845253,
							41.26917352000302
						],
						[
							69.22165766358376,
							41.269531358948285
						],
						[
							69.22237247228622,
							41.27012808882708
						],
						[
							69.22293037176132,
							41.270863913769574
						],
						[
							69.22320932149887,
							41.27193840488388
						],
						[
							69.22509491443634,
							41.273625703268976
						],
						[
							69.22601357102394,
							41.27565060534411
						],
						[
							69.22796085476875,
							41.27708281522621
						],
						[
							69.22985047101974,
							41.27896651140958
						],
						[
							69.23114329576492,
							41.279425080903735
						],
						[
							69.23195868730545,
							41.279942101546084
						],
						[
							69.23275396227837,
							41.280101339047576
						],
						[
							69.23422649502754,
							41.280955974189396
						],
						[
							69.23466235399246,
							41.28135406103027
						],
						[
							69.23515990376472,
							41.28606238749825
						],
						[
							69.23539862036705,
							41.286399979190094
						],
						[
							69.23592567443848,
							41.28660354109746
						],
						[
							69.23691004514694,
							41.28719003769564
						],
						[
							69.23762619495392,
							41.28840433090562
						],
						[
							69.23800438642502,
							41.289557132758915
						],
						[
							69.23766642808914,
							41.291560379833356
						],
						[
							69.23788502812386,
							41.29203800612066
						],
						[
							69.23957481980324,
							41.29352930620041
						],
						[
							69.24009248614311,
							41.293768112573446
						],
						[
							69.24056857824326,
							41.294801922483714
						],
						[
							69.24150466918945,
							41.29505986860124
						],
						[
							69.2419807612896,
							41.29589113332875
						],
						[
							69.24200087785721,
							41.29736219403577
						],
						[
							69.24297586083412,
							41.297560683933284
						],
						[
							69.24794733524323,
							41.299883071609315
						],
						[
							69.24913957715034,
							41.300738455168045
						],
						[
							69.25063893198967,
							41.30145076247953
						],
						[
							69.25158441066742,
							41.30208145524571
						],
						[
							69.25252854824066,
							41.30239377688133
						],
						[
							69.25355449318886,
							41.30341334548652
						],
						[
							69.25369396805763,
							41.30444700252269
						],
						[
							69.25789833068848,
							41.30854923029332
						],
						[
							69.25841867923737,
							41.30925238586079
						],
						[
							69.25892427563667,
							41.31013383807377
						],
						[
							69.25981879234314,
							41.310572041310394
						],
						[
							69.25998240709305,
							41.311076726905725
						],
						[
							69.2409373819828,
							41.31181712684656
						],
						[
							69.24008712172508,
							41.30996460017326
						],
						[
							69.2316783964634,
							41.29975310068744
						],
						[
							69.22351777553558,
							41.30213888223935
						],
						[
							69.2222611606121,
							41.302062312903274
						],
						[
							69.21960040926933,
							41.30099637780879
						],
						[
							69.21732053160667,
							41.30088152175881
						],
						[
							69.20109182596207,
							41.30061553855066
						],
						[
							69.20005515217781,
							41.30083920632097
						],
						[
							69.19404029846191,
							41.30276453094578
						],
						[
							69.19447749853134,
							41.28104163865132
						],
						[
							69.19825941324234,
							41.27859159065997
						],
						[
							69.19616058468819,
							41.276621205620984
						],
						[
							69.19266432523727,
							41.27498941973636
						],
						[
							69.17646646499634,
							41.27136185087497
						],
						[
							69.17206361889839,
							41.26899913580621
						],
						[
							69.17126566171646,
							41.269971850956836
						],
						[
							69.16766345500946,
							41.267900403854156
						],
						[
							69.16431739926338,
							41.268851967277726
						],
						[
							69.16253238916397,
							41.26656476442642
						],
						[
							69.1605395078659,
							41.26522506543421
						],
						[
							69.15115982294083,
							41.26176329306472
						],
						[
							69.14892554283142,
							41.261415492743254
						],
						[
							69.1501472890377,
							41.259946646029135
						],
						[
							69.16359454393387,
							41.25052991881975
						],
						[
							69.16385740041733,
							41.25002678138182
						],
						[
							69.1673094034195,
							41.2400227174999
						],
						[
							69.16384130716324,
							41.236575745463995
						],
						[
							69.16297495365143,
							41.234342881896254
						],
						[
							69.16391104459763,
							41.23207060774433
						],
						[
							69.16793301701546,
							41.229853727997664
						],
						[
							69.17127639055252,
							41.22850621567807
						],
						[
							69.17141988873482,
							41.223194568054396
						],
						[
							69.17403236031532,
							41.221590700543686
						]
					]
				]
			}
		},
		{
			"type": "Feature",
			"bbox": [
				69.12264660000801,
				41.261415492743254,
				69.19825941324234,
				41.33150263623159
			],
			"properties": {
				"id": "UUCHRUAA",
				"name": "Uchtepa",
				"area": 28158473.36876023,
				"population": 301653
			},
			"geometry": {
				"type": "Polygon",
				"coordinates": [
					[
						[
							69.14892554283142,
							41.261415492743254
						],
						[
							69.15115982294083,
							41.26176329306472
						],
						[
							69.1605395078659,
							41.26522506543421
						],
						[
							69.16253238916397,
							41.26656476442642
						],
						[
							69.16431739926338,
							41.268851967277726
						],
						[
							69.16766345500946,
							41.267900403854156
						],
						[
							69.17126566171646,
							41.269971850956836
						],
						[
							69.17206361889839,
							41.26899913580621
						],
						[
							69.17646646499634,
							41.27136185087497
						],
						[
							69.19266432523727,
							41.27498941973636
						],
						[
							69.19616058468819,
							41.276621205620984
						],
						[
							69.19825941324234,
							41.27859159065997
						],
						[
							69.19447749853134,
							41.28104163865132
						],
						[
							69.19404029846191,
							41.30276453094578
						],
						[
							69.19311627745628,
							41.32461716114051
						],
						[
							69.19361516833305,
							41.326071459873674
						],
						[
							69.16949540376663,
							41.32831226522765
						],
						[
							69.16751727461815,
							41.32817932971204
						],
						[
							69.16743010282516,
							41.32967785981958
						],
						[
							69.16761517524719,
							41.33047746460488
						],
						[
							69.16683062911034,
							41.331089749795666
						],
						[
							69.16564777493477,
							41.33140394654097
						],
						[
							69.1646634042263,
							41.33150263623159
						],
						[
							69.16410818696022,
							41.331304249660946
						],
						[
							69.1628247499466,
							41.33024886323102
						],
						[
							69.16151314973831,
							41.32882285593641
						],
						[
							69.16013047099113,
							41.328579142527246
						],
						[
							69.15891274809837,
							41.32850260424365
						],
						[
							69.15777280926704,
							41.328236733717944
						],
						[
							69.15697485208511,
							41.3273625760084
						],
						[
							69.15609508752823,
							41.327124899764556
						],
						[
							69.1551885008812,
							41.32751464806552
						],
						[
							69.1545045375824,
							41.326792554410474
						],
						[
							69.15477141737938,
							41.325956647995866
						],
						[
							69.15351614356041,
							41.32523453707444
						],
						[
							69.15404856204987,
							41.3245879539775
						],
						[
							69.15359258651733,
							41.32340958510389
						],
						[
							69.15466949343681,
							41.322331912863916
						],
						[
							69.15455013513565,
							41.32171148786486
						],
						[
							69.15278121829033,
							41.320469612939206
						],
						[
							69.14817050099373,
							41.31354973057927
						],
						[
							69.14758041501045,
							41.3129292219771
						],
						[
							69.14757773280144,
							41.31159651876408
						],
						[
							69.14722234010696,
							41.31044309905462
						],
						[
							69.14745569229126,
							41.309910202183374
						],
						[
							69.14828047156334,
							41.309643248426966
						],
						[
							69.1491025686264,
							41.30866508022805
						],
						[
							69.14897784590721,
							41.305645862967765
						],
						[
							69.14803236722946,
							41.30422636950149
						],
						[
							69.14614543318748,
							41.30316349220408
						],
						[
							69.14484858512878,
							41.30192126389093
						],
						[
							69.14189547300339,
							41.29757378223016
						],
						[
							69.13882836699486,
							41.2950034429752
						],
						[
							69.1383509337902,
							41.29242796423057
						],
						[
							69.13398966193199,
							41.28950271774488
						],
						[
							69.13245543837547,
							41.287995202273834
						],
						[
							69.13233608007431,
							41.2871074044734
						],
						[
							69.13492038846016,
							41.28399648984416
						],
						[
							69.13468167185783,
							41.2828415741661
						],
						[
							69.13385286927223,
							41.28044500853369
						],
						[
							69.13396820425987,
							41.279379728020416
						],
						[
							69.13326144218445,
							41.279024966601185
						],
						[
							69.13220196962357,
							41.278938291643186
						],
						[
							69.13138389587402,
							41.27801509541308
						],
						[
							69.12854611873627,
							41.27574534785515
						],
						[
							69.1281907260418,
							41.27459129407441
						],
						[
							69.12653982639313,
							41.273172132720276
						],
						[
							69.1230046749115,
							41.271045348782195
						],
						[
							69.12264660000801,
							41.26820381700264
						],
						[
							69.12488088011742,
							41.26695789886898
						],
						[
							69.12982687354088,
							41.26855057316013
						],
						[
							69.13230121135712,
							41.26961401442583
						],
						[
							69.13465887308121,
							41.27200896184297
						],
						[
							69.1370165348053,
							41.273160037462475
						],
						[
							69.13996294140816,
							41.275465151520194
						],
						[
							69.14149850606918,
							41.27759481507451
						],
						[
							69.14338275790215,
							41.27847971872876
						],
						[
							69.14527103304863,
							41.28043190679759
						],
						[
							69.14633184671402,
							41.28105171681594
						],
						[
							69.14798006415367,
							41.2809610132785
						],
						[
							69.1472652554512,
							41.279226535825956
						],
						[
							69.14693266153336,
							41.27787097080571
						],
						[
							69.14752542972565,
							41.264640387582176
						],
						[
							69.1482925415039,
							41.2622844860208
						],
						[
							69.14892554283142,
							41.261415492743254
						]
					]
				]
			}
		},
		{
			"type": "Feature",
			"bbox": [
				69.16013047099113,
				41.29975310068744,
				69.27475869655609,
				41.350060689145124
			],
			"properties": {
				"id": "CINWWVHR",
				"name": "Shayxontohur",
				"area": 26884597.291361134,
				"population": 369635
			},
			"geometry": {
				"type": "Polygon",
				"coordinates": [
					[
						[
							69.16013047099113,
							41.328579142527246
						],
						[
							69.16151314973831,
							41.32882285593641
						],
						[
							69.1628247499466,
							41.33024886323102
						],
						[
							69.16410818696022,
							41.331304249660946
						],
						[
							69.1646634042263,
							41.33150263623159
						],
						[
							69.16564777493477,
							41.33140394654097
						],
						[
							69.16683062911034,
							41.331089749795666
						],
						[
							69.16761517524719,
							41.33047746460488
						],
						[
							69.16743010282516,
							41.32967785981958
						],
						[
							69.16751727461815,
							41.32817932971204
						],
						[
							69.16949540376663,
							41.32831226522765
						],
						[
							69.19361516833305,
							41.326071459873674
						],
						[
							69.19311627745628,
							41.32461716114051
						],
						[
							69.19404029846191,
							41.30276453094578
						],
						[
							69.20005515217781,
							41.30083920632097
						],
						[
							69.20109182596207,
							41.30061553855066
						],
						[
							69.21732053160667,
							41.30088152175881
						],
						[
							69.21960040926933,
							41.30099637780879
						],
						[
							69.2222611606121,
							41.302062312903274
						],
						[
							69.22351777553558,
							41.30213888223935
						],
						[
							69.2316783964634,
							41.29975310068744
						],
						[
							69.24008712172508,
							41.30996460017326
						],
						[
							69.2409373819828,
							41.31181712684656
						],
						[
							69.25998240709305,
							41.311076726905725
						],
						[
							69.26010712981224,
							41.31161868034036
						],
						[
							69.26045849919319,
							41.311989381953566
						],
						[
							69.26110491156578,
							41.312217040051706
						],
						[
							69.26214963197708,
							41.312188834666756
						],
						[
							69.2630723118782,
							41.31226539211178
						],
						[
							69.26336601376534,
							41.312416492068365
						],
						[
							69.2636127769947,
							41.31308233503822
						],
						[
							69.26423102617264,
							41.313546708636096
						],
						[
							69.26499143242836,
							41.315296390287386
						],
						[
							69.26559895277023,
							41.31715783077556
						],
						[
							69.26620379090309,
							41.31776319038812
						],
						[
							69.26673889160156,
							41.31852567361295
						],
						[
							69.26708087325096,
							41.31970513801801
						],
						[
							69.26806792616844,
							41.322011629267564
						],
						[
							69.26894634962082,
							41.32249507560027
						],
						[
							69.26937013864517,
							41.32328368973356
						],
						[
							69.26981806755066,
							41.324759168194674
						],
						[
							69.27095264196396,
							41.32620238545232
						],
						[
							69.27027404308319,
							41.32761032235666
						],
						[
							69.27061602473259,
							41.32863553909968
						],
						[
							69.27274838089943,
							41.329830933535504
						],
						[
							69.27297234535217,
							41.33194270986894
						],
						[
							69.27289590239525,
							41.333500566796374
						],
						[
							69.2737703025341,
							41.335059393450564
						],
						[
							69.2740747332573,
							41.33608549993846
						],
						[
							69.27475869655609,
							41.33745395242602
						],
						[
							69.26329761743546,
							41.34411555914491
						],
						[
							69.26069051027298,
							41.34061870333966
						],
						[
							69.2579573392868,
							41.33801884606234
						],
						[
							69.25659209489822,
							41.33740964683557
						],
						[
							69.2458538711071,
							41.32677442643333
						],
						[
							69.24486547708511,
							41.327306178334055
						],
						[
							69.24326956272125,
							41.32662235264854
						],
						[
							69.24304157495499,
							41.325937512663245
						],
						[
							69.24137055873871,
							41.325634367959765
						],
						[
							69.24053236842155,
							41.32722963855511
						],
						[
							69.23930659890175,
							41.32885105412328
						],
						[
							69.23715144395828,
							41.32897190335726
						],
						[
							69.23602759838104,
							41.32923273552322
						],
						[
							69.23554345965385,
							41.32921360115273
						],
						[
							69.23202842473984,
							41.325044188511356
						],
						[
							69.2052572965622,
							41.33978297432532
						],
						[
							69.20515403151512,
							41.34049384812016
						],
						[
							69.20705437660217,
							41.34530764904255
						],
						[
							69.19710874557495,
							41.34822837841392
						],
						[
							69.1883111000061,
							41.35005867564516
						],
						[
							69.18673932552338,
							41.350060689145124
						],
						[
							69.18285951018333,
							41.3495935554827
						],
						[
							69.1778290271759,
							41.349365021198395
						],
						[
							69.17478740215302,
							41.34857974309426
						],
						[
							69.1708043217659,
							41.348269656311345
						],
						[
							69.16521459817886,
							41.34827771053219
						],
						[
							69.16497051715851,
							41.34661449278914
						],
						[
							69.16465938091278,
							41.33726867430184
						],
						[
							69.16381850838661,
							41.3343877330513
						],
						[
							69.16077554225922,
							41.33009881167294
						],
						[
							69.16013047099113,
							41.328579142527246
						]
					]
				]
			}
		},
		{
			"type": "Feature",
			"bbox": [
				69.16521459817886,
				41.325044188511356,
				69.26987037062645,
				41.39531145014854
			],
			"properties": {
				"id": "ETNGGWKC",
				"name": "Olmazor",
				"area": 33540665.734519746,
				"population": 412011
			},
			"geometry": {
				"type": "Polygon",
				"coordinates": [
					[
						[
							69.16521459817886,
							41.34827771053219
						],
						[
							69.1708043217659,
							41.348269656311345
						],
						[
							69.17478740215302,
							41.34857974309426
						],
						[
							69.1778290271759,
							41.349365021198395
						],
						[
							69.18285951018333,
							41.3495935554827
						],
						[
							69.18673932552338,
							41.350060689145124
						],
						[
							69.1883111000061,
							41.35005867564516
						],
						[
							69.19710874557495,
							41.34822837841392
						],
						[
							69.20705437660217,
							41.34530764904255
						],
						[
							69.20515403151512,
							41.34049384812016
						],
						[
							69.2052572965622,
							41.33978297432532
						],
						[
							69.23202842473984,
							41.325044188511356
						],
						[
							69.23554345965385,
							41.32921360115273
						],
						[
							69.23602759838104,
							41.32923273552322
						],
						[
							69.23715144395828,
							41.32897190335726
						],
						[
							69.23930659890175,
							41.32885105412328
						],
						[
							69.24053236842155,
							41.32722963855511
						],
						[
							69.24137055873871,
							41.325634367959765
						],
						[
							69.24304157495499,
							41.325937512663245
						],
						[
							69.24326956272125,
							41.32662235264854
						],
						[
							69.24486547708511,
							41.327306178334055
						],
						[
							69.2458538711071,
							41.32677442643333
						],
						[
							69.25659209489822,
							41.33740964683557
						],
						[
							69.2579573392868,
							41.33801884606234
						],
						[
							69.26069051027298,
							41.34061870333966
						],
						[
							69.26329761743546,
							41.34411555914491
						],
						[
							69.26427394151688,
							41.34542846774656
						],
						[
							69.26597848534584,
							41.34741187608887
						],
						[
							69.26282152533531,
							41.349380122607585
						],
						[
							69.26987037062645,
							41.3559770898664
						],
						[
							69.25970479846,
							41.364624718299694
						],
						[
							69.24605637788773,
							41.37426651069373
						],
						[
							69.23839062452316,
							41.38126547618444
						],
						[
							69.22808557748795,
							41.39531145014854
						],
						[
							69.18579250574112,
							41.36791798385133
						],
						[
							69.17349189519882,
							41.36035691352629
						],
						[
							69.17201668024063,
							41.359284885563284
						],
						[
							69.16913464665413,
							41.356121041869244
						],
						[
							69.16676357388496,
							41.35271040114483
						],
						[
							69.16542649269104,
							41.349611677109664
						],
						[
							69.16521459817886,
							41.34827771053219
						]
					]
				]
			}
		},
		{
			"type": "Feature",
			"bbox": [
				69.22808557748795,
				41.30900557710558,
				69.34356540441513,
				41.39840095598825
			],
			"properties": {
				"id": "FSXVWCSG",
				"name": "Yunusobod",
				"area": 40960889.43649866,
				"population": 385199
			},
			"geometry": {
				"type": "Polygon",
				"coordinates": [
					[
						[
							69.22808557748795,
							41.39531145014854
						],
						[
							69.23839062452316,
							41.38126547618444
						],
						[
							69.24605637788773,
							41.37426651069373
						],
						[
							69.25970479846,
							41.364624718299694
						],
						[
							69.26987037062645,
							41.3559770898664
						],
						[
							69.26282152533531,
							41.349380122607585
						],
						[
							69.26597848534584,
							41.34741187608887
						],
						[
							69.26427394151688,
							41.34542846774656
						],
						[
							69.26329761743546,
							41.34411555914491
						],
						[
							69.27475869655609,
							41.33745395242602
						],
						[
							69.2740747332573,
							41.33608549993846
						],
						[
							69.2737703025341,
							41.335059393450564
						],
						[
							69.27289590239525,
							41.333500566796374
						],
						[
							69.27297234535217,
							41.33194270986894
						],
						[
							69.27274838089943,
							41.329830933535504
						],
						[
							69.27061602473259,
							41.32863553909968
						],
						[
							69.27027404308319,
							41.32761032235666
						],
						[
							69.27095264196396,
							41.32620238545232
						],
						[
							69.26981806755066,
							41.324759168194674
						],
						[
							69.26937013864517,
							41.32328368973356
						],
						[
							69.26894634962082,
							41.32249507560027
						],
						[
							69.26806792616844,
							41.322011629267564
						],
						[
							69.26708087325096,
							41.31970513801801
						],
						[
							69.26673889160156,
							41.31852567361295
						],
						[
							69.26620379090309,
							41.31776319038812
						],
						[
							69.26559895277023,
							41.31715783077556
						],
						[
							69.26499143242836,
							41.315296390287386
						],
						[
							69.26423102617264,
							41.313546708636096
						],
						[
							69.2636127769947,
							41.31308233503822
						],
						[
							69.26336601376534,
							41.312416492068365
						],
						[
							69.2630723118782,
							41.31226539211178
						],
						[
							69.26214963197708,
							41.312188834666756
						],
						[
							69.26110491156578,
							41.312217040051706
						],
						[
							69.26045849919319,
							41.311989381953566
						],
						[
							69.26010712981224,
							41.31161868034036
						],
						[
							69.25998240709305,
							41.311076726905725
						],
						[
							69.26278665661812,
							41.31088734434587
						],
						[
							69.26415458321571,
							41.31069695387745
						],
						[
							69.26533341407776,
							41.310317178636865
						],
						[
							69.26761329174042,
							41.30944278054784
						],
						[
							69.26900133490562,
							41.30900557710558
						],
						[
							69.27052080631256,
							41.312350008130636
						],
						[
							69.27158564329147,
							41.31212235049685
						],
						[
							69.27253514528275,
							41.311779855213814
						],
						[
							69.27945256233215,
							41.309918261147715
						],
						[
							69.28080171346664,
							41.309946467515005
						],
						[
							69.28146690130234,
							41.310602262114685
						],
						[
							69.28159967064857,
							41.31127718976066
						],
						[
							69.28137168288231,
							41.31195110308025
						],
						[
							69.28011775016785,
							41.31268343446908
						],
						[
							69.28074538707733,
							41.31513421681839
						],
						[
							69.28277850151062,
							41.31442205898273
						],
						[
							69.28538158535957,
							41.31724445495831
						],
						[
							69.28604677319527,
							41.31811774116099
						],
						[
							69.29066553711891,
							41.31762418984292
						],
						[
							69.29134950041771,
							41.31800392251512
						],
						[
							69.2920133471489,
							41.318820793523514
						],
						[
							69.29129183292389,
							41.3193153430056
						],
						[
							69.29174780845642,
							41.32262197966833
						],
						[
							69.29311573505402,
							41.32262197966833
						],
						[
							69.29287567734718,
							41.323265560780214
						],
						[
							69.29387614130974,
							41.324921317714995
						],
						[
							69.29429456591606,
							41.32503512428019
						],
						[
							69.2947693169117,
							41.32562429668292
						],
						[
							69.29526284337044,
							41.32592844855634
						],
						[
							69.29608091711998,
							41.32617519323841
						],
						[
							69.29655566811562,
							41.32663141665887
						],
						[
							69.29672732949257,
							41.32727697237638
						],
						[
							69.29653689265251,
							41.32753378293501
						],
						[
							69.29617881774902,
							41.32778253572667
						],
						[
							69.29604336619377,
							41.32804740101551
						],
						[
							69.29642289876938,
							41.32880674268134
						],
						[
							69.29632768034935,
							41.329282082031796
						],
						[
							69.29691642522812,
							41.329890350209894
						],
						[
							69.2975440621376,
							41.330327413573286
						],
						[
							69.297886043787,
							41.33034554056189
						],
						[
							69.2985512316227,
							41.32992761148657
						],
						[
							69.29900720715523,
							41.32990948438166
						],
						[
							69.30051863193512,
							41.33069800878238
						],
						[
							69.30071711540222,
							41.330993073569175
						],
						[
							69.30083110928535,
							41.33156305841737
						],
						[
							69.30077344179153,
							41.33251268640848
						],
						[
							69.30012837052345,
							41.33310179119522
						],
						[
							69.30470824241638,
							41.333862080951405
						],
						[
							69.30351063609123,
							41.336200293967096
						],
						[
							69.30481687188148,
							41.33622848896073
						],
						[
							69.30561617016792,
							41.33672189937357
						],
						[
							69.30462643504143,
							41.339002615262444
						],
						[
							69.30523529648781,
							41.339497011573485
						],
						[
							69.30733680725098,
							41.34052506194746
						],
						[
							69.30877044796944,
							41.34075060657773
						],
						[
							69.30975750088692,
							41.33957253002782
						],
						[
							69.31051790714264,
							41.33835616880293
						],
						[
							69.31108921766281,
							41.33672189937357
						],
						[
							69.31124076247215,
							41.3359243851711
						],
						[
							69.3134830892086,
							41.3321229680063
						],
						[
							69.31466057896614,
							41.33253181981007
						],
						[
							69.3162189424038,
							41.33321558347174
						],
						[
							69.31675136089325,
							41.33378554887429
						],
						[
							69.3169417977333,
							41.3343937750048
						],
						[
							69.31697934865952,
							41.33511578441332
						],
						[
							69.31679025292397,
							41.335799520952264
						],
						[
							69.3162189424038,
							41.33625668394217
						],
						[
							69.31576296687126,
							41.33694141545797
						],
						[
							69.31564897298813,
							41.33815679617041
						],
						[
							69.31629538536072,
							41.33925031734566
						],
						[
							69.31736022233963,
							41.34012431554365
						],
						[
							69.31861415505409,
							41.34088351644047
						],
						[
							69.31895613670349,
							41.34156819931431
						],
						[
							69.31903257966042,
							41.34225186811898
						],
						[
							69.31941211223602,
							41.34358193075141
						],
						[
							69.32097047567368,
							41.34487471351221
						],
						[
							69.32188242673874,
							41.34597718320629
						],
						[
							69.32233840227127,
							41.34692660105188
						],
						[
							69.32302236557007,
							41.34726891161975
						],
						[
							69.32473361492157,
							41.347497453261724
						],
						[
							69.32541757822037,
							41.34802903600439
						],
						[
							69.3258735537529,
							41.35027210629573
						],
						[
							69.32574346661568,
							41.3511157545654
						],
						[
							69.32655081152916,
							41.351329181750515
						],
						[
							69.3317261338234,
							41.351222468245425
						],
						[
							69.33380484580994,
							41.35066977002839
						],
						[
							69.33510839939117,
							41.35228556856259
						],
						[
							69.33742716908455,
							41.353730189369145
						],
						[
							69.34111386537552,
							41.35528853182723
						],
						[
							69.34356540441513,
							41.35582307093742
						],
						[
							69.33707311749458,
							41.360316649884425
						],
						[
							69.32782486081123,
							41.367637177060686
						],
						[
							69.32556241750717,
							41.36938138027
						],
						[
							69.32393833994865,
							41.37125234604011
						],
						[
							69.32365536689758,
							41.37177065140753
						],
						[
							69.31985601782799,
							41.380994789723644
						],
						[
							69.31933164596558,
							41.38204734115834
						],
						[
							69.31810587644577,
							41.38378512063204
						],
						[
							69.3173360824585,
							41.384131262241965
						],
						[
							69.31490734219551,
							41.38483561447967
						],
						[
							69.31183353066444,
							41.38499057094805
						],
						[
							69.30078148841858,
							41.38395014186196
						],
						[
							69.29027661681175,
							41.3834933137737
						],
						[
							69.28503692150116,
							41.383721728219
						],
						[
							69.2822340130806,
							41.38455991179822
						],
						[
							69.2654125392437,
							41.39497140439022
						],
						[
							69.26215097308159,
							41.396763163953835
						],
						[
							69.26142945885658,
							41.39705591727906
						],
						[
							69.25776287913322,
							41.39787380875637
						],
						[
							69.25697833299637,
							41.3979703856684
						],
						[
							69.23982828855515,
							41.39840095598825
						],
						[
							69.23509955406189,
							41.39830437971608
						],
						[
							69.23329308629036,
							41.39775409342667
						],
						[
							69.2299510538578,
							41.396082079809645
						],
						[
							69.22808557748795,
							41.39531145014854
						]
					]
				]
			}
		},
		{
			"type": "Feature",
			"bbox": [
				69.28011775016785,
				41.305687167850834,
				69.41202610731125,
				41.367298999532096
			],
			"properties": {
				"id": "GZHNRHVE",
				"name": "Mirzo Ulug'bek",
				"area": 34818546.60180408,
				"population": 337090
			},
			"geometry": {
				"type": "Polygon",
				"coordinates": [
					[
						[
							69.34356540441513,
							41.35582307093742
						],
						[
							69.34111386537552,
							41.35528853182723
						],
						[
							69.33742716908455,
							41.353730189369145
						],
						[
							69.33510839939117,
							41.35228556856259
						],
						[
							69.33380484580994,
							41.35066977002839
						],
						[
							69.3317261338234,
							41.351222468245425
						],
						[
							69.32655081152916,
							41.351329181750515
						],
						[
							69.32574346661568,
							41.3511157545654
						],
						[
							69.3258735537529,
							41.35027210629573
						],
						[
							69.32541757822037,
							41.34802903600439
						],
						[
							69.32473361492157,
							41.347497453261724
						],
						[
							69.32302236557007,
							41.34726891161975
						],
						[
							69.32233840227127,
							41.34692660105188
						],
						[
							69.32188242673874,
							41.34597718320629
						],
						[
							69.32097047567368,
							41.34487471351221
						],
						[
							69.31941211223602,
							41.34358193075141
						],
						[
							69.31903257966042,
							41.34225186811898
						],
						[
							69.31895613670349,
							41.34156819931431
						],
						[
							69.31861415505409,
							41.34088351644047
						],
						[
							69.31736022233963,
							41.34012431554365
						],
						[
							69.31629538536072,
							41.33925031734566
						],
						[
							69.31564897298813,
							41.33815679617041
						],
						[
							69.31576296687126,
							41.33694141545797
						],
						[
							69.3162189424038,
							41.33625668394217
						],
						[
							69.31679025292397,
							41.335799520952264
						],
						[
							69.31697934865952,
							41.33511578441332
						],
						[
							69.3169417977333,
							41.3343937750048
						],
						[
							69.31675136089325,
							41.33378554887429
						],
						[
							69.3162189424038,
							41.33321558347174
						],
						[
							69.31466057896614,
							41.33253181981007
						],
						[
							69.3134830892086,
							41.3321229680063
						],
						[
							69.31124076247215,
							41.3359243851711
						],
						[
							69.31108921766281,
							41.33672189937357
						],
						[
							69.31051790714264,
							41.33835616880293
						],
						[
							69.30975750088692,
							41.33957253002782
						],
						[
							69.30877044796944,
							41.34075060657773
						],
						[
							69.30733680725098,
							41.34052506194746
						],
						[
							69.30523529648781,
							41.339497011573485
						],
						[
							69.30462643504143,
							41.339002615262444
						],
						[
							69.30561617016792,
							41.33672189937357
						],
						[
							69.30481687188148,
							41.33622848896073
						],
						[
							69.30351063609123,
							41.336200293967096
						],
						[
							69.30470824241638,
							41.333862080951405
						],
						[
							69.30012837052345,
							41.33310179119522
						],
						[
							69.30077344179153,
							41.33251268640848
						],
						[
							69.30083110928535,
							41.33156305841737
						],
						[
							69.30071711540222,
							41.330993073569175
						],
						[
							69.30051863193512,
							41.33069800878238
						],
						[
							69.29900720715523,
							41.32990948438166
						],
						[
							69.2985512316227,
							41.32992761148657
						],
						[
							69.297886043787,
							41.33034554056189
						],
						[
							69.2975440621376,
							41.330327413573286
						],
						[
							69.29691642522812,
							41.329890350209894
						],
						[
							69.29632768034935,
							41.329282082031796
						],
						[
							69.29642289876938,
							41.32880674268134
						],
						[
							69.29604336619377,
							41.32804740101551
						],
						[
							69.29617881774902,
							41.32778253572667
						],
						[
							69.29653689265251,
							41.32753378293501
						],
						[
							69.29672732949257,
							41.32727697237638
						],
						[
							69.29655566811562,
							41.32663141665887
						],
						[
							69.29608091711998,
							41.32617519323841
						],
						[
							69.29526284337044,
							41.32592844855634
						],
						[
							69.2947693169117,
							41.32562429668292
						],
						[
							69.29429456591606,
							41.32503512428019
						],
						[
							69.29387614130974,
							41.324921317714995
						],
						[
							69.29287567734718,
							41.323265560780214
						],
						[
							69.29311573505402,
							41.32262197966833
						],
						[
							69.29174780845642,
							41.32262197966833
						],
						[
							69.29129183292389,
							41.3193153430056
						],
						[
							69.2920133471489,
							41.318820793523514
						],
						[
							69.29134950041771,
							41.31800392251512
						],
						[
							69.29066553711891,
							41.31762418984292
						],
						[
							69.28604677319527,
							41.31811774116099
						],
						[
							69.28538158535957,
							41.31724445495831
						],
						[
							69.28277850151062,
							41.31442205898273
						],
						[
							69.28074538707733,
							41.31513421681839
						],
						[
							69.28011775016785,
							41.31268343446908
						],
						[
							69.28137168288231,
							41.31195110308025
						],
						[
							69.28159967064857,
							41.31127718976066
						],
						[
							69.28146690130234,
							41.310602262114685
						],
						[
							69.28536415100098,
							41.309550569886085
						],
						[
							69.29208040237427,
							41.307495490131004
						],
						[
							69.29479748010635,
							41.306944435673785
						],
						[
							69.29815828800201,
							41.30726076366466
						],
						[
							69.29816231131554,
							41.30828730794286
						],
						[
							69.29762989282608,
							41.31039776773227
						],
						[
							69.29822534322739,
							41.31049749659988
						],
						[
							69.29901659488678,
							41.310763439501045
						],
						[
							69.29987624287605,
							41.31199945533757
						],
						[
							69.3000291287899,
							41.31211328446841
						],
						[
							69.30044755339622,
							41.31216969529146
						],
						[
							69.3010738492012,
							41.31182317089312
						],
						[
							69.30130183696747,
							41.31184231037017
						],
						[
							69.30172026157379,
							41.312493049246
						],
						[
							69.3020997941494,
							41.31266429523899
						],
						[
							69.30234655737877,
							41.31266429523899
						],
						[
							69.30274620652199,
							41.31203672684478
						],
						[
							69.30308818817139,
							41.311903758126874
						],
						[
							69.30434212088585,
							41.311961176470135
						],
						[
							69.30608958005905,
							41.31249103458458
						],
						[
							69.30781558156013,
							41.31217070262716
						],
						[
							69.31013703346252,
							41.315639874376984
						],
						[
							69.31158944964409,
							41.31870395440134
						],
						[
							69.31529358029366,
							41.31744993511751
						],
						[
							69.32289898395538,
							41.31510198353425
						],
						[
							69.32688742876053,
							41.31505564816035
						],
						[
							69.32718649506569,
							41.31501434921242
						],
						[
							69.32754591107368,
							41.314888437624234
						],
						[
							69.33153033256531,
							41.31295138310031
						],
						[
							69.33212578296661,
							41.31261594347478
						],
						[
							69.34053853154182,
							41.305687167850834
						],
						[
							69.34135258197784,
							41.306724818522724
						],
						[
							69.342370480299,
							41.30841625446226
						],
						[
							69.34249386191368,
							41.30887260220527
						],
						[
							69.34259578585625,
							41.31001799074883
						],
						[
							69.3428935110569,
							41.31046022421265
						],
						[
							69.3433253467083,
							41.310648600654076
						],
						[
							69.34629991650581,
							41.31137792463096
						],
						[
							69.3510165810585,
							41.31339561129923
						],
						[
							69.35448870062828,
							41.315733551541854
						],
						[
							69.36209678649902,
							41.32110314333184
						],
						[
							69.36527252197266,
							41.32313664363309
						],
						[
							69.37551856040955,
							41.33062147298804
						],
						[
							69.37852665781975,
							41.334052403753304
						],
						[
							69.37878549098969,
							41.33446627840311
						],
						[
							69.37981143593788,
							41.33700686735827
						],
						[
							69.3808950483799,
							41.33769058404644
						],
						[
							69.38386023044586,
							41.338490090481145
						],
						[
							69.38711106777191,
							41.33866126816514
						],
						[
							69.3901339173317,
							41.33831891234726
						],
						[
							69.392529129982,
							41.33757679958734
						],
						[
							69.39441069960594,
							41.33729183409619
						],
						[
							69.39753413200378,
							41.33769058404644
						],
						[
							69.40158292651176,
							41.339287573268535
						],
						[
							69.40852850675583,
							41.3427935623111
						],
						[
							69.41141724586487,
							41.34689941748843
						],
						[
							69.41202610731125,
							41.35024291063485
						],
						[
							69.41096127033234,
							41.35252415971431
						],
						[
							69.4105052947998,
							41.354804322177415
						],
						[
							69.40928891301155,
							41.35723640743686
						],
						[
							69.4084145128727,
							41.35849066754443
						],
						[
							69.40659061074257,
							41.36210131189253
						],
						[
							69.40598174929619,
							41.36187282151906
						],
						[
							69.4049933552742,
							41.363279987374995
						],
						[
							69.40446227788925,
							41.36381244777846
						],
						[
							69.40199196338654,
							41.36312699227557
						],
						[
							69.4014984369278,
							41.36316524108412
						],
						[
							69.40134555101395,
							41.36381244777846
						],
						[
							69.40088957548141,
							41.364866283784835
						],
						[
							69.40028071403503,
							41.365055509455146
						],
						[
							69.39959675073624,
							41.36501826827629
						],
						[
							69.3987612426281,
							41.36600666206945
						],
						[
							69.39592748880386,
							41.36439120414494
						],
						[
							69.39609110355377,
							41.365681560676364
						],
						[
							69.39468160271645,
							41.36693263855929
						],
						[
							69.39228504896164,
							41.367298999532096
						],
						[
							69.39194843173027,
							41.366947735892865
						],
						[
							69.39028143882751,
							41.36589091408166
						],
						[
							69.3895411491394,
							41.365612111561404
						],
						[
							69.37767505645752,
							41.36185269017017
						],
						[
							69.37599867582321,
							41.36140879234446
						],
						[
							69.375329464674,
							41.36136248990252
						],
						[
							69.36518266797066,
							41.36292165618207
						],
						[
							69.36421439051628,
							41.362982049218004
						],
						[
							69.36281695961952,
							41.362519034510086
						],
						[
							69.36233416199684,
							41.36221606005941
						],
						[
							69.35907259583473,
							41.358005475088504
						],
						[
							69.35860455036163,
							41.35751423920763
						],
						[
							69.35660362243652,
							41.35645525088597
						],
						[
							69.35263127088547,
							41.35487478950216
						],
						[
							69.35010060667992,
							41.354893916334305
						],
						[
							69.34677869081497,
							41.35574857799136
						],
						[
							69.34356540441513,
							41.35582307093742
						]
					]
				]
			}
		},
		{
			"type": "Feature",
			"bbox": [
				69.28080171346664,
				41.23750658701712,
				69.478619992733,
				41.349026748714806
			],
			"properties": {
				"id": "ZSGQOZSZ",
				"name": "Yashnobod",
				"area": 78253071.34868686,
				"population": 309730
			},
			"geometry": {
				"type": "Polygon",
				"coordinates": [
					[
						[
							69.40852850675583,
							41.3427935623111
						],
						[
							69.40158292651176,
							41.339287573268535
						],
						[
							69.39753413200378,
							41.33769058404644
						],
						[
							69.39441069960594,
							41.33729183409619
						],
						[
							69.392529129982,
							41.33757679958734
						],
						[
							69.3901339173317,
							41.33831891234726
						],
						[
							69.38711106777191,
							41.33866126816514
						],
						[
							69.38386023044586,
							41.338490090481145
						],
						[
							69.3808950483799,
							41.33769058404644
						],
						[
							69.37981143593788,
							41.33700686735827
						],
						[
							69.37878549098969,
							41.33446627840311
						],
						[
							69.37852665781975,
							41.334052403753304
						],
						[
							69.37551856040955,
							41.33062147298804
						],
						[
							69.36527252197266,
							41.32313664363309
						],
						[
							69.36209678649902,
							41.32110314333184
						],
						[
							69.35448870062828,
							41.315733551541854
						],
						[
							69.3510165810585,
							41.31339561129923
						],
						[
							69.34629991650581,
							41.31137792463096
						],
						[
							69.3433253467083,
							41.310648600654076
						],
						[
							69.3428935110569,
							41.31046022421265
						],
						[
							69.34259578585625,
							41.31001799074883
						],
						[
							69.34249386191368,
							41.30887260220527
						],
						[
							69.342370480299,
							41.30841625446226
						],
						[
							69.34135258197784,
							41.306724818522724
						],
						[
							69.34053853154182,
							41.305687167850834
						],
						[
							69.33212578296661,
							41.31261594347478
						],
						[
							69.33153033256531,
							41.31295138310031
						],
						[
							69.32754591107368,
							41.314888437624234
						],
						[
							69.32718649506569,
							41.31501434921242
						],
						[
							69.32688742876053,
							41.31505564816035
						],
						[
							69.32289898395538,
							41.31510198353425
						],
						[
							69.31529358029366,
							41.31744993511751
						],
						[
							69.31158944964409,
							41.31870395440134
						],
						[
							69.31013703346252,
							41.315639874376984
						],
						[
							69.30781558156013,
							41.31217070262716
						],
						[
							69.30608958005905,
							41.31249103458458
						],
						[
							69.30434212088585,
							41.311961176470135
						],
						[
							69.30308818817139,
							41.311903758126874
						],
						[
							69.30274620652199,
							41.31203672684478
						],
						[
							69.30234655737877,
							41.31266429523899
						],
						[
							69.3020997941494,
							41.31266429523899
						],
						[
							69.30172026157379,
							41.312493049246
						],
						[
							69.30130183696747,
							41.31184231037017
						],
						[
							69.3010738492012,
							41.31182317089312
						],
						[
							69.30044755339622,
							41.31216969529146
						],
						[
							69.3000291287899,
							41.31211328446841
						],
						[
							69.29987624287605,
							41.31199945533757
						],
						[
							69.29901659488678,
							41.310763439501045
						],
						[
							69.29822534322739,
							41.31049749659988
						],
						[
							69.29762989282608,
							41.31039776773227
						],
						[
							69.29816231131554,
							41.30828730794286
						],
						[
							69.29815828800201,
							41.30726076366466
						],
						[
							69.29479748010635,
							41.306944435673785
						],
						[
							69.29208040237427,
							41.307495490131004
						],
						[
							69.28536415100098,
							41.309550569886085
						],
						[
							69.28146690130234,
							41.310602262114685
						],
						[
							69.28080171346664,
							41.309946467515005
						],
						[
							69.28232252597809,
							41.30845352801802
						],
						[
							69.2852957546711,
							41.30577279984206
						],
						[
							69.29906487464905,
							41.29210249547799
						],
						[
							69.29958119988441,
							41.291497905250225
						],
						[
							69.30345296859741,
							41.286567262784246
						],
						[
							69.30530771613121,
							41.283398878960526
						],
						[
							69.30586695671082,
							41.28187005858757
						],
						[
							69.30628806352615,
							41.28062742473975
						],
						[
							69.30645033717155,
							41.27978487932796
						],
						[
							69.30658712983131,
							41.27944120636573
						],
						[
							69.30688753724098,
							41.279063264801806
						],
						[
							69.30830910801888,
							41.2775534924011
						],
						[
							69.30864974856377,
							41.2770767679599
						],
						[
							69.31113213300705,
							41.27237384090026
						],
						[
							69.33053255081177,
							41.23750658701712
						],
						[
							69.33404892683029,
							41.23938335725023
						],
						[
							69.33668151497841,
							41.24261438189214
						],
						[
							69.3397244811058,
							41.244263111001004
						],
						[
							69.34747874736786,
							41.24645126826809
						],
						[
							69.35209348797798,
							41.24856877004973
						],
						[
							69.355878084898,
							41.2517963157415
						],
						[
							69.36673164367676,
							41.267858067023695
						],
						[
							69.37001064419746,
							41.267489130624625
						],
						[
							69.37379658222198,
							41.26925718393207
						],
						[
							69.37688112258911,
							41.27200694593094
						],
						[
							69.37806263566017,
							41.2723587216428
						],
						[
							69.37985435128212,
							41.27217325846647
						],
						[
							69.38120350241661,
							41.270036362122795
						],
						[
							69.38194915652275,
							41.26914126400169
						],
						[
							69.38241854310036,
							41.26975614128281
						],
						[
							69.38424110412598,
							41.2711239704644
						],
						[
							69.38556611537933,
							41.272118828956025
						],
						[
							69.38789159059525,
							41.273440243692136
						],
						[
							69.38833951950073,
							41.273742623166186
						],
						[
							69.38973426818848,
							41.27559315503106
						],
						[
							69.39047858119011,
							41.276521424949664
						],
						[
							69.39142271876335,
							41.27735292588292
						],
						[
							69.39324393868446,
							41.2785784885518
						],
						[
							69.3937736749649,
							41.27901690381924
						],
						[
							69.39419209957123,
							41.27953997473375
						],
						[
							69.39477816224098,
							41.280960005460685
						],
						[
							69.39559623599052,
							41.28187005858757
						],
						[
							69.39739868044853,
							41.28310359871287
						],
						[
							69.39808130264282,
							41.28342608901846
						],
						[
							69.39913406968117,
							41.28357221691354
						],
						[
							69.4021663069725,
							41.28358128691002
						],
						[
							69.40263032913208,
							41.28369617342315
						],
						[
							69.40302461385727,
							41.28390982148869
						],
						[
							69.4031573832035,
							41.284214167996765
						],
						[
							69.40319761633873,
							41.2849891366364
						],
						[
							69.40347254276276,
							41.28568448427876
						],
						[
							69.40435498952866,
							41.286953222693484
						],
						[
							69.40515160560608,
							41.28925281117159
						],
						[
							69.40604209899902,
							41.29088222511018
						],
						[
							69.40654635429382,
							41.29154425736601
						],
						[
							69.4084145128727,
							41.2925307434993
						],
						[
							69.41042751073837,
							41.29363510660011
						],
						[
							69.41078156232834,
							41.29367440384772
						],
						[
							69.41153526306152,
							41.29349907748326
						],
						[
							69.41192016005516,
							41.29348597836815
						],
						[
							69.41354557871819,
							41.29397366672609
						],
						[
							69.41720008850098,
							41.29821358045169
						],
						[
							69.4189327955246,
							41.30010170428116
						],
						[
							69.41951751708984,
							41.300608485950846
						],
						[
							69.42159488797188,
							41.30216809946228
						],
						[
							69.42224264144897,
							41.30252475002533
						],
						[
							69.42269325256348,
							41.30256303443312
						],
						[
							69.42522525787354,
							41.30254389223202
						],
						[
							69.42571341991425,
							41.30257008682156
						],
						[
							69.4259923696518,
							41.302635573249404
						],
						[
							69.42635044455528,
							41.30277561323592
						],
						[
							69.42693516612053,
							41.303100021258075
						],
						[
							69.42796245217323,
							41.30440569685405
						],
						[
							69.42829102277756,
							41.304983973833885
						],
						[
							69.42832320928574,
							41.30544538279787
						],
						[
							69.42819446325302,
							41.30689305741572
						],
						[
							69.42826017737389,
							41.30773726758193
						],
						[
							69.4285324215889,
							41.308262123046006
						],
						[
							69.42906349897385,
							41.308978377716215
						],
						[
							69.43185970187187,
							41.31152902664451
						],
						[
							69.43258792161942,
							41.31199038929205
						],
						[
							69.43301036953926,
							41.31214451189436
						],
						[
							69.43350791931152,
							41.31206392495821
						],
						[
							69.43451642990112,
							41.31176172306044
						],
						[
							69.43499520421028,
							41.31174661292877
						],
						[
							69.43769484758377,
							41.31205989560877
						],
						[
							69.43917274475098,
							41.312410448076804
						],
						[
							69.44037973880768,
							41.31323343310126
						],
						[
							69.44071367383003,
							41.31361822792013
						],
						[
							69.44066137075424,
							41.31405036389634
						],
						[
							69.4402925670147,
							41.31501434921242
						],
						[
							69.44012224674225,
							41.315457556068026
						],
						[
							69.44002166390419,
							41.31590982541175
						],
						[
							69.44020539522171,
							41.316287553527786
						],
						[
							69.44078341126442,
							41.31678413676053
						],
						[
							69.4413386285305,
							41.31696544409738
						],
						[
							69.44282323122025,
							41.31719107030116
						],
						[
							69.44506153464317,
							41.31720920094435
						],
						[
							69.44563955068588,
							41.31727467266944
						],
						[
							69.44821044802666,
							41.31807946588634
						],
						[
							69.44963335990906,
							41.3188479888064
						],
						[
							69.44979563355446,
							41.31914008557365
						],
						[
							69.44985866546631,
							41.32013219757752
						],
						[
							69.44998741149902,
							41.32111422250489
						],
						[
							69.45015907287598,
							41.32167120032304
						],
						[
							69.45047557353973,
							41.32199551432802
						],
						[
							69.45222437381744,
							41.323321961951905
						],
						[
							69.45353597402573,
							41.32464032543288
						],
						[
							69.45404961705208,
							41.32535841441205
						],
						[
							69.4544506072998,
							41.32621144952111
						],
						[
							69.4545230269432,
							41.327013111061916
						],
						[
							69.45470675826073,
							41.3272658942511
						],
						[
							69.45692092180252,
							41.32806250736837
						],
						[
							69.45726424455643,
							41.32823774080532
						],
						[
							69.45850744843483,
							41.328953775986434
						],
						[
							69.46025222539902,
							41.32948651716893
						],
						[
							69.46069344878197,
							41.32966073971059
						],
						[
							69.46114540100098,
							41.32997595040828
						],
						[
							69.46294650435448,
							41.331446242141
						],
						[
							69.4632737338543,
							41.33166376193577
						],
						[
							69.46448743343353,
							41.33209175015233
						],
						[
							69.46496620774269,
							41.33219245285346
						],
						[
							69.46663856506348,
							41.33219446690592
						],
						[
							69.46762695908546,
							41.33223374091594
						],
						[
							69.46817144751549,
							41.33242306145269
						],
						[
							69.46858316659927,
							41.33264762712062
						],
						[
							69.46884736418724,
							41.33309373509732
						],
						[
							69.46917727589607,
							41.335008037352736
						],
						[
							69.46930468082428,
							41.335466212873314
						],
						[
							69.46955010294914,
							41.335875043693875
						],
						[
							69.47040975093842,
							41.33704815236925
						],
						[
							69.4708925485611,
							41.337904055238766
						],
						[
							69.4712707400322,
							41.3386934897965
						],
						[
							69.47140619158745,
							41.33934597440205
						],
						[
							69.47190508246422,
							41.34002463200997
						],
						[
							69.47454303503036,
							41.3426626700753
						],
						[
							69.47621136903763,
							41.343789341552196
						],
						[
							69.478619992733,
							41.34590066536458
						],
						[
							69.47435662150383,
							41.349026748714806
						],
						[
							69.46614637970924,
							41.34644232920397
						],
						[
							69.45748150348663,
							41.34522609629059
						],
						[
							69.44851219654083,
							41.34492203451259
						],
						[
							69.44243162870407,
							41.344313906697124
						],
						[
							69.43483024835587,
							41.344009840659595
						],
						[
							69.42768350243568,
							41.34340170432503
						],
						[
							69.41734626889229,
							41.34324966935398
						],
						[
							69.41080838441849,
							41.3427935623111
						],
						[
							69.40852850675583,
							41.3427935623111
						]
					]
				]
			}
		},
		{
			"type": "Feature",
			"bbox": [
				69.27164599299431,
				41.18734530509175,
				69.39750328660011,
				41.2723587216428
			],
			"properties": {
				"id": "XWBCGYDT",
				"name": "Bektemir",
				"area": 34275921.37957268,
				"population": 65514
			},
			"geometry": {
				"type": "Polygon",
				"coordinates": [
					[
						[
							69.38194915652275,
							41.26914126400169
						],
						[
							69.38120350241661,
							41.270036362122795
						],
						[
							69.37985435128212,
							41.27217325846647
						],
						[
							69.37806263566017,
							41.2723587216428
						],
						[
							69.37688112258911,
							41.27200694593094
						],
						[
							69.37379658222198,
							41.26925718393207
						],
						[
							69.37001064419746,
							41.267489130624625
						],
						[
							69.36673164367676,
							41.267858067023695
						],
						[
							69.355878084898,
							41.2517963157415
						],
						[
							69.35209348797798,
							41.24856877004973
						],
						[
							69.34747874736786,
							41.24645126826809
						],
						[
							69.3397244811058,
							41.244263111001004
						],
						[
							69.33668151497841,
							41.24261438189214
						],
						[
							69.33404892683029,
							41.23938335725023
						],
						[
							69.33053255081177,
							41.23750658701712
						],
						[
							69.32713150978088,
							41.23687627863873
						],
						[
							69.32367950677872,
							41.236965026426105
						],
						[
							69.32227939367294,
							41.237574155714555
						],
						[
							69.31782156229019,
							41.23729682106364
						],
						[
							69.31194081902504,
							41.232653559998994
						],
						[
							69.30576235055923,
							41.23116994637681
						],
						[
							69.3042978644371,
							41.231252650401615
						],
						[
							69.3008404970169,
							41.230076629678905
						],
						[
							69.29350063204765,
							41.22630535365187
						],
						[
							69.29264903068542,
							41.222912128830586
						],
						[
							69.29169684648514,
							41.22046595237907
						],
						[
							69.29064273834229,
							41.218809561568236
						],
						[
							69.290322214365,
							41.21699373781601
						],
						[
							69.28939014673233,
							41.21565201343648
						],
						[
							69.2889516055584,
							41.21455036652887
						],
						[
							69.28764939308167,
							41.21228749330575
						],
						[
							69.2844495177269,
							41.211218074354406
						],
						[
							69.28404584527016,
							41.210962823662044
						],
						[
							69.28309366106987,
							41.210155700295104
						],
						[
							69.28189873695374,
							41.20860095084649
						],
						[
							69.2794243991375,
							41.207524408977605
						],
						[
							69.27615478634834,
							41.20581522364759
						],
						[
							69.27164599299431,
							41.202824546403406
						],
						[
							69.27770912647247,
							41.204523719877926
						],
						[
							69.28591802716255,
							41.205740559280144
						],
						[
							69.28827568888664,
							41.205412640441324
						],
						[
							69.29382383823395,
							41.20604527008197
						],
						[
							69.31313037872314,
							41.18734530509175
						],
						[
							69.34810370206833,
							41.21303809390224
						],
						[
							69.3958979845047,
							41.24470780695873
						],
						[
							69.38279137015343,
							41.25510536761112
						],
						[
							69.39308166503906,
							41.260835821424706
						],
						[
							69.39750328660011,
							41.26508494483974
						],
						[
							69.39552113413811,
							41.26627646433084
						],
						[
							69.39290463924408,
							41.26636416414496
						],
						[
							69.38703864812851,
							41.26535812931752
						],
						[
							69.38389778137207,
							41.26528857323052
						],
						[
							69.38296303153038,
							41.26663532719297
						],
						[
							69.38194915652275,
							41.26914126400169
						]
					]
				]
			}
		},
		{
			"type": "Feature",
			"bbox": [
				69.194865077734,
				41.192475183417685,
				69.32227939367294,
				41.27151203763697
			],
			"properties": {
				"id": "BIYPLDCT",
				"name": "Sirg'ali",
				"area": 51099720.740327,
				"population": 173156
			},
			"geometry": {
				"type": "Polygon",
				"coordinates": [
					[
						[
							69.19929876923561,
							41.234011072264366
						],
						[
							69.21395301818848,
							41.21432942961334
						],
						[
							69.22054588794708,
							41.205740559280144
						],
						[
							69.24517527222633,
							41.21531809128757
						],
						[
							69.24730360507965,
							41.20133218366598
						],
						[
							69.2498879134655,
							41.19722725383201
						],
						[
							69.25232738256454,
							41.19525441449352
						],
						[
							69.2553274333477,
							41.192475183417685
						],
						[
							69.25643652677536,
							41.19351867035712
						],
						[
							69.25894439220428,
							41.195445141711275
						],
						[
							69.25979733467102,
							41.19644317084135
						],
						[
							69.26164671778679,
							41.19787409000111
						],
						[
							69.26246747374535,
							41.19820608299392
						],
						[
							69.26525563001633,
							41.19999619248213
						],
						[
							69.27164599299431,
							41.202824546403406
						],
						[
							69.27615478634834,
							41.20581522364759
						],
						[
							69.2794243991375,
							41.207524408977605
						],
						[
							69.28189873695374,
							41.20860095084649
						],
						[
							69.28309366106987,
							41.210155700295104
						],
						[
							69.28404584527016,
							41.210962823662044
						],
						[
							69.2844495177269,
							41.211218074354406
						],
						[
							69.28764939308167,
							41.21228749330575
						],
						[
							69.2889516055584,
							41.21455036652887
						],
						[
							69.28939014673233,
							41.21565201343648
						],
						[
							69.290322214365,
							41.21699373781601
						],
						[
							69.29064273834229,
							41.218809561568236
						],
						[
							69.29169684648514,
							41.22046595237907
						],
						[
							69.29264903068542,
							41.222912128830586
						],
						[
							69.29350063204765,
							41.22630535365187
						],
						[
							69.3008404970169,
							41.230076629678905
						],
						[
							69.3042978644371,
							41.231252650401615
						],
						[
							69.30576235055923,
							41.23116994637681
						],
						[
							69.31194081902504,
							41.232653559998994
						],
						[
							69.31782156229019,
							41.23729682106364
						],
						[
							69.32227939367294,
							41.237574155714555
						],
						[
							69.32075589895248,
							41.23823672864398
						],
						[
							69.3158595263958,
							41.242594213694446
						],
						[
							69.31241422891617,
							41.244025131875816
						],
						[
							69.30140241980553,
							41.24441336008712
						],
						[
							69.30181950330734,
							41.25248899220691
						],
						[
							69.3006406724453,
							41.2542574516454
						],
						[
							69.30092632770538,
							41.254827099137714
						],
						[
							69.30102154612541,
							41.25577683665463
						],
						[
							69.3006406724453,
							41.25608131433668
						],
						[
							69.29984271526337,
							41.25581514849401
						],
						[
							69.2992351949215,
							41.25699272249159
						],
						[
							69.30242836475372,
							41.25722057254325
						],
						[
							69.30881336331367,
							41.25984381544055
						],
						[
							69.31094035506248,
							41.26094570733943
						],
						[
							69.3100418150425,
							41.26234598046662
						],
						[
							69.30831849575043,
							41.26459401635606
						],
						[
							69.30706456303596,
							41.264366192027666
						],
						[
							69.30330142378807,
							41.262199805049846
						],
						[
							69.30242836475372,
							41.262085888808514
						],
						[
							69.30159151554108,
							41.2626564761284
						],
						[
							69.30022358894348,
							41.263035520779255
						],
						[
							69.29904475808144,
							41.262959913644266
						],
						[
							69.2979048192501,
							41.26315044345688
						],
						[
							69.29756283760071,
							41.26349218601368
						],
						[
							69.29744884371758,
							41.264403490755285
						],
						[
							69.29573759436607,
							41.264403490755285
						],
						[
							69.2937621474266,
							41.26512728346833
						],
						[
							69.29068431258202,
							41.26733087038281
						],
						[
							69.28703516721725,
							41.27044761930716
						],
						[
							69.28441196680069,
							41.2713598349429
						],
						[
							69.28285360336304,
							41.27151203763697
						],
						[
							69.2806501686573,
							41.271132034221324
						],
						[
							69.27815437316895,
							41.27050910606556
						],
						[
							69.27626743912697,
							41.269645262201095
						],
						[
							69.26767766475677,
							41.268322762636274
						],
						[
							69.2657920718193,
							41.26777440130172
						],
						[
							69.2630723118782,
							41.266476056840304
						],
						[
							69.25677582621574,
							41.26625025516813
						],
						[
							69.24141883850098,
							41.263869209650494
						],
						[
							69.23592567443848,
							41.26301737507484
						],
						[
							69.23523634672165,
							41.262819788189205
						],
						[
							69.23247501254082,
							41.261685668225994
						],
						[
							69.23155099153519,
							41.261226974113754
						],
						[
							69.21944618225098,
							41.25522030424332
						],
						[
							69.21620339155197,
							41.25357890930019
						],
						[
							69.21531423926353,
							41.25302639115921
						],
						[
							69.194865077734,
							41.24057030340376
						],
						[
							69.19929876923561,
							41.234011072264366
						]
					]
				]
			}
		},
		{
			"type": "Feature",
			"bbox": [
				69.2630723118782,
				41.23687627863873,
				69.33053255081177,
				41.312350008130636
			],
			"properties": {
				"id": "NQCVQBAT",
				"name": "Mirobod",
				"area": 16826904.592003603,
				"population": 154172
			},
			"geometry": {
				"type": "Polygon",
				"coordinates": [
					[
						[
							69.32367950677872,
							41.236965026426105
						],
						[
							69.32713150978088,
							41.23687627863873
						],
						[
							69.33053255081177,
							41.23750658701712
						],
						[
							69.31113213300705,
							41.27237384090026
						],
						[
							69.30864974856377,
							41.2770767679599
						],
						[
							69.30830910801888,
							41.2775534924011
						],
						[
							69.30688753724098,
							41.279063264801806
						],
						[
							69.30658712983131,
							41.27944120636573
						],
						[
							69.30645033717155,
							41.27978487932796
						],
						[
							69.30628806352615,
							41.28062742473975
						],
						[
							69.30586695671082,
							41.28187005858757
						],
						[
							69.30530771613121,
							41.283398878960526
						],
						[
							69.30345296859741,
							41.286567262784246
						],
						[
							69.29958119988441,
							41.291497905250225
						],
						[
							69.29906487464905,
							41.29210249547799
						],
						[
							69.2852957546711,
							41.30577279984206
						],
						[
							69.28232252597809,
							41.30845352801802
						],
						[
							69.28080171346664,
							41.309946467515005
						],
						[
							69.27945256233215,
							41.309918261147715
						],
						[
							69.27253514528275,
							41.311779855213814
						],
						[
							69.27158564329147,
							41.31212235049685
						],
						[
							69.27052080631256,
							41.312350008130636
						],
						[
							69.26900133490562,
							41.30900557710558
						],
						[
							69.26645457744598,
							41.30193637629972
						],
						[
							69.26728740334511,
							41.30101854298809
						],
						[
							69.26904559135437,
							41.29548608202123
						],
						[
							69.27008360624313,
							41.29399281144262
						],
						[
							69.27152797579765,
							41.292720179374186
						],
						[
							69.26911532878876,
							41.29064844651376
						],
						[
							69.26913410425186,
							41.289565194238634
						],
						[
							69.26751807332039,
							41.28853936294516
						],
						[
							69.26634058356285,
							41.28753165441853
						],
						[
							69.26575049757957,
							41.28745607565162
						],
						[
							69.26634058356285,
							41.285650220945286
						],
						[
							69.26518052816391,
							41.2852320052782
						],
						[
							69.26898255944252,
							41.280165840203466
						],
						[
							69.27283957600594,
							41.27795361572436
						],
						[
							69.26949486136436,
							41.27441894018662
						],
						[
							69.26411971449852,
							41.268466908325564
						],
						[
							69.2630723118782,
							41.266476056840304
						],
						[
							69.2657920718193,
							41.26777440130172
						],
						[
							69.26767766475677,
							41.268322762636274
						],
						[
							69.27626743912697,
							41.269645262201095
						],
						[
							69.27815437316895,
							41.27050910606556
						],
						[
							69.2806501686573,
							41.271132034221324
						],
						[
							69.28285360336304,
							41.27151203763697
						],
						[
							69.28441196680069,
							41.2713598349429
						],
						[
							69.28703516721725,
							41.27044761930716
						],
						[
							69.29068431258202,
							41.26733087038281
						],
						[
							69.2937621474266,
							41.26512728346833
						],
						[
							69.29573759436607,
							41.264403490755285
						],
						[
							69.29744884371758,
							41.264403490755285
						],
						[
							69.29756283760071,
							41.26349218601368
						],
						[
							69.2979048192501,
							41.26315044345688
						],
						[
							69.29904475808144,
							41.262959913644266
						],
						[
							69.30022358894348,
							41.263035520779255
						],
						[
							69.30159151554108,
							41.2626564761284
						],
						[
							69.30242836475372,
							41.262085888808514
						],
						[
							69.30330142378807,
							41.262199805049846
						],
						[
							69.30706456303596,
							41.264366192027666
						],
						[
							69.30831849575043,
							41.26459401635606
						],
						[
							69.3100418150425,
							41.26234598046662
						],
						[
							69.31094035506248,
							41.26094570733943
						],
						[
							69.30881336331367,
							41.25984381544055
						],
						[
							69.30242836475372,
							41.25722057254325
						],
						[
							69.2992351949215,
							41.25699272249159
						],
						[
							69.29984271526337,
							41.25581514849401
						],
						[
							69.3006406724453,
							41.25608131433668
						],
						[
							69.30102154612541,
							41.25577683665463
						],
						[
							69.30092632770538,
							41.254827099137714
						],
						[
							69.3006406724453,
							41.2542574516454
						],
						[
							69.30181950330734,
							41.25248899220691
						],
						[
							69.30140241980553,
							41.24441336008712
						],
						[
							69.31241422891617,
							41.244025131875816
						],
						[
							69.3158595263958,
							41.242594213694446
						],
						[
							69.32075589895248,
							41.23823672864398
						],
						[
							69.32227939367294,
							41.237574155714555
						],
						[
							69.32367950677872,
							41.236965026426105
						]
					]
				]
			}
		},
		{
			"type": "Feature",
			"bbox": [
				69.2139221727848,
				41.25302639115921,
				69.27283957600594,
				41.311076726905725
			],
			"properties": {
				"id": "HPXZWDZM",
				"name": "Yakkasaroy",
				"area": 14029077.424693737,
				"population": 139687
			},
			"geometry": {
				"type": "Polygon",
				"coordinates": [
					[
						[
							69.21620339155197,
							41.25357890930019
						],
						[
							69.21944618225098,
							41.25522030424332
						],
						[
							69.23155099153519,
							41.261226974113754
						],
						[
							69.23247501254082,
							41.261685668225994
						],
						[
							69.23523634672165,
							41.262819788189205
						],
						[
							69.23592567443848,
							41.26301737507484
						],
						[
							69.24141883850098,
							41.263869209650494
						],
						[
							69.25677582621574,
							41.26625025516813
						],
						[
							69.2630723118782,
							41.266476056840304
						],
						[
							69.26411971449852,
							41.268466908325564
						],
						[
							69.26949486136436,
							41.27441894018662
						],
						[
							69.27283957600594,
							41.27795361572436
						],
						[
							69.26898255944252,
							41.280165840203466
						],
						[
							69.26518052816391,
							41.2852320052782
						],
						[
							69.26634058356285,
							41.285650220945286
						],
						[
							69.26575049757957,
							41.28745607565162
						],
						[
							69.26634058356285,
							41.28753165441853
						],
						[
							69.26751807332039,
							41.28853936294516
						],
						[
							69.26913410425186,
							41.289565194238634
						],
						[
							69.26911532878876,
							41.29064844651376
						],
						[
							69.27152797579765,
							41.292720179374186
						],
						[
							69.27008360624313,
							41.29399281144262
						],
						[
							69.26904559135437,
							41.29548608202123
						],
						[
							69.26728740334511,
							41.30101854298809
						],
						[
							69.26645457744598,
							41.30193637629972
						],
						[
							69.26900133490562,
							41.30900557710558
						],
						[
							69.26761329174042,
							41.30944278054784
						],
						[
							69.26533341407776,
							41.310317178636865
						],
						[
							69.26415458321571,
							41.31069695387745
						],
						[
							69.26278665661812,
							41.31088734434587
						],
						[
							69.25998240709305,
							41.311076726905725
						],
						[
							69.25981879234314,
							41.310572041310394
						],
						[
							69.25892427563667,
							41.31013383807377
						],
						[
							69.25841867923737,
							41.30925238586079
						],
						[
							69.25789833068848,
							41.30854923029332
						],
						[
							69.25369396805763,
							41.30444700252269
						],
						[
							69.25355449318886,
							41.30341334548652
						],
						[
							69.25252854824066,
							41.30239377688133
						],
						[
							69.25158441066742,
							41.30208145524571
						],
						[
							69.25063893198967,
							41.30145076247953
						],
						[
							69.24913957715034,
							41.300738455168045
						],
						[
							69.24794733524323,
							41.299883071609315
						],
						[
							69.24297586083412,
							41.297560683933284
						],
						[
							69.24200087785721,
							41.29736219403577
						],
						[
							69.2419807612896,
							41.29589113332875
						],
						[
							69.24150466918945,
							41.29505986860124
						],
						[
							69.24056857824326,
							41.294801922483714
						],
						[
							69.24009248614311,
							41.293768112573446
						],
						[
							69.23957481980324,
							41.29352930620041
						],
						[
							69.23788502812386,
							41.29203800612066
						],
						[
							69.23766642808914,
							41.291560379833356
						],
						[
							69.23800438642502,
							41.289557132758915
						],
						[
							69.23762619495392,
							41.28840433090562
						],
						[
							69.23691004514694,
							41.28719003769564
						],
						[
							69.23592567443848,
							41.28660354109746
						],
						[
							69.23539862036705,
							41.286399979190094
						],
						[
							69.23515990376472,
							41.28606238749825
						],
						[
							69.23466235399246,
							41.28135406103027
						],
						[
							69.23422649502754,
							41.280955974189396
						],
						[
							69.23275396227837,
							41.280101339047576
						],
						[
							69.23195868730545,
							41.279942101546084
						],
						[
							69.23114329576492,
							41.279425080903735
						],
						[
							69.22985047101974,
							41.27896651140958
						],
						[
							69.22796085476875,
							41.27708281522621
						],
						[
							69.22601357102394,
							41.27565060534411
						],
						[
							69.22509491443634,
							41.273625703268976
						],
						[
							69.22320932149887,
							41.27193840488388
						],
						[
							69.22293037176132,
							41.270863913769574
						],
						[
							69.22237247228622,
							41.27012808882708
						],
						[
							69.22165766358376,
							41.269531358948285
						],
						[
							69.22179713845253,
							41.26917352000302
						],
						[
							69.22129958868027,
							41.26863726191175
						],
						[
							69.22106087207794,
							41.268079831069144
						],
						[
							69.22072291374207,
							41.2668470150351
						],
						[
							69.21835586428642,
							41.26470893629093
						],
						[
							69.2184765636921,
							41.26363533428187
						],
						[
							69.21823650598526,
							41.26238227224354
						],
						[
							69.21710461378098,
							41.261308631982644
						],
						[
							69.21678140759468,
							41.260533382172525
						],
						[
							69.21577155590057,
							41.25922985296884
						],
						[
							69.21519488096237,
							41.257479675397235
						],
						[
							69.2142802476883,
							41.25650576595561
						],
						[
							69.2139221727848,
							41.25553184199259
						],
						[
							69.21433925628662,
							41.25423930350206
						],
						[
							69.21493604779243,
							41.25368174975219
						],
						[
							69.21531423926353,
							41.25302639115921
						],
						[
							69.21620339155197,
							41.25357890930019
						]
					]
				]
			}
		}
	]
}
