{"type":"FeatureCollection","metadata":{"generatedAt":"2026-08-09T15:15:38.353Z","inputFeatureCount":1713,"featureCount":1501,"mergedGroupCount":174,"deduplicated":true},"features":[{"type":"Feature","geometry":{"type":"Point","coordinates":[69.1678217,41.3092]},"properties":{"id":"poi_4101a6fb3a903824","name":"\"\"NightBurger\"\"","aliases":[],"brand":null,"subtype":"burger","subtypes":["burger"],"sources":["overture"],"confidence":0.659,"address":"Beshqayragoch"}},{"type":"Feature","geometry":{"type":"Point","coordinates":[69.164863,41.23606]},"properties":{"id":"poi_eb44186853fe4498","name":"\"\"Зангиота\" макбараси\"","aliases":[],"brand":null,"subtype":"general_fast_food","subtypes":["general_fast_food"],"sources":["overture"],"confidence":0.659,"address":null}},{"type":"Feature","geometry":{"type":"Point","coordinates":[69.275879,41.318282]},"properties":{"id":"poi_539a94151b43e53b","name":"\"ALBAIK\" SHEDEVR","aliases":[],"brand":null,"subtype":"chicken","subtypes":["chicken"],"sources":["foursquare"],"confidence":0.62,"address":null}},{"type":"Feature","geometry":{"type":"Point","coordinates":[69.18285,41.23023]},"properties":{"id":"poi_8405c75675ea0a33","name":"\"Chayxana \"Chosh-tepa\"\"","aliases":[],"brand":null,"subtype":"general_fast_food","subtypes":["general_fast_food"],"sources":["overture"],"confidence":0.659,"address":"Choshtepa O'Tish Ko'Chasi 9"}},{"type":"Feature","geometry":{"type":"Point","coordinates":[69.25512785480518,41.32736939821134]},"properties":{"id":"poi_b39851deccaed8fc","name":"\"Chicken Max OOO\"","aliases":[],"brand":null,"subtype":"chicken","subtypes":["chicken"],"sources":["foursquare"],"confidence":0.62,"address":"Квартал Ц-15, А.Кодирий 9А"}},{"type":"Feature","geometry":{"type":"Point","coordinates":[69.293396,41.350926]},"properties":{"id":"poi_adc49f5f43ee7fbe","name":"\"Choyxona \"Chuqur\"\"","aliases":[],"brand":null,"subtype":"general_fast_food","subtypes":["general_fast_food"],"sources":["overture"],"confidence":0.659,"address":"Chinoz St"}},{"type":"Feature","geometry":{"type":"Point","coordinates":[69.28964212212317,41.30073416486264]},"properties":{"id":"poi_074bd4e6c9b4bdc2","name":"\"Doner house\" кафе","aliases":[],"brand":null,"subtype":"doner_kebab","subtypes":["doner_kebab"],"sources":["foursquare"],"confidence":0.62,"address":null}},{"type":"Feature","geometry":{"type":"Point","coordinates":[69.220839,41.321505]},"properties":{"id":"poi_1ef979a7f66575ca","name":"\"feedUp\"","aliases":[],"brand":"feed-up","subtype":"burger","subtypes":["burger"],"sources":["foursquare"],"confidence":0.62,"address":"Ko'kcha"}},{"type":"Feature","geometry":{"type":"Point","coordinates":[69.167363,41.307038]},"properties":{"id":"poi_8901681ea956306b","name":"\"NightBurger\"","aliases":[],"brand":null,"subtype":"burger","subtypes":["burger"],"sources":["foursquare"],"confidence":0.62,"address":"Beshqayragoch"}},{"type":"Feature","geometry":{"type":"Point","coordinates":[69.28074300450993,41.32799050047968]},"properties":{"id":"poi_3e370d739fbb4139","name":"\"Qamish\" Xorazm Gamburgeri","aliases":[],"brand":null,"subtype":"burger","subtypes":["burger"],"sources":["foursquare"],"confidence":0.62,"address":null}},{"type":"Feature","geometry":{"type":"Point","coordinates":[69.160338,41.306846]},"properties":{"id":"poi_54e565390d761a1b","name":"\"Taqachi Burger\"","aliases":[],"brand":null,"subtype":"burger","subtypes":["burger"],"sources":["foursquare"],"confidence":0.62,"address":"Taqachi"}},{"type":"Feature","geometry":{"type":"Point","coordinates":[69.28397905477763,41.33117463184652]},"properties":{"id":"poi_27889080c2fda05c","name":"\"ДЫМOFF\" The Luxe Lounge","aliases":[],"brand":null,"subtype":"sandwich","subtypes":["sandwich"],"sources":["foursquare"],"confidence":0.62,"address":"Улица \"Amir Temur\""}},{"type":"Feature","geometry":{"type":"Point","coordinates":[69.28288485168694,41.32933744080388]},"properties":{"id":"poi_aadff8e0ffd26179","name":"\"Лимончик\"  cafe 'Food time'","aliases":[],"brand":null,"subtype":"burger","subtypes":["burger"],"sources":["foursquare"],"confidence":0.62,"address":null}},{"type":"Feature","geometry":{"type":"Point","coordinates":[69.2770006,41.375752]},"properties":{"id":"poi_99b35696e6577744","name":"\"ресторан \"Setor\"\"","aliases":[],"brand":null,"subtype":"general_fast_food","subtypes":["general_fast_food"],"sources":["overture"],"confidence":0.659,"address":null}},{"type":"Feature","geometry":{"type":"Point","coordinates":[69.312003,41.3187]},"properties":{"id":"poi_abfab6781d5fab2b","name":"\"ТРЦ \"Самарканд дарвоза\"\"","aliases":[],"brand":null,"subtype":"general_fast_food","subtypes":["general_fast_food"],"sources":["overture"],"confidence":0.659,"address":"Umniy Tashkent, Shahrisabz Ko'Chasi 7"}},{"type":"Feature","geometry":{"type":"Point","coordinates":[69.28874581105943,41.32727005807988]},"properties":{"id":"poi_555be6d90245c85b","name":"\"У Дато\" рыбка))","aliases":[],"brand":null,"subtype":"general_fast_food","subtypes":["general_fast_food"],"sources":["foursquare"],"confidence":0.62,"address":null}},{"type":"Feature","geometry":{"type":"Point","coordinates":[69.2785903902777,41.31290528760164]},"properties":{"id":"poi_9bdaa8f5c9dcdb0d","name":"\"Уголок\". Цыплята табака.","aliases":[],"brand":null,"subtype":"chicken","subtypes":["chicken"],"sources":["foursquare"],"confidence":0.62,"address":"Сайилгох, 35/1"}},{"type":"Feature","geometry":{"type":"Point","coordinates":[69.2073382,41.344555]},"properties":{"id":"poi_453a72bd2b934302","name":"«Loook»","aliases":[],"brand":null,"subtype":"general_fast_food","subtypes":["general_fast_food"],"sources":["osm"],"confidence":0.62,"address":null}},{"type":"Feature","geometry":{"type":"Point","coordinates":[69.17800068855286,41.358168548475156]},"properties":{"id":"poi_ea73baf8e612f5df","name":"@MakBurger","aliases":[],"brand":null,"subtype":"burger","subtypes":["burger"],"sources":["foursquare"],"confidence":0.62,"address":"Uzbekistan"}},{"type":"Feature","geometry":{"type":"Point","coordinates":[69.26313804394427,41.292797154497286]},"properties":{"id":"poi_aa3dc32c84256cb7","name":"#Чебуречная #1","aliases":[],"brand":null,"subtype":"general_fast_food","subtypes":["general_fast_food"],"sources":["foursquare"],"confidence":0.62,"address":null}},{"type":"Feature","geometry":{"type":"Point","coordinates":[69.2816196,41.2961206]},"properties":{"id":"poi_3a2368d5e8f87475","name":"1001Gece_Restaurant","aliases":[],"brand":null,"subtype":"doner_kebab","subtypes":["doner_kebab"],"sources":["overture"],"confidence":0.697,"address":"Улица Тараса Шевченко 23"}},{"type":"Feature","geometry":{"type":"Point","coordinates":[69.30455280000001,41.3684043]},"properties":{"id":"poi_193853a3626a6c5c","name":"13 Rayon Burger","aliases":[],"brand":null,"subtype":"burger","subtypes":["burger"],"sources":["osm"],"confidence":0.62,"address":null}},{"type":"Feature","geometry":{"type":"Point","coordinates":[69.31717135113784,41.37135016033227]},"properties":{"id":"poi_cffa4153a3b1e281","name":"18 Burger","aliases":[],"brand":null,"subtype":"burger","subtypes":["burger"],"sources":["foursquare"],"confidence":0.62,"address":"Юнусабад 18"}},{"type":"Feature","geometry":{"type":"Point","coordinates":[69.2457865,41.3033054]},"properties":{"id":"poi_23ed916cb6266bee","name":"365 Burger","aliases":[],"brand":null,"subtype":"burger","subtypes":["burger"],"sources":["osm"],"confidence":0.62,"address":null}},{"type":"Feature","geometry":{"type":"Point","coordinates":[69.313435,41.318048]},"properties":{"id":"poi_8ffa21b7cba024a9","name":"7 Nebo","aliases":[],"brand":null,"subtype":"burger","subtypes":["burger"],"sources":["foursquare"],"confidence":0.62,"address":"Паркентская"}},{"type":"Feature","geometry":{"type":"Point","coordinates":[69.3132955,41.3180137]},"properties":{"id":"poi_ea6a93eace72c9ea","name":"7Nebo","aliases":[],"brand":null,"subtype":"general_fast_food","subtypes":["general_fast_food"],"sources":["osm"],"confidence":0.62,"address":null}},{"type":"Feature","geometry":{"type":"Point","coordinates":[69.2831307,41.30536225]},"properties":{"id":"poi_a72a465eb224439a","name":"Abark","aliases":[],"brand":null,"subtype":"general_fast_food","subtypes":["chicken","general_fast_food"],"sources":["foursquare","osm"],"confidence":0.82,"address":"Шахрисабзкая 5а"}},{"type":"Feature","geometry":{"type":"Point","coordinates":[69.1612352,41.2647971]},"properties":{"id":"poi_368a98271fe68f0c","name":"Abark","aliases":[],"brand":null,"subtype":"general_fast_food","subtypes":["general_fast_food"],"sources":["osm"],"confidence":0.62,"address":null}},{"type":"Feature","geometry":{"type":"Point","coordinates":[69.2817619,41.3201936]},"properties":{"id":"poi_6db70795d2470708","name":"Abdulla Qodiriy bekati / Abdulla Qodirii Station","aliases":[],"brand":null,"subtype":"general_fast_food","subtypes":["general_fast_food"],"sources":["overture"],"confidence":0.659,"address":"Abdulla Qodiriy"}},{"type":"Feature","geometry":{"type":"Point","coordinates":[69.2865095,41.3183242]},"properties":{"id":"poi_eb1e3fedf5fb7ca3","name":"Abi Central","aliases":[],"brand":null,"subtype":"general_fast_food","subtypes":["general_fast_food"],"sources":["osm"],"confidence":0.62,"address":null}},{"type":"Feature","geometry":{"type":"Point","coordinates":[69.26632935,41.369820950000005]},"properties":{"id":"poi_2cd21ba66fd723bf","name":"Adana Kebab Tashkent","aliases":["Adana Kebap"],"brand":null,"subtype":"doner_kebab","subtypes":["doner_kebab"],"sources":["foursquare","overture"],"confidence":0.897,"address":"Юнусабадский район улица Мойкурган 7 квартал рядом с домом 47 Ташкент UZ"}},{"type":"Feature","geometry":{"type":"Point","coordinates":[69.2459132,41.3304226]},"properties":{"id":"poi_4d49c81050bdd8cf","name":"Afiyet Doner Kebap","aliases":[],"brand":null,"subtype":"doner_kebab","subtypes":["doner_kebab"],"sources":["overture"],"confidence":0.734,"address":"Abdulla Qodiriy Daxasi 1a"}},{"type":"Feature","geometry":{"type":"Point","coordinates":[69.2626279,41.2765748]},"properties":{"id":"poi_7d70e7089f0eb1c4","name":"Agromir Food LLC","aliases":[],"brand":null,"subtype":"general_fast_food","subtypes":["general_fast_food"],"sources":["overture"],"confidence":0.659,"address":"Chekhov Light, Shahrisabz Ko'Chasi 22"}},{"type":"Feature","geometry":{"type":"Point","coordinates":[69.2313084,41.316264]},"properties":{"id":"poi_2cc5b1873a9e538e","name":"Akbar Bey Kebab","aliases":[],"brand":null,"subtype":"doner_kebab","subtypes":["doner_kebab"],"sources":["overture"],"confidence":0.734,"address":"Qoratosh ko'chasi 5 A"}},{"type":"Feature","geometry":{"type":"Point","coordinates":[69.32966970000001,41.3266756]},"properties":{"id":"poi_8be513c89ff904a5","name":"AKBAR BEY the Turkish kebab","aliases":[],"brand":null,"subtype":"doner_kebab","subtypes":["doner_kebab"],"sources":["osm"],"confidence":0.62,"address":null}},{"type":"Feature","geometry":{"type":"Point","coordinates":[69.2762945,41.318030050000004]},"properties":{"id":"poi_092e1359dca727cc","name":"ALBAIK","aliases":[],"brand":null,"subtype":"general_fast_food","subtypes":["general_fast_food"],"sources":["foursquare","overture"],"confidence":0.859,"address":null}},{"type":"Feature","geometry":{"type":"Point","coordinates":[69.2947317,41.3710363]},"properties":{"id":"poi_0c1d3ec280938cbe","name":"algoritm","aliases":[],"brand":null,"subtype":"general_fast_food","subtypes":["general_fast_food"],"sources":["osm"],"confidence":0.62,"address":null}},{"type":"Feature","geometry":{"type":"Point","coordinates":[69.3357468,41.3100502]},"properties":{"id":"poi_1c15748f91b4df5d","name":"Ali Baba","aliases":[],"brand":null,"subtype":"general_fast_food","subtypes":["general_fast_food"],"sources":["overture"],"confidence":0.697,"address":"4, Parkentskaya"}},{"type":"Feature","geometry":{"type":"Point","coordinates":[69.286648,41.366603]},"properties":{"id":"poi_de4d6b79f6e9d898","name":"AliBazar","aliases":[],"brand":null,"subtype":"general_fast_food","subtypes":["general_fast_food"],"sources":["overture"],"confidence":0.697,"address":"г.Ташкент,Юнусабадский район, ул. Амир Темур. Строй центр"}},{"type":"Feature","geometry":{"type":"Point","coordinates":[69.2025898,41.3216825]},"properties":{"id":"poi_067e7982148b51c9","name":"Alif Kitoblar Dokoni","aliases":[],"brand":null,"subtype":"general_fast_food","subtypes":["general_fast_food"],"sources":["overture"],"confidence":0.734,"address":"353-uy, Mannon Uygur Street"}},{"type":"Feature","geometry":{"type":"Point","coordinates":[69.25189754992405,41.29719269485299]},"properties":{"id":"poi_46d934b41ff61c95","name":"Amara","aliases":[],"brand":null,"subtype":"burger","subtypes":["burger"],"sources":["foursquare"],"confidence":0.62,"address":"Bonita Ko'chasi"}},{"type":"Feature","geometry":{"type":"Point","coordinates":[69.27195034483674,41.29257711383101]},"properties":{"id":"poi_25e3b3cd36693f8a","name":"Amara Food","aliases":[],"brand":null,"subtype":"burger","subtypes":["burger"],"sources":["foursquare"],"confidence":0.62,"address":null}},{"type":"Feature","geometry":{"type":"Point","coordinates":[69.28379280751216,41.325600356828495]},"properties":{"id":"poi_803c8b9fe92d6ae2","name":"Amazing food","aliases":[],"brand":null,"subtype":"general_fast_food","subtypes":["general_fast_food"],"sources":["foursquare"],"confidence":0.62,"address":null}},{"type":"Feature","geometry":{"type":"Point","coordinates":[69.24940480000001,41.29793525]},"properties":{"id":"poi_6246d05616bed499","name":"American pizza","aliases":["American Pizza"],"brand":null,"subtype":"pizza","subtypes":["pizza"],"sources":["osm","overture"],"confidence":0.897,"address":"Babur Street"}},{"type":"Feature","geometry":{"type":"Point","coordinates":[69.2508,41.3169]},"properties":{"id":"poi_dfa0b8ebfce641ef","name":"Americanpizza","aliases":[],"brand":null,"subtype":"pizza","subtypes":["pizza"],"sources":["overture"],"confidence":0.688,"address":"uzbekistan"}},{"type":"Feature","geometry":{"type":"Point","coordinates":[69.274117,41.338203]},"properties":{"id":"poi_6643416da0515c1a","name":"Amigo","aliases":[],"brand":null,"subtype":"general_fast_food","subtypes":["general_fast_food"],"sources":["foursquare"],"confidence":0.62,"address":"ул. Кургазма"}},{"type":"Feature","geometry":{"type":"Point","coordinates":[69.27206499314201,41.29892644732469]},"properties":{"id":"poi_6f44e9007f12abbe","name":"Angel' Food (второй этаж)","aliases":[],"brand":null,"subtype":"general_fast_food","subtypes":["general_fast_food"],"sources":["foursquare"],"confidence":0.62,"address":null}},{"type":"Feature","geometry":{"type":"Point","coordinates":[69.269281,41.297913]},"properties":{"id":"poi_c443c856d67d3f51","name":"Angel' food 2 floor","aliases":[],"brand":null,"subtype":"general_fast_food","subtypes":["general_fast_food"],"sources":["foursquare"],"confidence":0.62,"address":null}},{"type":"Feature","geometry":{"type":"Point","coordinates":[69.29857027535759,41.326980947370096]},"properties":{"id":"poi_7edebf85ea916095","name":"Angel's Drive","aliases":[],"brand":null,"subtype":"street_food","subtypes":["street_food"],"sources":["foursquare"],"confidence":0.62,"address":null}},{"type":"Feature","geometry":{"type":"Point","coordinates":[69.27257499532276,41.298890950228085]},"properties":{"id":"poi_b5014682c8fd7276","name":"Angel's Food","aliases":[],"brand":null,"subtype":"general_fast_food","subtypes":["general_fast_food"],"sources":["foursquare"],"confidence":0.62,"address":"ул. Афросиаб, 16"}},{"type":"Feature","geometry":{"type":"Point","coordinates":[69.25,41.3167]},"properties":{"id":"poi_17997ff57d080141","name":"Anhor Park mall","aliases":[],"brand":null,"subtype":"general_fast_food","subtypes":["general_fast_food"],"sources":["overture"],"confidence":0.697,"address":"ул. Лабзак, 12/1, Шайхантаурский р-н"}},{"type":"Feature","geometry":{"type":"Point","coordinates":[69.3016045,41.3668735]},"properties":{"id":"poi_4f12c14dba6d998f","name":"Anjiruz","aliases":[],"brand":null,"subtype":"general_fast_food","subtypes":["general_fast_food"],"sources":["overture"],"confidence":0.697,"address":"Ю Абад 14 Квартал"}},{"type":"Feature","geometry":{"type":"Point","coordinates":[69.2450505,41.3308913]},"properties":{"id":"poi_4d0b351524af3341","name":"Ankara Kebap","aliases":[],"brand":null,"subtype":"doner_kebab","subtypes":["doner_kebab"],"sources":["overture"],"confidence":0.734,"address":"A.Qodiriy ko`chasi 1B"}},{"type":"Feature","geometry":{"type":"Point","coordinates":[69.27110362964261,41.293361053154804]},"properties":{"id":"poi_33141630ed1afc68","name":"Anor","aliases":[],"brand":null,"subtype":"general_fast_food","subtypes":["general_fast_food"],"sources":["foursquare"],"confidence":0.62,"address":"35, Mirabad Street"}},{"type":"Feature","geometry":{"type":"Point","coordinates":[69.2904025,41.3120635]},"properties":{"id":"poi_b73bbd82f6966c39","name":"Apex Pizza","aliases":[],"brand":null,"subtype":"pizza","subtypes":["pizza"],"sources":["overture"],"confidence":0.734,"address":"Uzbekiston Ovozi Street 21а"}},{"type":"Feature","geometry":{"type":"Point","coordinates":[69.2901184,41.3119657]},"properties":{"id":"poi_a59a0c356eda2bc8","name":"apexpizza","aliases":[],"brand":null,"subtype":"pizza","subtypes":["pizza"],"sources":["osm"],"confidence":0.62,"address":null}},{"type":"Feature","geometry":{"type":"Point","coordinates":[69.28533,41.3678285]},"properties":{"id":"poi_9438c5f3d3c5874b","name":"Apexpizza","aliases":["Apex Pizza"],"brand":null,"subtype":"pizza","subtypes":["pizza"],"sources":["foursquare","osm"],"confidence":0.82,"address":null}},{"type":"Feature","geometry":{"type":"Point","coordinates":[69.2066601,41.3581565]},"properties":{"id":"poi_42e8d14a56469741","name":"Apexpizza","aliases":[],"brand":null,"subtype":"pizza","subtypes":["pizza"],"sources":["osm"],"confidence":0.62,"address":null}},{"type":"Feature","geometry":{"type":"Point","coordinates":[69.2363227,41.2834321]},"properties":{"id":"poi_6ca12a5d8c6d10a4","name":"Apexpizza","aliases":[],"brand":null,"subtype":"pizza","subtypes":["pizza"],"sources":["osm"],"confidence":0.62,"address":null}},{"type":"Feature","geometry":{"type":"Point","coordinates":[69.2308,41.3166602]},"properties":{"id":"poi_b78ccc51c620cc41","name":"Apexpizza","aliases":[],"brand":null,"subtype":"pizza","subtypes":["pizza"],"sources":["osm"],"confidence":0.62,"address":null}},{"type":"Feature","geometry":{"type":"Point","coordinates":[69.3131572,41.3186586]},"properties":{"id":"poi_7fc3420efea05190","name":"Apexpizza","aliases":[],"brand":null,"subtype":"pizza","subtypes":["pizza"],"sources":["osm"],"confidence":0.62,"address":null}},{"type":"Feature","geometry":{"type":"Point","coordinates":[69.1626585,41.3156792]},"properties":{"id":"poi_00bdb545464440f1","name":"Apexpizza","aliases":[],"brand":null,"subtype":"pizza","subtypes":["pizza"],"sources":["osm"],"confidence":0.62,"address":null}},{"type":"Feature","geometry":{"type":"Point","coordinates":[69.3012757,41.2510996]},"properties":{"id":"poi_7d48093404361040","name":"APEXPIZZA","aliases":[],"brand":null,"subtype":"pizza","subtypes":["pizza"],"sources":["osm"],"confidence":0.62,"address":null}},{"type":"Feature","geometry":{"type":"Point","coordinates":[69.1939458,41.2882873]},"properties":{"id":"poi_5b81bbfaf2eb9c11","name":"APEXPIZZA","aliases":[],"brand":null,"subtype":"pizza","subtypes":["pizza"],"sources":["osm"],"confidence":0.62,"address":null}},{"type":"Feature","geometry":{"type":"Point","coordinates":[69.3357725,41.3053629]},"properties":{"id":"poi_3e7ba9c378d56636","name":"APEXPIZZA Aviator","aliases":[],"brand":null,"subtype":"pizza","subtypes":["pizza"],"sources":["osm"],"confidence":0.62,"address":null}},{"type":"Feature","geometry":{"type":"Point","coordinates":[69.3093879,41.357072]},"properties":{"id":"poi_9aa27168de4810ef","name":"APEXPIZZA High tawn mall","aliases":[],"brand":null,"subtype":"pizza","subtypes":["pizza"],"sources":["osm"],"confidence":0.62,"address":null}},{"type":"Feature","geometry":{"type":"Point","coordinates":[69.2378077,41.2015368]},"properties":{"id":"poi_ac78c547a811dc5c","name":"APEXPIZZA Index","aliases":[],"brand":null,"subtype":"pizza","subtypes":["pizza"],"sources":["osm"],"confidence":0.62,"address":null}},{"type":"Feature","geometry":{"type":"Point","coordinates":[69.3699985,41.3346879]},"properties":{"id":"poi_3eee272649498ed6","name":"APEXPIZZA Karasu 1-1","aliases":[],"brand":null,"subtype":"pizza","subtypes":["pizza"],"sources":["osm"],"confidence":0.62,"address":null}},{"type":"Feature","geometry":{"type":"Point","coordinates":[69.2494396,41.2980261]},"properties":{"id":"poi_52ee78a2ada6cd1d","name":"APEXPIZZA Next","aliases":["american pizza (next)"],"brand":null,"subtype":"pizza","subtypes":["pizza"],"sources":["foursquare","osm"],"confidence":0.82,"address":"Tashkent"}},{"type":"Feature","geometry":{"type":"Point","coordinates":[69.24671020000001,41.26797]},"properties":{"id":"poi_066cb2c9c99f72e2","name":"APEXPIZZA Qushbegi","aliases":[],"brand":null,"subtype":"pizza","subtypes":["pizza"],"sources":["osm"],"confidence":0.62,"address":null}},{"type":"Feature","geometry":{"type":"Point","coordinates":[69.2467333,41.298878]},"properties":{"id":"poi_d7e69c4ec45640d2","name":"APEXPIZZA Seul moon","aliases":[],"brand":null,"subtype":"pizza","subtypes":["pizza"],"sources":["osm"],"confidence":0.62,"address":null}},{"type":"Feature","geometry":{"type":"Point","coordinates":[69.162861,41.3152424]},"properties":{"id":"poi_2ff9ce2f5918b0ad","name":"APEXPIZZA Shtab","aliases":[],"brand":null,"subtype":"pizza","subtypes":["pizza"],"sources":["osm"],"confidence":0.62,"address":null}},{"type":"Feature","geometry":{"type":"Point","coordinates":[69.1760635,41.2775021]},"properties":{"id":"poi_e56f71361e7e3ee9","name":"APEXPIZZA Vatan","aliases":[],"brand":null,"subtype":"pizza","subtypes":["pizza"],"sources":["osm"],"confidence":0.62,"address":null}},{"type":"Feature","geometry":{"type":"Point","coordinates":[69.2233022,41.2222647]},"properties":{"id":"poi_f750cc64624330c4","name":"APEXPIZZA СЕРГЕЛИ","aliases":[],"brand":null,"subtype":"pizza","subtypes":["pizza"],"sources":["osm"],"confidence":0.62,"address":null}},{"type":"Feature","geometry":{"type":"Point","coordinates":[69.2607522,41.2802737]},"properties":{"id":"poi_0990fe5644c15f5b","name":"Ardena Lounge.","aliases":[],"brand":null,"subtype":"general_fast_food","subtypes":["general_fast_food"],"sources":["overture"],"confidence":0.659,"address":"ул. Абдула Кахара 47"}},{"type":"Feature","geometry":{"type":"Point","coordinates":[69.23777723814287,41.32245705085949]},"properties":{"id":"poi_273cf7b0026fa765","name":"Ark","aliases":[],"brand":null,"subtype":"general_fast_food","subtypes":["general_fast_food"],"sources":["foursquare"],"confidence":0.62,"address":null}},{"type":"Feature","geometry":{"type":"Point","coordinates":[69.26122119282248,41.27080089291455]},"properties":{"id":"poi_7353613ef51580ba","name":"Artishock","aliases":["Artishock | Артишок"],"brand":null,"subtype":"general_fast_food","subtypes":["general_fast_food"],"sources":["foursquare","overture"],"confidence":0.934,"address":"Babur Street 77"}},{"type":"Feature","geometry":{"type":"Point","coordinates":[69.266238,41.29421]},"properties":{"id":"poi_0c8ea50676fd0c9a","name":"Artishok","aliases":[],"brand":null,"subtype":"burger","subtypes":["burger"],"sources":["overture"],"confidence":0.659,"address":"Шота Руставели 13а"}},{"type":"Feature","geometry":{"type":"Point","coordinates":[69.2502322,41.2832303]},"properties":{"id":"poi_a1d61a9f8891fff6","name":"Askiya Burger","aliases":[],"brand":null,"subtype":"burger","subtypes":["burger"],"sources":["osm"],"confidence":0.62,"address":null}},{"type":"Feature","geometry":{"type":"Point","coordinates":[69.2015313,41.2813131]},"properties":{"id":"poi_a7fed8dc1571962f","name":"Atlas FEC","aliases":[],"brand":null,"subtype":"general_fast_food","subtypes":["general_fast_food"],"sources":["overture"],"confidence":0.734,"address":"Массив"}},{"type":"Feature","geometry":{"type":"Point","coordinates":[69.2766094,41.3693371]},"properties":{"id":"poi_93f3c8735e9b520d","name":"AVC Motors","aliases":[],"brand":null,"subtype":"general_fast_food","subtypes":["general_fast_food"],"sources":["overture"],"confidence":0.659,"address":"Юнусабад 4"}},{"type":"Feature","geometry":{"type":"Point","coordinates":[69.31870202743305,41.31620017247443]},"properties":{"id":"poi_3b4ae6d95ed76020","name":"Aventura Restaurant","aliases":[],"brand":null,"subtype":"food_court","subtypes":["food_court"],"sources":["foursquare"],"confidence":0.62,"address":null}},{"type":"Feature","geometry":{"type":"Point","coordinates":[69.2556102,41.3282964]},"properties":{"id":"poi_33f53e0b593dbcb1","name":"Avenue Fusion Restaurant","aliases":[],"brand":null,"subtype":"general_fast_food","subtypes":["general_fast_food"],"sources":["overture"],"confidence":0.697,"address":"Шайхонтохурский р-н, ул. Абая,16"}},{"type":"Feature","geometry":{"type":"Point","coordinates":[69.2799166,41.328275]},"properties":{"id":"poi_75c23d48f56df680","name":"Avocado","aliases":[],"brand":null,"subtype":"general_fast_food","subtypes":["general_fast_food"],"sources":["osm"],"confidence":0.62,"address":null}},{"type":"Feature","geometry":{"type":"Point","coordinates":[69.2796952,41.3282774]},"properties":{"id":"poi_9add34c25814b850","name":"Avocado Bistro","aliases":[],"brand":null,"subtype":"general_fast_food","subtypes":["general_fast_food"],"sources":["overture"],"confidence":0.738,"address":"Осиё, 86А"}},{"type":"Feature","geometry":{"type":"Point","coordinates":[69.3296065,41.2891899]},"properties":{"id":"poi_726609cbdddd408b","name":"Avto Burger","aliases":[],"brand":null,"subtype":"burger","subtypes":["burger"],"sources":["overture"],"confidence":0.734,"address":"улица Алимкент"}},{"type":"Feature","geometry":{"type":"Point","coordinates":[69.2418208,41.2191288]},"properties":{"id":"poi_c4ef50685e3d2f04","name":"Avtoteh cafe","aliases":[],"brand":null,"subtype":"general_fast_food","subtypes":["general_fast_food"],"sources":["overture"],"confidence":0.734,"address":null}},{"type":"Feature","geometry":{"type":"Point","coordinates":[69.29325103759766,41.36737823486328]},"properties":{"id":"poi_509929fcc7eefbdc","name":"Aziza","aliases":[],"brand":null,"subtype":"burger","subtypes":["burger"],"sources":["foursquare"],"confidence":0.62,"address":null}},{"type":"Feature","geometry":{"type":"Point","coordinates":[69.242159,41.2715895]},"properties":{"id":"poi_55c9cfe391ea2b6d","name":"Bahcivan","aliases":[],"brand":null,"subtype":"doner_kebab","subtypes":["doner_kebab"],"sources":["overture"],"confidence":0.734,"address":"1-й проезд Шота Руставели 6"}},{"type":"Feature","geometry":{"type":"Point","coordinates":[69.2413941,41.3186947]},"properties":{"id":"poi_9fe3dc13713ef416","name":"Bait Al Mandi","aliases":[],"brand":null,"subtype":"general_fast_food","subtypes":["general_fast_food"],"sources":["overture"],"confidence":0.697,"address":"Furqat Ko'Chasi 2"}},{"type":"Feature","geometry":{"type":"Point","coordinates":[69.23203245022565,41.3163166997267]},"properties":{"id":"poi_c8ccbcf3854c0c2e","name":"barbeque burger","aliases":[],"brand":null,"subtype":"burger","subtypes":["burger"],"sources":["foursquare"],"confidence":0.62,"address":"Shaykhontokhur"}},{"type":"Feature","geometry":{"type":"Point","coordinates":[69.291226,41.311918]},"properties":{"id":"poi_fc5da63b9f7b6e37","name":"Barbeque Burger","aliases":[],"brand":null,"subtype":"burger","subtypes":["burger"],"sources":["foursquare"],"confidence":0.62,"address":null}},{"type":"Feature","geometry":{"type":"Point","coordinates":[69.33327,41.326878]},"properties":{"id":"poi_327f61ff73660497","name":"Barbeque Burger","aliases":[],"brand":null,"subtype":"burger","subtypes":["burger"],"sources":["foursquare"],"confidence":0.62,"address":null}},{"type":"Feature","geometry":{"type":"Point","coordinates":[69.28391,41.32577]},"properties":{"id":"poi_ba2d8ceb1c69beac","name":"Basribaba Restaurant Darxan","aliases":[],"brand":null,"subtype":"general_fast_food","subtypes":["general_fast_food"],"sources":["overture"],"confidence":0.659,"address":"Niyozbek Yo'li Ko'Chasi 1"}},{"type":"Feature","geometry":{"type":"Point","coordinates":[69.230052,41.211688]},"properties":{"id":"poi_e9f8b482fd7ccee1","name":"baxt qushi","aliases":[],"brand":null,"subtype":"chicken","subtypes":["chicken"],"sources":["foursquare"],"confidence":0.62,"address":null}},{"type":"Feature","geometry":{"type":"Point","coordinates":[69.2845268,41.3315542]},"properties":{"id":"poi_473d5ddccb28b26b","name":"Bbq","aliases":[],"brand":null,"subtype":"general_fast_food","subtypes":["general_fast_food"],"sources":["osm"],"confidence":0.62,"address":null}},{"type":"Feature","geometry":{"type":"Point","coordinates":[69.2314786,41.3159894]},"properties":{"id":"poi_fa9f3c517e95c9e5","name":"Bbq","aliases":[],"brand":null,"subtype":"general_fast_food","subtypes":["general_fast_food"],"sources":["osm"],"confidence":0.62,"address":null}},{"type":"Feature","geometry":{"type":"Point","coordinates":[69.21090070000001,41.2919876]},"properties":{"id":"poi_8ac94f7dad7f7b4c","name":"Bbq","aliases":[],"brand":null,"subtype":"general_fast_food","subtypes":["general_fast_food"],"sources":["osm"],"confidence":0.62,"address":null}},{"type":"Feature","geometry":{"type":"Point","coordinates":[69.28467,41.331703]},"properties":{"id":"poi_f52d65bc6abb67e7","name":"Bbq Barbeque Burger & Pizza","aliases":[],"brand":null,"subtype":"burger","subtypes":["burger"],"sources":["foursquare"],"confidence":0.62,"address":null}},{"type":"Feature","geometry":{"type":"Point","coordinates":[69.354126,41.353727]},"properties":{"id":"poi_13ea51949eb76cae","name":"BBQ Barbeque Burger & Pizza","aliases":[],"brand":null,"subtype":"burger","subtypes":["burger"],"sources":["foursquare"],"confidence":0.62,"address":"Atlas Chimgan Foodcourt"}},{"type":"Feature","geometry":{"type":"Point","coordinates":[69.28466,41.33168]},"properties":{"id":"poi_1579ccd98e54a57f","name":"Bbq Barbeque Burger &Pizza","aliases":[],"brand":null,"subtype":"burger","subtypes":["burger"],"sources":["foursquare"],"confidence":0.62,"address":null}},{"type":"Feature","geometry":{"type":"Point","coordinates":[69.2734298,41.3113291]},"properties":{"id":"poi_d0214a798d4b51c1","name":"BBQ burger","aliases":[],"brand":null,"subtype":"burger","subtypes":["burger"],"sources":["osm"],"confidence":0.62,"address":null}},{"type":"Feature","geometry":{"type":"Point","coordinates":[69.291187,41.3672416]},"properties":{"id":"poi_de84f554872c9dda","name":"BBQ burger","aliases":[],"brand":null,"subtype":"burger","subtypes":["burger"],"sources":["osm"],"confidence":0.62,"address":null}},{"type":"Feature","geometry":{"type":"Point","coordinates":[69.211117,41.291859]},"properties":{"id":"poi_34fe7181bcf1c9bb","name":"BBQ Burger","aliases":[],"brand":null,"subtype":"burger","subtypes":["burger"],"sources":["foursquare"],"confidence":0.62,"address":null}},{"type":"Feature","geometry":{"type":"Point","coordinates":[69.25,41.3167]},"properties":{"id":"poi_31dbc9f6441d7650","name":"Bears Burger Tashkent","aliases":[],"brand":null,"subtype":"burger","subtypes":["burger"],"sources":["overture"],"confidence":0.659,"address":"Мирзо-Улугбекский район, ECO-базар, (ориентир перекресток Чимган)"}},{"type":"Feature","geometry":{"type":"Point","coordinates":[69.2343163,41.3039735]},"properties":{"id":"poi_d2e550ee21cfd32b","name":"Beep Auto - Birinchi Ulgurji Avtosalon","aliases":[],"brand":null,"subtype":"burger","subtypes":["burger"],"sources":["overture"],"confidence":0.697,"address":"159/1 ул. Шаахмеда Шамахмудова, Tashkent 100020"}},{"type":"Feature","geometry":{"type":"Point","coordinates":[69.3278412,41.3110109]},"properties":{"id":"poi_20baf36616c73999","name":"Behruz банкетный зал/ ресторан","aliases":[],"brand":null,"subtype":"general_fast_food","subtypes":["general_fast_food"],"sources":["overture"],"confidence":0.688,"address":"Олтинтепа 28"}},{"type":"Feature","geometry":{"type":"Point","coordinates":[69.24733356617989,41.27979340122507]},"properties":{"id":"poi_5efa00307ec10a5e","name":"Bella Napoli","aliases":[],"brand":null,"subtype":"pizza","subtypes":["pizza"],"sources":["foursquare"],"confidence":0.62,"address":"63, Usman Nosir st."}},{"type":"Feature","geometry":{"type":"Point","coordinates":[69.245917,41.303368]},"properties":{"id":"poi_df4115bee40b9c20","name":"Bella Napoli","aliases":[],"brand":null,"subtype":"pizza","subtypes":["pizza"],"sources":["foursquare"],"confidence":0.62,"address":null}},{"type":"Feature","geometry":{"type":"Point","coordinates":[69.2473318,41.3035812]},"properties":{"id":"poi_1205e4d1dcc9cc9e","name":"Bella Napoli","aliases":[],"brand":null,"subtype":"general_fast_food","subtypes":["general_fast_food"],"sources":["osm"],"confidence":0.62,"address":null}},{"type":"Feature","geometry":{"type":"Point","coordinates":[69.28007035,41.37580895000001]},"properties":{"id":"poi_11c2a85ee0c5d95c","name":"Bellissimo","aliases":["Bellissimo Pizza @Y-Abad 9"],"brand":"bellissimo","subtype":"general_fast_food","subtypes":["pizza","general_fast_food"],"sources":["foursquare","osm"],"confidence":0.82,"address":"Yunusobod-9, Uch Qakhramon street"}},{"type":"Feature","geometry":{"type":"Point","coordinates":[69.24519219999999,41.30366375]},"properties":{"id":"poi_128fefab4234e429","name":"Bellissimo","aliases":["Bellissimo Pizza"],"brand":"bellissimo","subtype":"general_fast_food","subtypes":["pizza","general_fast_food"],"sources":["foursquare","osm"],"confidence":0.82,"address":"Улица Бабура, 174/8"}},{"type":"Feature","geometry":{"type":"Point","coordinates":[69.29106834999999,41.31198875]},"properties":{"id":"poi_2e68e4fa5e28bb82","name":"Bellissimo","aliases":["Bellissimo Pizza (Ц-1)"],"brand":"bellissimo","subtype":"general_fast_food","subtypes":["pizza","general_fast_food"],"sources":["foursquare","osm"],"confidence":0.82,"address":"улица Узбекистон Овози 21"}},{"type":"Feature","geometry":{"type":"Point","coordinates":[69.2543563,41.33957855]},"properties":{"id":"poi_3ee3a1153c0cd6c4","name":"Bellissimo","aliases":["Bellissimo Pizza"],"brand":"bellissimo","subtype":"general_fast_food","subtypes":["pizza","general_fast_food"],"sources":["foursquare","osm"],"confidence":0.82,"address":"Third Floor, Riviera Mall"}},{"type":"Feature","geometry":{"type":"Point","coordinates":[69.3287996,41.23861875]},"properties":{"id":"poi_bd9974276d9b8a3d","name":"Bellissimo","aliases":["Bellissimo Pizza (Трц Compass)"],"brand":"bellissimo","subtype":"general_fast_food","subtypes":["pizza","general_fast_food"],"sources":["foursquare","osm"],"confidence":0.82,"address":"Мирабадский район 17, Ташкентская кольцевая автодорога"}},{"type":"Feature","geometry":{"type":"Point","coordinates":[69.249638,41.3161452]},"properties":{"id":"poi_27943bca1b530b40","name":"Bellissimo","aliases":["Bellissimo Pizza"],"brand":"bellissimo","subtype":"general_fast_food","subtypes":["pizza","general_fast_food"],"sources":["foursquare","osm"],"confidence":0.82,"address":null}},{"type":"Feature","geometry":{"type":"Point","coordinates":[69.28463479999999,41.33210085]},"properties":{"id":"poi_0e363907e4ae03b2","name":"Bellissimo","aliases":[],"brand":"bellissimo","subtype":"general_fast_food","subtypes":["pizza","general_fast_food"],"sources":["foursquare","osm"],"confidence":0.82,"address":null}},{"type":"Feature","geometry":{"type":"Point","coordinates":[69.2311071,41.3163972]},"properties":{"id":"poi_a26b34915ae3119d","name":"Bellissimo","aliases":["Bellissimo Pizza (Трц Samarqand Darvoza)"],"brand":"bellissimo","subtype":"general_fast_food","subtypes":["pizza","general_fast_food"],"sources":["foursquare","osm"],"confidence":0.82,"address":"улица Кораташ 5а"}},{"type":"Feature","geometry":{"type":"Point","coordinates":[69.24941755,41.2976616]},"properties":{"id":"poi_0411202e6fa5cd08","name":"Bellissimo","aliases":[],"brand":"bellissimo","subtype":"general_fast_food","subtypes":["pizza","general_fast_food"],"sources":["foursquare","osm"],"confidence":0.82,"address":null}},{"type":"Feature","geometry":{"type":"Point","coordinates":[69.222224,41.222233349999996]},"properties":{"id":"poi_d4bda74b6aa31950","name":"Bellissimo","aliases":["Bellissimo Sergeli"],"brand":"bellissimo","subtype":"general_fast_food","subtypes":["pizza","general_fast_food"],"sources":["foursquare","osm"],"confidence":0.82,"address":null}},{"type":"Feature","geometry":{"type":"Point","coordinates":[69.3410039,41.2915433]},"properties":{"id":"poi_fee93b9fb2970a74","name":"Bellissimo","aliases":[],"brand":"bellissimo","subtype":"general_fast_food","subtypes":["general_fast_food"],"sources":["osm"],"confidence":0.62,"address":null}},{"type":"Feature","geometry":{"type":"Point","coordinates":[69.2645341,41.3273243]},"properties":{"id":"poi_6dafd5b05aec04bd","name":"Bellissimo","aliases":[],"brand":"bellissimo","subtype":"general_fast_food","subtypes":["general_fast_food"],"sources":["osm"],"confidence":0.62,"address":null}},{"type":"Feature","geometry":{"type":"Point","coordinates":[69.1822815,41.3131649]},"properties":{"id":"poi_5c6e45af245ff6ec","name":"Bellissimo","aliases":[],"brand":"bellissimo","subtype":"general_fast_food","subtypes":["general_fast_food"],"sources":["osm"],"confidence":0.62,"address":null}},{"type":"Feature","geometry":{"type":"Point","coordinates":[69.22038230000001,41.3791976]},"properties":{"id":"poi_2a7a5bb641e8ac6f","name":"Bellissimo","aliases":[],"brand":"bellissimo","subtype":"general_fast_food","subtypes":["general_fast_food"],"sources":["osm"],"confidence":0.62,"address":null}},{"type":"Feature","geometry":{"type":"Point","coordinates":[69.29108,41.366992]},"properties":{"id":"poi_409344afd5cbca1e","name":"Bellissimo","aliases":[],"brand":"bellissimo","subtype":"general_fast_food","subtypes":["general_fast_food"],"sources":["osm"],"confidence":0.62,"address":null}},{"type":"Feature","geometry":{"type":"Point","coordinates":[69.2014244,41.2815032]},"properties":{"id":"poi_b4b4592d0d9471de","name":"Bellissimo","aliases":[],"brand":"bellissimo","subtype":"general_fast_food","subtypes":["general_fast_food"],"sources":["osm"],"confidence":0.62,"address":null}},{"type":"Feature","geometry":{"type":"Point","coordinates":[69.1703671,41.272904]},"properties":{"id":"poi_b63d2596bdb25902","name":"Bellissimo","aliases":[],"brand":"bellissimo","subtype":"general_fast_food","subtypes":["general_fast_food"],"sources":["osm"],"confidence":0.62,"address":null}},{"type":"Feature","geometry":{"type":"Point","coordinates":[69.27084520000001,41.2937203]},"properties":{"id":"poi_d9cb47bfbc75dd7b","name":"Bellissimo","aliases":[],"brand":"bellissimo","subtype":"general_fast_food","subtypes":["general_fast_food"],"sources":["osm"],"confidence":0.62,"address":null}},{"type":"Feature","geometry":{"type":"Point","coordinates":[69.355729,41.337139]},"properties":{"id":"poi_8dfb4963531d9308","name":"Bellissimo","aliases":[],"brand":"bellissimo","subtype":"general_fast_food","subtypes":["general_fast_food"],"sources":["osm"],"confidence":0.62,"address":null}},{"type":"Feature","geometry":{"type":"Point","coordinates":[69.191342,41.2701462]},"properties":{"id":"poi_c53767286b4116be","name":"Bellissimo","aliases":[],"brand":"bellissimo","subtype":"general_fast_food","subtypes":["general_fast_food"],"sources":["osm"],"confidence":0.62,"address":null}},{"type":"Feature","geometry":{"type":"Point","coordinates":[69.2042783,41.3405583]},"properties":{"id":"poi_bcc95612dd383400","name":"Bellissimo","aliases":[],"brand":"bellissimo","subtype":"general_fast_food","subtypes":["general_fast_food"],"sources":["osm"],"confidence":0.62,"address":null}},{"type":"Feature","geometry":{"type":"Point","coordinates":[69.3373025,41.3275116]},"properties":{"id":"poi_cda3d89e526b7fcd","name":"Bellissimo","aliases":[],"brand":"bellissimo","subtype":"general_fast_food","subtypes":["general_fast_food"],"sources":["osm"],"confidence":0.62,"address":null}},{"type":"Feature","geometry":{"type":"Point","coordinates":[69.3516575,41.3530305]},"properties":{"id":"poi_d345de8fb8e3c098","name":"Bellissimo","aliases":[],"brand":"bellissimo","subtype":"general_fast_food","subtypes":["general_fast_food"],"sources":["osm"],"confidence":0.62,"address":null}},{"type":"Feature","geometry":{"type":"Point","coordinates":[69.19973730000001,41.2189649]},"properties":{"id":"poi_c9b7d8f5d55fa5c9","name":"Bellissimo","aliases":[],"brand":"bellissimo","subtype":"general_fast_food","subtypes":["general_fast_food"],"sources":["osm"],"confidence":0.62,"address":null}},{"type":"Feature","geometry":{"type":"Point","coordinates":[69.20521,41.286379]},"properties":{"id":"poi_ca34dfec166274d9","name":"Bellissimo Pizza","aliases":[],"brand":"bellissimo","subtype":"pizza","subtypes":["pizza"],"sources":["foursquare"],"confidence":0.62,"address":"Чиланзар 9-й квартал, 1/1"}},{"type":"Feature","geometry":{"type":"Point","coordinates":[69.2240951,41.2838284]},"properties":{"id":"poi_3d122cc210ab2402","name":"Bellissimo Pizza","aliases":[],"brand":"bellissimo","subtype":"pizza","subtypes":["pizza"],"sources":["osm"],"confidence":0.62,"address":null}},{"type":"Feature","geometry":{"type":"Point","coordinates":[69.32903130000001,41.3150372]},"properties":{"id":"poi_bccea1471f7fcd3d","name":"Bellissimo Pizza","aliases":[],"brand":"bellissimo","subtype":"pizza","subtypes":["pizza"],"sources":["osm"],"confidence":0.62,"address":null}},{"type":"Feature","geometry":{"type":"Point","coordinates":[69.173071,41.34876]},"properties":{"id":"poi_32f8b0444276082a","name":"Beltepa","aliases":[],"brand":null,"subtype":"chicken","subtypes":["chicken"],"sources":["foursquare"],"confidence":0.62,"address":null}},{"type":"Feature","geometry":{"type":"Point","coordinates":[69.3876743,41.3551083]},"properties":{"id":"poi_9c28db1017a5ee16","name":"berezka.uz","aliases":[],"brand":null,"subtype":"pizza","subtypes":["pizza"],"sources":["overture"],"confidence":0.697,"address":"Berezka.uz TTZ Мирзо-Улугбекский район, улица Гульсанам, 12а"}},{"type":"Feature","geometry":{"type":"Point","coordinates":[69.1930184,41.3582291]},"properties":{"id":"poi_24db7e34ba6b2439","name":"Beruniy Toyhona","aliases":[],"brand":null,"subtype":"general_fast_food","subtypes":["general_fast_food"],"sources":["overture"],"confidence":0.697,"address":null}},{"type":"Feature","geometry":{"type":"Point","coordinates":[69.2314772,41.3317776]},"properties":{"id":"poi_dbe13f68372305fc","name":"Besh panja somsa markazi","aliases":[],"brand":null,"subtype":"general_fast_food","subtypes":["general_fast_food"],"sources":["osm"],"confidence":0.62,"address":null}},{"type":"Feature","geometry":{"type":"Point","coordinates":[69.166373,41.308611]},"properties":{"id":"poi_13e25688c7d4aeda","name":"Beshqayrag'och Somsa","aliases":[],"brand":null,"subtype":"general_fast_food","subtypes":["general_fast_food"],"sources":["overture"],"confidence":0.697,"address":null}},{"type":"Feature","geometry":{"type":"Point","coordinates":[69.22933175085446,41.21308146460962]},"properties":{"id":"poi_346a1ae85a73393b","name":"Best burger","aliases":[],"brand":null,"subtype":"burger","subtypes":["burger"],"sources":["foursquare"],"confidence":0.62,"address":null}},{"type":"Feature","geometry":{"type":"Point","coordinates":[69.20463699826638,41.34110262235938]},"properties":{"id":"poi_ae1c0484e0780aba","name":"Best Food","aliases":[],"brand":null,"subtype":"general_fast_food","subtypes":["burger","general_fast_food"],"sources":["foursquare","osm","overture"],"confidence":0.98,"address":"Huvaydo"}},{"type":"Feature","geometry":{"type":"Point","coordinates":[69.24576285820397,41.30658260120375]},"properties":{"id":"poi_6bf54d4029c4186b","name":"Best Food","aliases":[],"brand":null,"subtype":"hot_dog","subtypes":["hot_dog"],"sources":["foursquare"],"confidence":0.62,"address":null}},{"type":"Feature","geometry":{"type":"Point","coordinates":[69.24593416342022,41.30663006056421]},"properties":{"id":"poi_ae9f5d8ebccd8cc2","name":"Bibigon (Бешагач)","aliases":[],"brand":null,"subtype":"general_fast_food","subtypes":["general_fast_food"],"sources":["foursquare","overture"],"confidence":0.921,"address":"улица Алмазар, 15/3"}},{"type":"Feature","geometry":{"type":"Point","coordinates":[69.33249469262378,41.32566156242891]},"properties":{"id":"poi_835de1927b457ff1","name":"Bibigon (Никитина)","aliases":[],"brand":null,"subtype":"pizza","subtypes":["pizza"],"sources":["foursquare"],"confidence":0.62,"address":"ул. Хирмонтепа, 34"}},{"type":"Feature","geometry":{"type":"Point","coordinates":[69.28974570830724,41.31163422671047]},"properties":{"id":"poi_79458281d976255d","name":"Bibigon Cafe","aliases":["Bibigon (Ц1)"],"brand":null,"subtype":"pizza","subtypes":["pizza"],"sources":["foursquare","overture"],"confidence":0.934,"address":"ул. Академика Гулямова, 38"}},{"type":"Feature","geometry":{"type":"Point","coordinates":[69.3593717,41.2898353]},"properties":{"id":"poi_4172d41fc9456eba","name":"BibigonPizza","aliases":[],"brand":null,"subtype":"pizza","subtypes":["pizza"],"sources":["overture"],"confidence":0.659,"address":"Яшнабадский район, массив Тузель, 2-й квартал, Автоцентр «Centara» ( ориентир: \"40 лет Победы\")"}},{"type":"Feature","geometry":{"type":"Point","coordinates":[69.17785443870883,41.34930484076521]},"properties":{"id":"poi_4e9d9338b0797e0d","name":"Big Burger","aliases":[],"brand":null,"subtype":"burger","subtypes":["burger"],"sources":["foursquare"],"confidence":0.62,"address":"г Ташкент, ул Фароби"}},{"type":"Feature","geometry":{"type":"Point","coordinates":[69.21863366698871,41.3019884664463]},"properties":{"id":"poi_18001e28afca2012","name":"Big Burger","aliases":[],"brand":null,"subtype":"burger","subtypes":["burger"],"sources":["foursquare"],"confidence":0.62,"address":null}},{"type":"Feature","geometry":{"type":"Point","coordinates":[69.29221339623072,41.309917929850016]},"properties":{"id":"poi_9b5663bb5c22ee35","name":"BIG Burger","aliases":[],"brand":null,"subtype":"burger","subtypes":["burger"],"sources":["foursquare"],"confidence":0.62,"address":"ул. Буюк Ипак Йули, дом 123"}},{"type":"Feature","geometry":{"type":"Point","coordinates":[69.29137886842597,41.366942166815825]},"properties":{"id":"poi_d6a3e95979d12218","name":"Big Burger (Mega Planet)","aliases":[],"brand":null,"subtype":"burger","subtypes":["burger"],"sources":["foursquare"],"confidence":0.62,"address":null}},{"type":"Feature","geometry":{"type":"Point","coordinates":[69.33747932443966,41.32735570749588]},"properties":{"id":"poi_063bfa0682046946","name":"Big Burger at B.I.Y","aliases":[],"brand":null,"subtype":"burger","subtypes":["burger"],"sources":["foursquare"],"confidence":0.62,"address":"Buyuk Ipak Yo'li 123"}},{"type":"Feature","geometry":{"type":"Point","coordinates":[69.273475,41.311788]},"properties":{"id":"poi_ff891a5d2049fe28","name":"Big Burger Orzu","aliases":[],"brand":null,"subtype":"burger","subtypes":["burger"],"sources":["foursquare"],"confidence":0.62,"address":null}},{"type":"Feature","geometry":{"type":"Point","coordinates":[69.1712268,41.2327605]},"properties":{"id":"poi_13190d4223e0ce98","name":"Big House burger","aliases":[],"brand":null,"subtype":"burger","subtypes":["burger"],"sources":["osm"],"confidence":0.62,"address":null}},{"type":"Feature","geometry":{"type":"Point","coordinates":[69.38529902562956,41.35559525992956]},"properties":{"id":"poi_064e6d480afe4bce","name":"BIG Lavash TTZ","aliases":[],"brand":null,"subtype":"doner_kebab","subtypes":["doner_kebab"],"sources":["foursquare"],"confidence":0.62,"address":null}},{"type":"Feature","geometry":{"type":"Point","coordinates":[69.23496596213819,41.28490403701419]},"properties":{"id":"poi_08e16d1ec7d786dc","name":"Big Mac","aliases":[],"brand":null,"subtype":"burger","subtypes":["burger"],"sources":["foursquare"],"confidence":0.62,"address":null}},{"type":"Feature","geometry":{"type":"Point","coordinates":[69.22289681604516,41.28244063001078]},"properties":{"id":"poi_371eaa53babe1e95","name":"Big Way","aliases":[],"brand":null,"subtype":"pizza","subtypes":["pizza"],"sources":["foursquare"],"confidence":0.62,"address":null}},{"type":"Feature","geometry":{"type":"Point","coordinates":[69.24403276306205,41.27878936448636]},"properties":{"id":"poi_ef304c94c98e778b","name":"Big Way","aliases":[],"brand":null,"subtype":"general_fast_food","subtypes":["general_fast_food"],"sources":["foursquare"],"confidence":0.62,"address":null}},{"type":"Feature","geometry":{"type":"Point","coordinates":[69.258517,41.289816]},"properties":{"id":"poi_cec51622197faa8f","name":"Big Way Cafe","aliases":[],"brand":null,"subtype":"burger","subtypes":["burger"],"sources":["foursquare"],"confidence":0.62,"address":null}},{"type":"Feature","geometry":{"type":"Point","coordinates":[69.259739,41.271278]},"properties":{"id":"poi_a9823fc33b7ca9b6","name":"Big Way Pizzerie","aliases":[],"brand":null,"subtype":"pizza","subtypes":["pizza"],"sources":["foursquare"],"confidence":0.62,"address":null}},{"type":"Feature","geometry":{"type":"Point","coordinates":[69.2508,41.3169]},"properties":{"id":"poi_ffc967548f928bd7","name":"Big-Burger Tashkent","aliases":[],"brand":null,"subtype":"burger","subtypes":["burger"],"sources":["overture"],"confidence":0.659,"address":"Olmos Ko'Chasi 2b"}},{"type":"Feature","geometry":{"type":"Point","coordinates":[69.3339872,41.3552614]},"properties":{"id":"poi_32ff9c2c360cd817","name":"bigboss_uz","aliases":[],"brand":null,"subtype":"general_fast_food","subtypes":["general_fast_food"],"sources":["overture"],"confidence":0.697,"address":"Сампи Бигбосс"}},{"type":"Feature","geometry":{"type":"Point","coordinates":[69.27605188052716,41.317908694957495]},"properties":{"id":"poi_be4a97e0b21bcad4","name":"BIGBURGER at SHEDEVR","aliases":[],"brand":null,"subtype":"burger","subtypes":["burger"],"sources":["foursquare"],"confidence":0.62,"address":null}},{"type":"Feature","geometry":{"type":"Point","coordinates":[69.23276582882647,41.2839737260579]},"properties":{"id":"poi_7e4aee6846f8f48f","name":"BigMac","aliases":[],"brand":null,"subtype":"general_fast_food","subtypes":["general_fast_food"],"sources":["foursquare"],"confidence":0.62,"address":null}},{"type":"Feature","geometry":{"type":"Point","coordinates":[69.21337772122297,41.296187501722315]},"properties":{"id":"poi_c9bb689ecce12106","name":"BigWay","aliases":[],"brand":null,"subtype":"burger","subtypes":["burger"],"sources":["foursquare"],"confidence":0.62,"address":null}},{"type":"Feature","geometry":{"type":"Point","coordinates":[69.20366706906198,41.27475190943446]},"properties":{"id":"poi_c62f849a697cb8f0","name":"BigWay","aliases":[],"brand":null,"subtype":"general_fast_food","subtypes":["general_fast_food"],"sources":["foursquare"],"confidence":0.62,"address":null}},{"type":"Feature","geometry":{"type":"Point","coordinates":[69.2246307,41.2926379]},"properties":{"id":"poi_1a0a7bef6fa264da","name":"Bistro Hamza","aliases":[],"brand":null,"subtype":"general_fast_food","subtypes":["general_fast_food"],"sources":["overture"],"confidence":0.697,"address":"Bunyodkor avenue"}},{"type":"Feature","geometry":{"type":"Point","coordinates":[69.172047,41.243463]},"properties":{"id":"poi_bdff4505492fda18","name":"Bisyor Burger (Ипподром, Корейский базар)","aliases":[],"brand":null,"subtype":"burger","subtypes":["burger"],"sources":["foursquare"],"confidence":0.62,"address":null}},{"type":"Feature","geometry":{"type":"Point","coordinates":[69.2308396,41.31652525]},"properties":{"id":"poi_ab1699c30980204d","name":"Black Star Burger","aliases":[],"brand":"black-star-burger","subtype":"burger","subtypes":["burger"],"sources":["foursquare","overture"],"confidence":0.934,"address":"Samarqand Darvoza, Кораташ, 5а"}},{"type":"Feature","geometry":{"type":"Point","coordinates":[69.29148445,41.307262449999996]},"properties":{"id":"poi_47df82150e2ea8dd","name":"Black Star Burger","aliases":["Black Star Burger Tashkent"],"brand":"black-star-burger","subtype":"burger","subtypes":["burger"],"sources":["foursquare","overture"],"confidence":0.938,"address":"Пересечение улиц Тараккиет и, Sodiq Azimov ko'chasi"}},{"type":"Feature","geometry":{"type":"Point","coordinates":[69.25459,41.339325]},"properties":{"id":"poi_82ddbe7a2a5e3f24","name":"Black Star Burger","aliases":[],"brand":"black-star-burger","subtype":"burger","subtypes":["burger"],"sources":["foursquare"],"confidence":0.62,"address":null}},{"type":"Feature","geometry":{"type":"Point","coordinates":[69.336914,41.327553]},"properties":{"id":"poi_be66ee11461e8009","name":"Black Star Burger","aliases":[],"brand":"black-star-burger","subtype":"burger","subtypes":["burger"],"sources":["foursquare"],"confidence":0.62,"address":null}},{"type":"Feature","geometry":{"type":"Point","coordinates":[69.27914,41.31351]},"properties":{"id":"poi_f21d2027631de672","name":"Blackout","aliases":[],"brand":null,"subtype":"general_fast_food","subtypes":["general_fast_food"],"sources":["overture"],"confidence":0.659,"address":"Amir Temur shoh ko’chasi 1"}},{"type":"Feature","geometry":{"type":"Point","coordinates":[69.193983,41.287804]},"properties":{"id":"poi_fa8c85b735c040bf","name":"Blast","aliases":[],"brand":null,"subtype":"sandwich","subtypes":["sandwich"],"sources":["foursquare"],"confidence":0.62,"address":"Учтепа Г9А квартал, 21/1"}},{"type":"Feature","geometry":{"type":"Point","coordinates":[69.28062,41.296917]},"properties":{"id":"poi_c7d595720d642666","name":"Boboy","aliases":[],"brand":null,"subtype":"doner_kebab","subtypes":["doner_kebab"],"sources":["foursquare"],"confidence":0.62,"address":null}},{"type":"Feature","geometry":{"type":"Point","coordinates":[69.2534027,41.3216067]},"properties":{"id":"poi_6610ada38ae3f94c","name":"Bodrum","aliases":[],"brand":null,"subtype":"doner_kebab","subtypes":["doner_kebab"],"sources":["overture"],"confidence":0.734,"address":"Navoi Avenue 26"}},{"type":"Feature","geometry":{"type":"Point","coordinates":[69.2195973,41.2817366]},"properties":{"id":"poi_6039db1f4c084aa3","name":"Bogi Diyor","aliases":[],"brand":null,"subtype":"general_fast_food","subtypes":["general_fast_food"],"sources":["overture"],"confidence":0.734,"address":"6 Chilonzor Mavzesi 2"}},{"type":"Feature","geometry":{"type":"Point","coordinates":[69.25450897216797,41.34518051147461]},"properties":{"id":"poi_8ae9ca8779bc54e5","name":"Bonanza","aliases":[],"brand":null,"subtype":"chicken","subtypes":["chicken"],"sources":["foursquare"],"confidence":0.62,"address":null}},{"type":"Feature","geometry":{"type":"Point","coordinates":[69.1893356,41.3072575]},"properties":{"id":"poi_cb9075b8e95fedce","name":"BOOKCAFE","aliases":[],"brand":null,"subtype":"general_fast_food","subtypes":["general_fast_food"],"sources":["osm"],"confidence":0.62,"address":null}},{"type":"Feature","geometry":{"type":"Point","coordinates":[69.284427,41.303086]},"properties":{"id":"poi_370f226b484aba7f","name":"Borowski Hot Dog","aliases":[],"brand":null,"subtype":"hot_dog","subtypes":["hot_dog"],"sources":["foursquare"],"confidence":0.62,"address":null}},{"type":"Feature","geometry":{"type":"Point","coordinates":[69.2573449,41.2842299]},"properties":{"id":"poi_6bc1887d5f7ffd72","name":"Bosphorus Restaurant","aliases":[],"brand":null,"subtype":"doner_kebab","subtypes":["doner_kebab"],"sources":["overture"],"confidence":0.734,"address":"Mahmud Tarobiy Street No:27"}},{"type":"Feature","geometry":{"type":"Point","coordinates":[69.265982,41.329803]},"properties":{"id":"poi_ca8128ff94e76792","name":"Brava","aliases":[],"brand":null,"subtype":"pizza","subtypes":["pizza"],"sources":["foursquare"],"confidence":0.62,"address":null}},{"type":"Feature","geometry":{"type":"Point","coordinates":[69.30989622329547,41.273939822415485]},"properties":{"id":"poi_12fe637672d49a0e","name":"Bravo","aliases":[],"brand":null,"subtype":"general_fast_food","subtypes":["general_fast_food"],"sources":["foursquare","overture"],"confidence":0.859,"address":null}},{"type":"Feature","geometry":{"type":"Point","coordinates":[69.2743905,41.2900687]},"properties":{"id":"poi_bcff3d9698b74745","name":"Bravo Pizza","aliases":[],"brand":null,"subtype":"pizza","subtypes":["pizza"],"sources":["overture"],"confidence":0.659,"address":"Улица мирабад, остановочный комплекс Перекресток улицы Мирабад, Nukus ko'chasi и"}},{"type":"Feature","geometry":{"type":"Point","coordinates":[69.2546321,41.3235456]},"properties":{"id":"poi_1b42058ed6b9dcda","name":"Buddy burger","aliases":[],"brand":null,"subtype":"burger","subtypes":["burger"],"sources":["osm"],"confidence":0.62,"address":null}},{"type":"Feature","geometry":{"type":"Point","coordinates":[69.27988742864125,41.31996262410577]},"properties":{"id":"poi_ddda991f81a92d6c","name":"burger","aliases":[],"brand":null,"subtype":"burger","subtypes":["burger"],"sources":["foursquare"],"confidence":0.62,"address":null}},{"type":"Feature","geometry":{"type":"Point","coordinates":[69.37048440512694,41.335108218603516]},"properties":{"id":"poi_48f3a8c6830a28d3","name":"Burger","aliases":["Star Burger"],"brand":null,"subtype":"burger","subtypes":["burger"],"sources":["foursquare","osm"],"confidence":0.82,"address":null}},{"type":"Feature","geometry":{"type":"Point","coordinates":[69.30154418945312,41.269962310791016]},"properties":{"id":"poi_db8826fd7ad0c02c","name":"Burger","aliases":[],"brand":null,"subtype":"burger","subtypes":["burger"],"sources":["foursquare"],"confidence":0.62,"address":null}},{"type":"Feature","geometry":{"type":"Point","coordinates":[69.2732611,41.3734978]},"properties":{"id":"poi_1dbac246e6df3c94","name":"Burger","aliases":[],"brand":null,"subtype":"burger","subtypes":["burger"],"sources":["osm"],"confidence":0.62,"address":null}},{"type":"Feature","geometry":{"type":"Point","coordinates":[69.1764569,41.3491708]},"properties":{"id":"poi_7d66f2d378f313c9","name":"BURGER","aliases":[],"brand":null,"subtype":"burger","subtypes":["burger"],"sources":["osm"],"confidence":0.62,"address":null}},{"type":"Feature","geometry":{"type":"Point","coordinates":[69.34228,41.290821]},"properties":{"id":"poi_d8730116a9f79b36","name":"Burger & Sweet","aliases":[],"brand":null,"subtype":"burger","subtypes":["burger"],"sources":["foursquare"],"confidence":0.62,"address":null}},{"type":"Feature","geometry":{"type":"Point","coordinates":[69.27808315104727,41.32859941249914]},"properties":{"id":"poi_b7d1307e57e2abc6","name":"Burger 15","aliases":[],"brand":null,"subtype":"burger","subtypes":["burger"],"sources":["foursquare"],"confidence":0.62,"address":null}},{"type":"Feature","geometry":{"type":"Point","coordinates":[69.34314283190452,41.327852935895706]},"properties":{"id":"poi_1b0be758575c6ffa","name":"Burger and Lounge Grill Bar","aliases":["Burger&Lounge grill bar"],"brand":null,"subtype":"burger","subtypes":["burger"],"sources":["foursquare","overture"],"confidence":0.934,"address":"ул.Буюк Ипак Йули, 158а"}},{"type":"Feature","geometry":{"type":"Point","coordinates":[69.280767,41.301669]},"properties":{"id":"poi_32f577146063d601","name":"Burger and pizza hot","aliases":[],"brand":null,"subtype":"burger","subtypes":["burger"],"sources":["foursquare"],"confidence":0.62,"address":null}},{"type":"Feature","geometry":{"type":"Point","coordinates":[69.287624,41.311895]},"properties":{"id":"poi_35253269093b28c1","name":"Burger By Giotto","aliases":[],"brand":null,"subtype":"burger","subtypes":["burger"],"sources":["foursquare"],"confidence":0.62,"address":"O’zbekiston Ovozi 6"}},{"type":"Feature","geometry":{"type":"Point","coordinates":[69.2720593,41.2781868]},"properties":{"id":"poi_9ab9d6b9ebe7a61b","name":"Burger Chef","aliases":[],"brand":null,"subtype":"burger","subtypes":["burger"],"sources":["osm"],"confidence":0.62,"address":null}},{"type":"Feature","geometry":{"type":"Point","coordinates":[69.29026488331728,41.311727774376735]},"properties":{"id":"poi_45fc8fe17b70d35f","name":"Burger city","aliases":[],"brand":null,"subtype":"burger","subtypes":["burger"],"sources":["foursquare"],"confidence":0.62,"address":null}},{"type":"Feature","geometry":{"type":"Point","coordinates":[69.2598305,41.2734585]},"properties":{"id":"poi_16aa97a3ad76124e","name":"Burger Drujba","aliases":[],"brand":null,"subtype":"burger","subtypes":["burger"],"sources":["osm"],"confidence":0.62,"address":null}},{"type":"Feature","geometry":{"type":"Point","coordinates":[69.21891784667969,41.35028076171875]},"properties":{"id":"poi_bb043263ab122781","name":"Burger ef.vip","aliases":[],"brand":null,"subtype":"burger","subtypes":["burger"],"sources":["foursquare"],"confidence":0.62,"address":null}},{"type":"Feature","geometry":{"type":"Point","coordinates":[69.27138501666667,41.3037233]},"properties":{"id":"poi_6f36d3cdfe50589b","name":"Burger Embassy","aliases":["Burger embassy"],"brand":null,"subtype":"burger","subtypes":["burger"],"sources":["foursquare","osm","overture"],"confidence":0.98,"address":"Ул. Яккачинор"}},{"type":"Feature","geometry":{"type":"Point","coordinates":[69.28518915000001,41.3273071]},"properties":{"id":"poi_cf34fe7aa7e7ca77","name":"Burger Embassy","aliases":[],"brand":null,"subtype":"burger","subtypes":["burger"],"sources":["foursquare","osm"],"confidence":0.82,"address":null}},{"type":"Feature","geometry":{"type":"Point","coordinates":[69.31542185,41.3159504]},"properties":{"id":"poi_2d08e5a78fa3094c","name":"Burger Embassy","aliases":["Embassy Of Burgers"],"brand":null,"subtype":"burger","subtypes":["burger"],"sources":["foursquare","osm"],"confidence":0.82,"address":"parketnskiy"}},{"type":"Feature","geometry":{"type":"Point","coordinates":[69.2260679,41.2157449]},"properties":{"id":"poi_ba8379226b2111cf","name":"Burger Embassy","aliases":[],"brand":null,"subtype":"burger","subtypes":["burger"],"sources":["osm"],"confidence":0.62,"address":null}},{"type":"Feature","geometry":{"type":"Point","coordinates":[69.291454,41.3062482]},"properties":{"id":"poi_02137e0601c56f38","name":"Burger Embassy","aliases":[],"brand":null,"subtype":"burger","subtypes":["burger"],"sources":["osm"],"confidence":0.62,"address":null}},{"type":"Feature","geometry":{"type":"Point","coordinates":[69.2710105,41.375103]},"properties":{"id":"poi_0307e2434c82a7c7","name":"Burger Embassy","aliases":[],"brand":null,"subtype":"burger","subtypes":["burger"],"sources":["osm"],"confidence":0.62,"address":null}},{"type":"Feature","geometry":{"type":"Point","coordinates":[69.34041646276903,41.34414620209539]},"properties":{"id":"poi_12bc131f35848c13","name":"Burger House","aliases":[],"brand":null,"subtype":"burger","subtypes":["burger"],"sources":["foursquare"],"confidence":0.62,"address":null}},{"type":"Feature","geometry":{"type":"Point","coordinates":[69.15690557500122,41.319912060437815]},"properties":{"id":"poi_7870a0b4fc59d5e6","name":"Burger King","aliases":[],"brand":null,"subtype":"burger","subtypes":["burger"],"sources":["foursquare"],"confidence":0.62,"address":null}},{"type":"Feature","geometry":{"type":"Point","coordinates":[69.17708780000001,41.3410453]},"properties":{"id":"poi_afa4f4e723c34991","name":"Burger King","aliases":[],"brand":null,"subtype":"burger","subtypes":["burger"],"sources":["osm"],"confidence":0.62,"address":null}},{"type":"Feature","geometry":{"type":"Point","coordinates":[69.2059052,41.3450444]},"properties":{"id":"poi_1ab906794be79234","name":"Burger King","aliases":[],"brand":null,"subtype":"burger","subtypes":["burger"],"sources":["osm"],"confidence":0.62,"address":null}},{"type":"Feature","geometry":{"type":"Point","coordinates":[69.29819778527751,41.32469892546491]},"properties":{"id":"poi_fb4b06be76dcc0bb","name":"Burger Land","aliases":[],"brand":null,"subtype":"burger","subtypes":["burger"],"sources":["foursquare"],"confidence":0.62,"address":null}},{"type":"Feature","geometry":{"type":"Point","coordinates":[69.24441440000001,41.32205105]},"properties":{"id":"poi_9a7909466ea4a4d7","name":"Burger Land","aliases":[],"brand":null,"subtype":"burger","subtypes":["burger"],"sources":["foursquare","overture"],"confidence":0.859,"address":"A. Navoi Street 1"}},{"type":"Feature","geometry":{"type":"Point","coordinates":[69.33800776576781,41.32740327053112]},"properties":{"id":"poi_6e4202bc5cdd8abf","name":"Burger Land","aliases":[],"brand":null,"subtype":"burger","subtypes":["burger"],"sources":["foursquare"],"confidence":0.62,"address":"Buyuk Ipak Yuli"}},{"type":"Feature","geometry":{"type":"Point","coordinates":[69.200916,41.270265]},"properties":{"id":"poi_f29d713d19e32037","name":"Burger Land","aliases":[],"brand":null,"subtype":"burger","subtypes":["burger"],"sources":["foursquare"],"confidence":0.62,"address":null}},{"type":"Feature","geometry":{"type":"Point","coordinates":[69.26684788046555,41.302371092810354]},"properties":{"id":"poi_03620135fbd057b2","name":"Burger Land","aliases":[],"brand":null,"subtype":"burger","subtypes":["burger"],"sources":["foursquare","overture"],"confidence":0.859,"address":"Mirobad St"}},{"type":"Feature","geometry":{"type":"Point","coordinates":[69.28305945862871,41.32384806466319]},"properties":{"id":"poi_43ecd0c1819274fe","name":"Burger Land","aliases":[],"brand":null,"subtype":"burger","subtypes":["burger"],"sources":["foursquare"],"confidence":0.62,"address":"Amir Temur Ave, Tashkent"}},{"type":"Feature","geometry":{"type":"Point","coordinates":[69.280874,41.301595]},"properties":{"id":"poi_3ca78260a16cb5b5","name":"Burger Land","aliases":[],"brand":null,"subtype":"burger","subtypes":["burger"],"sources":["foursquare"],"confidence":0.62,"address":null}},{"type":"Feature","geometry":{"type":"Point","coordinates":[69.28941206623601,41.31019772056258]},"properties":{"id":"poi_0fe09370117c641a","name":"Burger Land","aliases":[],"brand":null,"subtype":"burger","subtypes":["burger"],"sources":["foursquare"],"confidence":0.62,"address":"Yahyo Gulyamov Str"}},{"type":"Feature","geometry":{"type":"Point","coordinates":[69.28896115858308,41.35501677398619]},"properties":{"id":"poi_8126e74f6b96cd70","name":"BURGER LAND","aliases":[],"brand":null,"subtype":"burger","subtypes":["burger"],"sources":["foursquare"],"confidence":0.62,"address":null}},{"type":"Feature","geometry":{"type":"Point","coordinates":[69.26936340332031,41.336124420166016]},"properties":{"id":"poi_12f16d5ba0b8b077","name":"Burger Land (Malika)","aliases":[],"brand":null,"subtype":"burger","subtypes":["burger"],"sources":["foursquare"],"confidence":0.62,"address":null}},{"type":"Feature","geometry":{"type":"Point","coordinates":[69.37056032185959,41.335016180601805]},"properties":{"id":"poi_5017bda1d38b15fb","name":"Burger Land (Карасу)","aliases":[],"brand":null,"subtype":"burger","subtypes":["burger"],"sources":["foursquare"],"confidence":0.62,"address":null}},{"type":"Feature","geometry":{"type":"Point","coordinates":[69.22790573276095,41.28516411918653]},"properties":{"id":"poi_5cac8c75e4321900","name":"burger land Torgoviy","aliases":[],"brand":null,"subtype":"burger","subtypes":["burger"],"sources":["foursquare"],"confidence":0.62,"address":null}},{"type":"Feature","geometry":{"type":"Point","coordinates":[69.22631091884158,41.35102048419068]},"properties":{"id":"poi_d6b6025b335968a7","name":"Burger Makon","aliases":[],"brand":null,"subtype":"burger","subtypes":["burger"],"sources":["foursquare"],"confidence":0.62,"address":"Малая кольцевая дор., Ташкент"}},{"type":"Feature","geometry":{"type":"Point","coordinates":[69.21992582320848,41.226271052383154]},"properties":{"id":"poi_86af5bea8e8feccf","name":"Burger VIP","aliases":[],"brand":null,"subtype":"burger","subtypes":["burger"],"sources":["foursquare"],"confidence":0.62,"address":null}},{"type":"Feature","geometry":{"type":"Point","coordinates":[69.3022728,41.2487089]},"properties":{"id":"poi_3a47433954d9011b","name":"BurgerGrill","aliases":[],"brand":null,"subtype":"burger","subtypes":["burger"],"sources":["overture"],"confidence":0.659,"address":"Yangi Qo'yliq ko'chasi"}},{"type":"Feature","geometry":{"type":"Point","coordinates":[69.21358122021994,41.26841208375358]},"properties":{"id":"poi_cf4778cf5160fbb6","name":"BurgerKing","aliases":[],"brand":null,"subtype":"burger","subtypes":["burger"],"sources":["foursquare","overture"],"confidence":0.859,"address":null}},{"type":"Feature","geometry":{"type":"Point","coordinates":[69.244448,41.32201]},"properties":{"id":"poi_c763301a60e542dd","name":"BurgerLend","aliases":[],"brand":null,"subtype":"burger","subtypes":["burger"],"sources":["foursquare"],"confidence":0.62,"address":null}},{"type":"Feature","geometry":{"type":"Point","coordinates":[69.22648260000001,41.3493965]},"properties":{"id":"poi_4499d9c1918fe42a","name":"BurgerMurger","aliases":[],"brand":null,"subtype":"burger","subtypes":["burger"],"sources":["osm"],"confidence":0.62,"address":null}},{"type":"Feature","geometry":{"type":"Point","coordinates":[69.20473417714827,41.34141081552179]},"properties":{"id":"poi_1385a759f1cb196e","name":"Burrito","aliases":[],"brand":null,"subtype":"burger","subtypes":["burger"],"sources":["foursquare"],"confidence":0.62,"address":null}},{"type":"Feature","geometry":{"type":"Point","coordinates":[69.271758,41.2926]},"properties":{"id":"poi_5534f76aed160386","name":"Burrito Box","aliases":[],"brand":null,"subtype":"general_fast_food","subtypes":["general_fast_food"],"sources":["foursquare"],"confidence":0.62,"address":null}},{"type":"Feature","geometry":{"type":"Point","coordinates":[69.2162218,41.3343217]},"properties":{"id":"poi_5568919d3020590f","name":"Bursa Family Restaurant","aliases":[],"brand":null,"subtype":"doner_kebab","subtypes":["doner_kebab"],"sources":["overture"],"confidence":0.734,"address":"Beruni Ave"}},{"type":"Feature","geometry":{"type":"Point","coordinates":[69.2872409,41.3444764]},"properties":{"id":"poi_dbe9f0cff349ab13","name":"Bus Sandwiches","aliases":[],"brand":null,"subtype":"sandwich","subtypes":["sandwich"],"sources":["overture"],"confidence":0.734,"address":"Ezgulik street\\n"}},{"type":"Feature","geometry":{"type":"Point","coordinates":[69.3613863,41.3429322]},"properties":{"id":"poi_aab0da7aaea8a025","name":"Bushe_burger","aliases":[],"brand":null,"subtype":"burger","subtypes":["burger"],"sources":["overture"],"confidence":0.697,"address":"Буюк Ипак Йули 317"}},{"type":"Feature","geometry":{"type":"Point","coordinates":[69.27258610725403,41.31752850088952]},"properties":{"id":"poi_bdf390d2a645f695","name":"business and food","aliases":[],"brand":null,"subtype":"general_fast_food","subtypes":["general_fast_food"],"sources":["foursquare"],"confidence":0.62,"address":"Navoi street"}},{"type":"Feature","geometry":{"type":"Point","coordinates":[69.25205231,41.30823135]},"properties":{"id":"poi_4df91e9c7e4e6982","name":"CAEx","aliases":[],"brand":null,"subtype":"pizza","subtypes":["pizza"],"sources":["overture"],"confidence":0.668,"address":"28Б улица Бешёгоч"}},{"type":"Feature","geometry":{"type":"Point","coordinates":[69.24601313557899,41.31163634292291]},"properties":{"id":"poi_0962f804b3ace0d5","name":"cafe \"MMM\"","aliases":[],"brand":null,"subtype":"sandwich","subtypes":["sandwich"],"sources":["foursquare"],"confidence":0.62,"address":null}},{"type":"Feature","geometry":{"type":"Point","coordinates":[69.2704268,41.2966675]},"properties":{"id":"poi_e7bb376c22d5e95c","name":"Cafe \"Pottermania\"","aliases":[],"brand":null,"subtype":"general_fast_food","subtypes":["general_fast_food"],"sources":["overture"],"confidence":0.659,"address":"ул. Шахрисабз, д.27/6"}},{"type":"Feature","geometry":{"type":"Point","coordinates":[69.29273846434411,41.371596964168965]},"properties":{"id":"poi_c4cbfb4438c20777","name":"cafe friends","aliases":[],"brand":null,"subtype":"burger","subtypes":["burger"],"sources":["foursquare"],"confidence":0.62,"address":null}},{"type":"Feature","geometry":{"type":"Point","coordinates":[69.2709552,41.3240465]},"properties":{"id":"poi_4f4d6843ae526cd2","name":"Cafe Olympia","aliases":[],"brand":null,"subtype":"general_fast_food","subtypes":["general_fast_food"],"sources":["overture"],"confidence":0.734,"address":"ул. Шарафа Рашидова,4А Ориентиры:\"Монумент Мужества\",Музей \"Олимпийской славы\" "}},{"type":"Feature","geometry":{"type":"Point","coordinates":[69.26674524314777,41.29505863616337]},"properties":{"id":"poi_a16a7d2d2f9292f4","name":"caferma","aliases":[],"brand":null,"subtype":"general_fast_food","subtypes":["general_fast_food"],"sources":["foursquare"],"confidence":0.62,"address":null}},{"type":"Feature","geometry":{"type":"Point","coordinates":[69.24901646024787,41.2812879033369]},"properties":{"id":"poi_6509557c1db66b20","name":"Caferma","aliases":[],"brand":null,"subtype":"burger","subtypes":["burger"],"sources":["foursquare"],"confidence":0.62,"address":null}},{"type":"Feature","geometry":{"type":"Point","coordinates":[69.2841411,41.3064075]},"properties":{"id":"poi_bc7ca1ade80179b2","name":"Canteen Loft","aliases":[],"brand":null,"subtype":"general_fast_food","subtypes":["general_fast_food"],"sources":["overture"],"confidence":0.659,"address":"Istiqbol Ko'Chasi 14"}},{"type":"Feature","geometry":{"type":"Point","coordinates":[69.2014032,41.2828098]},"properties":{"id":"poi_42db22ffde52d191","name":"Caramel","aliases":[],"brand":null,"subtype":"general_fast_food","subtypes":["general_fast_food"],"sources":["overture"],"confidence":0.734,"address":"г. Ташкент, 10й квартал массива Чиланзар, 1"}},{"type":"Feature","geometry":{"type":"Point","coordinates":[69.3528085,41.2997179]},"properties":{"id":"poi_92d4cb13e7b3451c","name":"Carlsberg Uzbekistan","aliases":[],"brand":null,"subtype":"general_fast_food","subtypes":["general_fast_food"],"sources":["overture"],"confidence":0.697,"address":"1 Temirchi"}},{"type":"Feature","geometry":{"type":"Point","coordinates":[69.3163071,41.3114937]},"properties":{"id":"poi_bfec6684f116bb81","name":"Casanova","aliases":[],"brand":null,"subtype":"burger","subtypes":["burger"],"sources":["overture"],"confidence":0.697,"address":"Ул.К.Ниязий дом 1\\3"}},{"type":"Feature","geometry":{"type":"Point","coordinates":[69.28744790490717,41.31164827139751]},"properties":{"id":"poi_c037945c3bf36196","name":"Cavern Club","aliases":[],"brand":null,"subtype":"sandwich","subtypes":["sandwich"],"sources":["foursquare"],"confidence":0.62,"address":"Мирзо-Улугбекский Район, 33"}},{"type":"Feature","geometry":{"type":"Point","coordinates":[69.2745989,41.3218186]},"properties":{"id":"poi_9560060f9979f179","name":"Central","aliases":[],"brand":null,"subtype":"general_fast_food","subtypes":["general_fast_food"],"sources":["overture"],"confidence":0.659,"address":null}},{"type":"Feature","geometry":{"type":"Point","coordinates":[69.25764806891472,41.2894220303052]},"properties":{"id":"poi_744ddcc7f438d828","name":"centre lavash","aliases":[],"brand":null,"subtype":"burger","subtypes":["burger"],"sources":["foursquare"],"confidence":0.62,"address":null}},{"type":"Feature","geometry":{"type":"Point","coordinates":[69.26446533203125,41.3431282043457]},"properties":{"id":"poi_01909f2566f57f7c","name":"CFC","aliases":[],"brand":null,"subtype":"chicken","subtypes":["chicken"],"sources":["foursquare"],"confidence":0.62,"address":null}},{"type":"Feature","geometry":{"type":"Point","coordinates":[69.29107971056557,41.36686214767597]},"properties":{"id":"poi_06813d6882093fbc","name":"CFC (Mega Planet)","aliases":[],"brand":null,"subtype":"general_fast_food","subtypes":["general_fast_food"],"sources":["foursquare"],"confidence":0.62,"address":null}},{"type":"Feature","geometry":{"type":"Point","coordinates":[69.386361,41.352269]},"properties":{"id":"poi_03eb47e710d40199","name":"Chaplin Burger","aliases":[],"brand":null,"subtype":"burger","subtypes":["burger"],"sources":["foursquare","overture"],"confidence":0.859,"address":"Buyuk Ipak Yo'li Ko'Chasi 428"}},{"type":"Feature","geometry":{"type":"Point","coordinates":[69.363612,41.342013]},"properties":{"id":"poi_a8f8b7c7b89ae695","name":"Chayxana","aliases":[],"brand":null,"subtype":"general_fast_food","subtypes":["general_fast_food"],"sources":["foursquare"],"confidence":0.62,"address":null}},{"type":"Feature","geometry":{"type":"Point","coordinates":[69.2363145,41.2833106]},"properties":{"id":"poi_c84d4e04fb362a3f","name":"Cheburek House","aliases":[],"brand":null,"subtype":"general_fast_food","subtypes":["general_fast_food"],"sources":["osm"],"confidence":0.62,"address":null}},{"type":"Feature","geometry":{"type":"Point","coordinates":[69.2850208,41.2925303]},"properties":{"id":"poi_c3a6d27e0bb05bf2","name":"Chef Bistro","aliases":[],"brand":null,"subtype":"general_fast_food","subtypes":["general_fast_food"],"sources":["osm"],"confidence":0.62,"address":null}},{"type":"Feature","geometry":{"type":"Point","coordinates":[69.24683,41.30367]},"properties":{"id":"poi_db9ffde364a0d7de","name":"Chef Burak Gurme (Czn Burak)","aliases":[],"brand":null,"subtype":"doner_kebab","subtypes":["doner_kebab"],"sources":["foursquare"],"confidence":0.62,"address":"Magic City yanı"}},{"type":"Feature","geometry":{"type":"Point","coordinates":[69.287464,41.3669333]},"properties":{"id":"poi_18a270ead2d972e1","name":"Chicago club","aliases":[],"brand":null,"subtype":"general_fast_food","subtypes":["general_fast_food"],"sources":["overture"],"confidence":0.734,"address":"Юнусабад"}},{"type":"Feature","geometry":{"type":"Point","coordinates":[69.24287855,41.2883128]},"properties":{"id":"poi_3a7219d092fc321f","name":"Chick fish","aliases":[],"brand":null,"subtype":"general_fast_food","subtypes":["general_fast_food"],"sources":["osm"],"confidence":0.62,"address":null}},{"type":"Feature","geometry":{"type":"Point","coordinates":[69.2107916,41.2201458]},"properties":{"id":"poi_2390e509c548909c","name":"Chick Fish Uz","aliases":[],"brand":null,"subtype":"street_food","subtypes":["street_food"],"sources":["overture"],"confidence":0.688,"address":"Сергелийский район,Янги Сергели 52"}},{"type":"Feature","geometry":{"type":"Point","coordinates":[69.27429997977053,41.312404832898025]},"properties":{"id":"poi_543845f81293d277","name":"Chicken","aliases":[],"brand":null,"subtype":"chicken","subtypes":["chicken"],"sources":["foursquare"],"confidence":0.62,"address":null}},{"type":"Feature","geometry":{"type":"Point","coordinates":[69.25359,41.308727]},"properties":{"id":"poi_834e69b9db6acdb8","name":"Chicken Best","aliases":[],"brand":null,"subtype":"chicken","subtypes":["chicken"],"sources":["foursquare"],"confidence":0.62,"address":null}},{"type":"Feature","geometry":{"type":"Point","coordinates":[69.27278088773572,41.29112492359491]},"properties":{"id":"poi_30f8f52630124063","name":"Chicken Best","aliases":[],"brand":null,"subtype":"chicken","subtypes":["chicken"],"sources":["foursquare"],"confidence":0.62,"address":null}},{"type":"Feature","geometry":{"type":"Point","coordinates":[69.2462621,41.3079035]},"properties":{"id":"poi_3b241a9b2582a686","name":"Chicken Best","aliases":[],"brand":null,"subtype":"chicken","subtypes":["chicken"],"sources":["overture"],"confidence":0.734,"address":"Mahmudjon Gofurov Street 534"}},{"type":"Feature","geometry":{"type":"Point","coordinates":[69.30481528715099,41.3682462994534]},"properties":{"id":"poi_1c674db494dfaa4a","name":"Chicken Food Yunusabad-13","aliases":[],"brand":null,"subtype":"chicken","subtypes":["chicken"],"sources":["foursquare"],"confidence":0.62,"address":"Yangi Yunusabad 67A"}},{"type":"Feature","geometry":{"type":"Point","coordinates":[69.29729566038738,41.24671359818109]},"properties":{"id":"poi_dd0bda499fc5e02c","name":"Chicken House","aliases":[],"brand":null,"subtype":"chicken","subtypes":["chicken"],"sources":["foursquare"],"confidence":0.62,"address":null}},{"type":"Feature","geometry":{"type":"Point","coordinates":[69.264806,41.301705]},"properties":{"id":"poi_7b63c222d9862c84","name":"Chicken Time","aliases":[],"brand":null,"subtype":"chicken","subtypes":["chicken"],"sources":["foursquare"],"confidence":0.62,"address":null}},{"type":"Feature","geometry":{"type":"Point","coordinates":[69.2278678,41.2888641]},"properties":{"id":"poi_f137dbf396f800e5","name":"Chicken wings","aliases":[],"brand":null,"subtype":"chicken","subtypes":["chicken"],"sources":["osm"],"confidence":0.62,"address":null}},{"type":"Feature","geometry":{"type":"Point","coordinates":[69.2207639,41.3356057]},"properties":{"id":"poi_fb0f9950b68f3c6c","name":"Chig’atoy shashlik 1995","aliases":[],"brand":null,"subtype":"general_fast_food","subtypes":["general_fast_food"],"sources":["overture"],"confidence":0.734,"address":"o. sodiqov"}},{"type":"Feature","geometry":{"type":"Point","coordinates":[69.27247241288022,41.29148399875239]},"properties":{"id":"poi_340cf4e748183444","name":"Chiken Best","aliases":[],"brand":null,"subtype":"chicken","subtypes":["chicken"],"sources":["foursquare"],"confidence":0.62,"address":null}},{"type":"Feature","geometry":{"type":"Point","coordinates":[69.25136815,41.32568935]},"properties":{"id":"poi_76b69305d5b08074","name":"Chilli Mili","aliases":[],"brand":null,"subtype":"general_fast_food","subtypes":["general_fast_food"],"sources":["foursquare","overture"],"confidence":0.934,"address":"ул. Абдулла Кадырий, 25-дом"}},{"type":"Feature","geometry":{"type":"Point","coordinates":[69.25002,41.31708]},"properties":{"id":"poi_77d440955fd970eb","name":"Chinese Modern Restaurant","aliases":[],"brand":null,"subtype":"general_fast_food","subtypes":["general_fast_food"],"sources":["overture"],"confidence":0.659,"address":null}},{"type":"Feature","geometry":{"type":"Point","coordinates":[69.33058652601639,41.31921309090294]},"properties":{"id":"poi_00cf9bad2477f5df","name":"Chipollino","aliases":[],"brand":null,"subtype":"street_food","subtypes":["street_food"],"sources":["foursquare"],"confidence":0.62,"address":null}},{"type":"Feature","geometry":{"type":"Point","coordinates":[69.287585,41.3112188]},"properties":{"id":"poi_fbc422d6887f98d7","name":"ChitirChickenUz","aliases":[],"brand":null,"subtype":"burger","subtypes":["burger"],"sources":["overture"],"confidence":0.659,"address":"Улица Шахрисабз 34"}},{"type":"Feature","geometry":{"type":"Point","coordinates":[69.286067,41.312027]},"properties":{"id":"poi_62e4864a39f306d4","name":"Chop chop fast food cafe","aliases":[],"brand":null,"subtype":"burger","subtypes":["burger"],"sources":["foursquare"],"confidence":0.62,"address":null}},{"type":"Feature","geometry":{"type":"Point","coordinates":[69.2856002,41.3120972]},"properties":{"id":"poi_408a85c19bf2e4fd","name":"Chop-Chop","aliases":[],"brand":null,"subtype":"burger","subtypes":["burger"],"sources":["overture"],"confidence":0.659,"address":"O'zbekiston Ovozi Ko'Chasi 2a, Toshkent, O'zbekiston"}},{"type":"Feature","geometry":{"type":"Point","coordinates":[69.2937992,41.3118175]},"properties":{"id":"poi_30eade72a125b7d7","name":"Chopar","aliases":[],"brand":"chopar","subtype":"general_fast_food","subtypes":["general_fast_food"],"sources":["osm"],"confidence":0.62,"address":null}},{"type":"Feature","geometry":{"type":"Point","coordinates":[69.3019881,41.2499723]},"properties":{"id":"poi_c0cb4dd39387f9ea","name":"Chopar pizza","aliases":[],"brand":"chopar","subtype":"pizza","subtypes":["pizza"],"sources":["osm"],"confidence":0.62,"address":null}},{"type":"Feature","geometry":{"type":"Point","coordinates":[69.33946499999999,41.327355]},"properties":{"id":"poi_f9e207a9a00b779a","name":"Chopar Pizza","aliases":[],"brand":"chopar","subtype":"pizza","subtypes":["pizza"],"sources":["foursquare","overture"],"confidence":0.897,"address":"Buyuk ipak yuli str."}},{"type":"Feature","geometry":{"type":"Point","coordinates":[69.2724614,41.2977959]},"properties":{"id":"poi_7f619a14c292a90f","name":"Chopar Pizza","aliases":[],"brand":"chopar","subtype":"pizza","subtypes":["pizza"],"sources":["osm"],"confidence":0.62,"address":null}},{"type":"Feature","geometry":{"type":"Point","coordinates":[69.2312295,41.3162357]},"properties":{"id":"poi_a582444fd2c389ad","name":"Chopar Pizza","aliases":[],"brand":"chopar","subtype":"pizza","subtypes":["pizza"],"sources":["overture"],"confidence":0.734,"address":"Фудкорт ТРЦ, Ташкент Коратош, Samarkand Darvoza Street 5А"}},{"type":"Feature","geometry":{"type":"Point","coordinates":[69.230814,41.316943]},"properties":{"id":"poi_09030657680e783d","name":"Chopar Pizza | Чопар Пицца","aliases":[],"brand":"chopar","subtype":"pizza","subtypes":["pizza"],"sources":["foursquare"],"confidence":0.62,"address":null}},{"type":"Feature","geometry":{"type":"Point","coordinates":[69.328688,41.238969]},"properties":{"id":"poi_a15d5061ea1cb72a","name":"Chopar Pizza Delivery","aliases":["Chopar Pizza"],"brand":"chopar","subtype":"pizza","subtypes":["pizza"],"sources":["foursquare","overture"],"confidence":0.859,"address":"ТКАД, 17"}},{"type":"Feature","geometry":{"type":"Point","coordinates":[69.2896155,41.3095768]},"properties":{"id":"poi_01343dcba78c6138","name":"Chopar Pizza Delivery","aliases":[],"brand":"chopar","subtype":"pizza","subtypes":["pizza"],"sources":["overture"],"confidence":0.697,"address":"улица Я.Гулямова, 38"}},{"type":"Feature","geometry":{"type":"Point","coordinates":[69.224124,41.2227941]},"properties":{"id":"poi_4a11047ebd6087f2","name":"Chopar Pizza Delivery","aliases":[],"brand":"chopar","subtype":"pizza","subtypes":["pizza"],"sources":["overture"],"confidence":0.697,"address":"Улица Янги Сергели, 11"}},{"type":"Feature","geometry":{"type":"Point","coordinates":[69.235973,41.326794]},"properties":{"id":"poi_0ad3cc5efa68875d","name":"Chorsu","aliases":[],"brand":null,"subtype":"street_food","subtypes":["street_food"],"sources":["overture"],"confidence":0.697,"address":"Beruni Avenue"}},{"type":"Feature","geometry":{"type":"Point","coordinates":[69.369338,41.2926214]},"properties":{"id":"poi_99f2fadb4ed6feab","name":"Choyxona_Zoda","aliases":[],"brand":null,"subtype":"general_fast_food","subtypes":["general_fast_food"],"sources":["overture"],"confidence":0.697,"address":"Яшнабадский р-н, Тузель-3, 16"}},{"type":"Feature","geometry":{"type":"Point","coordinates":[69.237724,41.388615]},"properties":{"id":"poi_aed8151c8a966803","name":"Chuqursoy","aliases":[],"brand":null,"subtype":"general_fast_food","subtypes":["general_fast_food"],"sources":["overture"],"confidence":0.659,"address":null}},{"type":"Feature","geometry":{"type":"Point","coordinates":[69.2587462,41.2904369]},"properties":{"id":"poi_16851ea585c70185","name":"ÇiğköfteM","aliases":[],"brand":null,"subtype":"general_fast_food","subtypes":["general_fast_food"],"sources":["osm"],"confidence":0.62,"address":null}},{"type":"Feature","geometry":{"type":"Point","coordinates":[69.279356,41.2978801]},"properties":{"id":"poi_4b3fee3b1271afbd","name":"Cillim","aliases":[],"brand":null,"subtype":"general_fast_food","subtypes":["general_fast_food"],"sources":["overture"],"confidence":0.697,"address":"Улица Тараса Шевченко, 36а"}},{"type":"Feature","geometry":{"type":"Point","coordinates":[69.26710367202759,41.30236153729787]},"properties":{"id":"poi_64873d578f747f02","name":"City Burger","aliases":[],"brand":null,"subtype":"burger","subtypes":["burger"],"sources":["foursquare"],"confidence":0.62,"address":"Buyuk Turon, 77a"}},{"type":"Feature","geometry":{"type":"Point","coordinates":[69.2867918,41.3393804]},"properties":{"id":"poi_61baa4f6af41f303","name":"Coca Cola Burger","aliases":[],"brand":null,"subtype":"burger","subtypes":["burger"],"sources":["osm"],"confidence":0.62,"address":null}},{"type":"Feature","geometry":{"type":"Point","coordinates":[69.2363233,41.2833948]},"properties":{"id":"poi_2749173ba16015f2","name":"Coffee Club 786","aliases":[],"brand":null,"subtype":"burger","subtypes":["burger"],"sources":["overture"],"confidence":0.734,"address":"Mukimi Street 41"}},{"type":"Feature","geometry":{"type":"Point","coordinates":[69.2826915,41.3194561]},"properties":{"id":"poi_d5a8335712d7b611","name":"coffeecorner.uz_foodtruck","aliases":[],"brand":null,"subtype":"street_food","subtypes":["street_food"],"sources":["overture"],"confidence":0.659,"address":"41.3223009, 69.2793929"}},{"type":"Feature","geometry":{"type":"Point","coordinates":[69.3138263,41.330793]},"properties":{"id":"poi_2af3d90eb85c3f1e","name":"Cola RC","aliases":[],"brand":null,"subtype":"general_fast_food","subtypes":["general_fast_food"],"sources":["osm"],"confidence":0.62,"address":null}},{"type":"Feature","geometry":{"type":"Point","coordinates":[69.305143,41.329378]},"properties":{"id":"poi_0c8ea0b0a8faf49d","name":"Colibri Coffee Pastry","aliases":[],"brand":null,"subtype":"street_food","subtypes":["street_food"],"sources":["foursquare"],"confidence":0.62,"address":"Akkurgan Street"}},{"type":"Feature","geometry":{"type":"Point","coordinates":[69.2724058,41.2999771]},"properties":{"id":"poi_051a94e9cc868e71","name":"Cordero.tashkent","aliases":[],"brand":null,"subtype":"general_fast_food","subtypes":["general_fast_food"],"sources":["overture"],"confidence":0.659,"address":"Dom 39, Buyuk Ipak Yo'Li Daxasi"}},{"type":"Feature","geometry":{"type":"Point","coordinates":[69.28489795,41.3224267]},"properties":{"id":"poi_b2b0cd2ef3909bda","name":"Craft","aliases":[],"brand":null,"subtype":"general_fast_food","subtypes":["general_fast_food","pizza"],"sources":["osm","overture"],"confidence":0.934,"address":"Niyozbek Yo'li Ko'Chasi 3"}},{"type":"Feature","geometry":{"type":"Point","coordinates":[69.28477642556224,41.33253996048725]},"properties":{"id":"poi_a5a8341ef50b3b0f","name":"Crazy Burger","aliases":[],"brand":null,"subtype":"burger","subtypes":["burger"],"sources":["foursquare"],"confidence":0.62,"address":null}},{"type":"Feature","geometry":{"type":"Point","coordinates":[69.28064406039233,41.31318894426817]},"properties":{"id":"poi_3e3e699348f1481a","name":"Credo","aliases":[],"brand":null,"subtype":"chicken","subtypes":["chicken"],"sources":["foursquare"],"confidence":0.62,"address":"ул. Мустакиллик 10"}},{"type":"Feature","geometry":{"type":"Point","coordinates":[69.2783097,41.3129078]},"properties":{"id":"poi_d02efa7b85a20dea","name":"Credo","aliases":[],"brand":null,"subtype":"general_fast_food","subtypes":["general_fast_food"],"sources":["overture"],"confidence":0.738,"address":"Mustaqillik Shoh Ko'Chasi 42"}},{"type":"Feature","geometry":{"type":"Point","coordinates":[69.313569,41.30364]},"properties":{"id":"poi_71ae6eaf45d24b00","name":"CTR Chicken","aliases":[],"brand":null,"subtype":"chicken","subtypes":["chicken"],"sources":["foursquare"],"confidence":0.62,"address":"Mahtumquli Street, 28"}},{"type":"Feature","geometry":{"type":"Point","coordinates":[69.26559864197603,41.27032493963024]},"properties":{"id":"poi_f5ca02d5fb62d53a","name":"CwC Corea Welbeing Chicken","aliases":[],"brand":null,"subtype":"chicken","subtypes":["chicken"],"sources":["foursquare"],"confidence":0.62,"address":"Little Ring Rd"}},{"type":"Feature","geometry":{"type":"Point","coordinates":[69.29823137448999,41.3142279988589]},"properties":{"id":"poi_765246bd9d90e136","name":"Dar Restaurant","aliases":[],"brand":null,"subtype":"hot_dog","subtypes":["hot_dog"],"sources":["foursquare"],"confidence":0.62,"address":"Парк \"Мирзо Улугбек\""}},{"type":"Feature","geometry":{"type":"Point","coordinates":[69.2969521,41.3213986]},"properties":{"id":"poi_7211893e709f1dbe","name":"Darkhan Burger","aliases":[],"brand":null,"subtype":"burger","subtypes":["burger"],"sources":["osm"],"confidence":0.62,"address":null}},{"type":"Feature","geometry":{"type":"Point","coordinates":[69.273783,41.311783]},"properties":{"id":"poi_782dbb856af2eefe","name":"Darth Pizza","aliases":[],"brand":null,"subtype":"pizza","subtypes":["pizza"],"sources":["foursquare"],"confidence":0.62,"address":"Zarafshon 1"}},{"type":"Feature","geometry":{"type":"Point","coordinates":[69.33162,41.326592]},"properties":{"id":"poi_fe5461acccd716cc","name":"Darth Pizza","aliases":[],"brand":null,"subtype":"pizza","subtypes":["pizza"],"sources":["foursquare"],"confidence":0.62,"address":null}},{"type":"Feature","geometry":{"type":"Point","coordinates":[69.16100010000001,41.2642047]},"properties":{"id":"poi_bc2ec8fc614320e2","name":"DASYOR","aliases":[],"brand":null,"subtype":"general_fast_food","subtypes":["general_fast_food"],"sources":["osm"],"confidence":0.62,"address":null}},{"type":"Feature","geometry":{"type":"Point","coordinates":[69.16093444824219,41.26435852050781]},"properties":{"id":"poi_c26a989fbc6420c1","name":"dasyor burger","aliases":[],"brand":null,"subtype":"burger","subtypes":["burger"],"sources":["foursquare"],"confidence":0.62,"address":null}},{"type":"Feature","geometry":{"type":"Point","coordinates":[69.2448896,41.3306115]},"properties":{"id":"poi_93e000474748bc74","name":"Davronbek Rustamov","aliases":[],"brand":null,"subtype":"doner_kebab","subtypes":["doner_kebab"],"sources":["overture"],"confidence":0.659,"address":null}},{"type":"Feature","geometry":{"type":"Point","coordinates":[69.2628848,41.2706584]},"properties":{"id":"poi_bf58f9ca2746497d","name":"Dayako Chicken (korean food)","aliases":[],"brand":null,"subtype":"chicken","subtypes":["chicken"],"sources":["osm"],"confidence":0.62,"address":null}},{"type":"Feature","geometry":{"type":"Point","coordinates":[69.2631167,41.2708391]},"properties":{"id":"poi_ad511f65070c67f8","name":"Dayako Chicken and Beer","aliases":[],"brand":null,"subtype":"chicken","subtypes":["chicken"],"sources":["overture"],"confidence":0.739,"address":"9-й проезд Абдуллы Каххара"}},{"type":"Feature","geometry":{"type":"Point","coordinates":[69.2183,41.27926]},"properties":{"id":"poi_b885c9b270e01857","name":"Diet Bistro","aliases":[],"brand":null,"subtype":"general_fast_food","subtypes":["general_fast_food"],"sources":["overture"],"confidence":0.659,"address":"Chilonzor Ko'Chasi 77"}},{"type":"Feature","geometry":{"type":"Point","coordinates":[69.2744904,41.3125325]},"properties":{"id":"poi_a66f5ff18dfd0cd9","name":"Disco House SKAZKA","aliases":[],"brand":null,"subtype":"general_fast_food","subtypes":["general_fast_food"],"sources":["overture"],"confidence":0.659,"address":"Zarafshan Ko'Chasi 24"}},{"type":"Feature","geometry":{"type":"Point","coordinates":[69.317079,41.3723273]},"properties":{"id":"poi_546a812054a05769","name":"Diyora & Ziyoda","aliases":[],"brand":null,"subtype":"general_fast_food","subtypes":["general_fast_food"],"sources":["overture"],"confidence":0.697,"address":"Юнусабад 19"}},{"type":"Feature","geometry":{"type":"Point","coordinates":[69.31690060000001,41.3720556]},"properties":{"id":"poi_eb94500414223643","name":"Dizi Burger","aliases":[],"brand":null,"subtype":"burger","subtypes":["burger"],"sources":["osm"],"confidence":0.62,"address":null}},{"type":"Feature","geometry":{"type":"Point","coordinates":[69.320846,41.2913475]},"properties":{"id":"poi_92c0ddc58a0541db","name":"Do'stlik Istirohat Bog'i","aliases":[],"brand":null,"subtype":"general_fast_food","subtypes":["general_fast_food"],"sources":["overture"],"confidence":0.697,"address":"O’zbekiston Respublikasi, Toshkent shahri, Yashnobod tumani, Murg’ob 1-berk ko`chasi va O’sh 1-tor ko’chasi, 6a–uy"}},{"type":"Feature","geometry":{"type":"Point","coordinates":[69.20731710000001,41.26364665]},"properties":{"id":"poi_d6fef21e419fe939","name":"Do`mbrabod Burger","aliases":[],"brand":null,"subtype":"burger","subtypes":["burger"],"sources":["osm"],"confidence":0.62,"address":null}},{"type":"Feature","geometry":{"type":"Point","coordinates":[69.3012753,41.2511515]},"properties":{"id":"poi_2d46834571a0c723","name":"Dodo pizza","aliases":[],"brand":"dodo-pizza","subtype":"pizza","subtypes":["pizza"],"sources":["osm"],"confidence":0.62,"address":null}},{"type":"Feature","geometry":{"type":"Point","coordinates":[69.280815,41.296146]},"properties":{"id":"poi_74c2f49d83416d3b","name":"Dodo Pizza","aliases":[],"brand":"dodo-pizza","subtype":"pizza","subtypes":["pizza"],"sources":["foursquare"],"confidence":0.62,"address":"Said Baraka str."}},{"type":"Feature","geometry":{"type":"Point","coordinates":[69.3378343,41.3276223]},"properties":{"id":"poi_486ad7808f3dc41d","name":"Dodo Pizza","aliases":[],"brand":"dodo-pizza","subtype":"pizza","subtypes":["pizza"],"sources":["foursquare","osm"],"confidence":0.82,"address":null}},{"type":"Feature","geometry":{"type":"Point","coordinates":[69.298178,41.324074]},"properties":{"id":"poi_c903cc036f9a7742","name":"Dodo Pizza","aliases":[],"brand":"dodo-pizza","subtype":"pizza","subtypes":["pizza"],"sources":["foursquare"],"confidence":0.62,"address":null}},{"type":"Feature","geometry":{"type":"Point","coordinates":[69.22524985000001,41.29003955]},"properties":{"id":"poi_40c1a1d4b2ca1e6f","name":"Dodo Pizza","aliases":["Dodo pizza"],"brand":"dodo-pizza","subtype":"pizza","subtypes":["pizza"],"sources":["foursquare","osm"],"confidence":0.82,"address":null}},{"type":"Feature","geometry":{"type":"Point","coordinates":[69.244324,41.350868]},"properties":{"id":"poi_5754a07f9c77e666","name":"Dodo Pizza","aliases":[],"brand":"dodo-pizza","subtype":"pizza","subtypes":["pizza"],"sources":["foursquare"],"confidence":0.62,"address":null}},{"type":"Feature","geometry":{"type":"Point","coordinates":[69.2751964,41.3439206]},"properties":{"id":"poi_599069ccf6dbc170","name":"Doka Pub","aliases":[],"brand":null,"subtype":"pizza","subtypes":["pizza"],"sources":["overture"],"confidence":0.697,"address":"улица Ифтихор, 64"}},{"type":"Feature","geometry":{"type":"Point","coordinates":[69.2085443,41.271419]},"properties":{"id":"poi_d6b427fe3206d06a","name":"Dombirobod","aliases":[],"brand":null,"subtype":"general_fast_food","subtypes":["general_fast_food"],"sources":["overture"],"confidence":0.734,"address":"Chilonzor"}},{"type":"Feature","geometry":{"type":"Point","coordinates":[69.2805916,41.3281192]},"properties":{"id":"poi_d01c5839b46a543d","name":"DonBuritto","aliases":[],"brand":null,"subtype":"general_fast_food","subtypes":["general_fast_food"],"sources":["osm"],"confidence":0.62,"address":null}},{"type":"Feature","geometry":{"type":"Point","coordinates":[69.2896898,41.3013572]},"properties":{"id":"poi_7718cc0a05c97309","name":"Doner House","aliases":[],"brand":null,"subtype":"doner_kebab","subtypes":["doner_kebab"],"sources":["osm"],"confidence":0.62,"address":null}},{"type":"Feature","geometry":{"type":"Point","coordinates":[69.23112988471985,41.316360077075586]},"properties":{"id":"poi_2b366cbe3153df37","name":"Doner Mania","aliases":[],"brand":null,"subtype":"doner_kebab","subtypes":["doner_kebab"],"sources":["foursquare"],"confidence":0.62,"address":"Шайхантахурский район, ТЦ Самарканд Дарвоза, 5- этаж, фудкорт"}},{"type":"Feature","geometry":{"type":"Point","coordinates":[69.2472231388092,41.299129438164556]},"properties":{"id":"poi_f86d26e11bac29c1","name":"Doner Mania","aliases":[],"brand":null,"subtype":"doner_kebab","subtypes":["doner_kebab"],"sources":["foursquare"],"confidence":0.62,"address":"Яккасарайский район, ТРЦ Seoul Mun, 1- этаж, рядом с мостом"}},{"type":"Feature","geometry":{"type":"Point","coordinates":[69.33174169060294,41.3269959902527]},"properties":{"id":"poi_095fa91a9c0ba488","name":"Doner Mania","aliases":[],"brand":null,"subtype":"doner_kebab","subtypes":["doner_kebab"],"sources":["foursquare"],"confidence":0.62,"address":"Мирзо-Улугбекский район, Улица Буюк Ипак Йули 105, 61 кв"}},{"type":"Feature","geometry":{"type":"Point","coordinates":[69.2437927,41.311247]},"properties":{"id":"poi_38a7675ef45859e8","name":"Donerci Baba","aliases":[],"brand":null,"subtype":"doner_kebab","subtypes":["doner_kebab"],"sources":["overture"],"confidence":0.697,"address":"Юнусабад, ул Олмазор 8/2"}},{"type":"Feature","geometry":{"type":"Point","coordinates":[69.283643,41.323296]},"properties":{"id":"poi_9590ad8d5e2eb4a0","name":"Donerevi","aliases":[],"brand":null,"subtype":"doner_kebab","subtypes":["doner_kebab"],"sources":["foursquare"],"confidence":0.62,"address":"Amir Temur Avenue, 60К1"}},{"type":"Feature","geometry":{"type":"Point","coordinates":[69.331333,41.326933]},"properties":{"id":"poi_35bc0aef1ee43ab7","name":"Donermania","aliases":[],"brand":null,"subtype":"doner_kebab","subtypes":["doner_kebab"],"sources":["foursquare"],"confidence":0.62,"address":null}},{"type":"Feature","geometry":{"type":"Point","coordinates":[69.21227181635675,41.27468310483636]},"properties":{"id":"poi_5444f65badb73fc1","name":"Dorumobod","aliases":[],"brand":null,"subtype":"general_fast_food","subtypes":["general_fast_food"],"sources":["foursquare"],"confidence":0.62,"address":null}},{"type":"Feature","geometry":{"type":"Point","coordinates":[69.259992,41.345639]},"properties":{"id":"poi_9d33187e52b4a1f8","name":"Drujba Burger","aliases":[],"brand":null,"subtype":"burger","subtypes":["burger"],"sources":["foursquare"],"confidence":0.62,"address":null}},{"type":"Feature","geometry":{"type":"Point","coordinates":[69.23651720933645,41.30638052867734]},"properties":{"id":"poi_649edfd1101397c8","name":"Drujba Burger","aliases":[],"brand":null,"subtype":"burger","subtypes":["burger"],"sources":["foursquare"],"confidence":0.62,"address":null}},{"type":"Feature","geometry":{"type":"Point","coordinates":[69.2597,41.273647]},"properties":{"id":"poi_95bdc9346b5e0c7b","name":"Drujba Burger","aliases":[],"brand":null,"subtype":"burger","subtypes":["burger"],"sources":["foursquare"],"confidence":0.62,"address":null}},{"type":"Feature","geometry":{"type":"Point","coordinates":[69.21780133145558,41.2501786106625]},"properties":{"id":"poi_c70da93403f12229","name":"Drujba Burger","aliases":[],"brand":null,"subtype":"burger","subtypes":["burger"],"sources":["foursquare"],"confidence":0.62,"address":null}},{"type":"Feature","geometry":{"type":"Point","coordinates":[69.36487162912049,41.2601740008742]},"properties":{"id":"poi_9ad7f064053f542a","name":"Drujba Burger","aliases":[],"brand":null,"subtype":"burger","subtypes":["burger"],"sources":["foursquare"],"confidence":0.62,"address":null}},{"type":"Feature","geometry":{"type":"Point","coordinates":[69.22823,41.2977]},"properties":{"id":"poi_9bc1170cfe191d9b","name":"Drujba Burger","aliases":[],"brand":null,"subtype":"burger","subtypes":["burger"],"sources":["overture"],"confidence":0.697,"address":"Bunyodkor Shoh Ko'Chasi 8g"}},{"type":"Feature","geometry":{"type":"Point","coordinates":[69.2408329659745,41.280877330121506]},"properties":{"id":"poi_02a28302ccd30f64","name":"Drujba Vip","aliases":[],"brand":null,"subtype":"burger","subtypes":["burger"],"sources":["foursquare"],"confidence":0.62,"address":null}},{"type":"Feature","geometry":{"type":"Point","coordinates":[69.3349514,41.2952687]},"properties":{"id":"poi_2d141d60e0dfc3b2","name":"Duboviy Burger","aliases":[],"brand":null,"subtype":"burger","subtypes":["burger"],"sources":["overture"],"confidence":0.734,"address":"house, Alimkent St 18"}},{"type":"Feature","geometry":{"type":"Point","coordinates":[69.2456192,41.2734304]},"properties":{"id":"poi_90ca329319d5534c","name":"Dunyo Kafe and Restoran","aliases":[],"brand":null,"subtype":"general_fast_food","subtypes":["general_fast_food"],"sources":["overture"],"confidence":0.734,"address":"Qushbegi Ko'Chasi 6"}},{"type":"Feature","geometry":{"type":"Point","coordinates":[69.2171588,41.2162697]},"properties":{"id":"poi_af5fee39888a2372","name":"Dur Milliy Taomlar","aliases":[],"brand":null,"subtype":"general_fast_food","subtypes":["general_fast_food"],"sources":["overture"],"confidence":0.734,"address":"сергели 7"}},{"type":"Feature","geometry":{"type":"Point","coordinates":[69.36180877685547,41.32033157348633]},"properties":{"id":"poi_702ff4499e2557c7","name":"Durdona (Шашлычный Центр)","aliases":[],"brand":null,"subtype":"chicken","subtypes":["chicken"],"sources":["foursquare"],"confidence":0.62,"address":null}},{"type":"Feature","geometry":{"type":"Point","coordinates":[69.21386,41.19435]},"properties":{"id":"poi_06ad660f473f6612","name":"Dustlik-V.I.P. LAVASH","aliases":[],"brand":null,"subtype":"doner_kebab","subtypes":["doner_kebab"],"sources":["foursquare"],"confidence":0.62,"address":null}},{"type":"Feature","geometry":{"type":"Point","coordinates":[69.29185,41.309566]},"properties":{"id":"poi_75671e342ed02e57","name":"Eatery","aliases":[],"brand":null,"subtype":"burger","subtypes":["burger"],"sources":["overture"],"confidence":0.697,"address":"Ц1, С.Азимова, 44, 100031"}},{"type":"Feature","geometry":{"type":"Point","coordinates":[69.34156036376953,41.3567008972168]},"properties":{"id":"poi_a37252c7b2d27954","name":"eco burger","aliases":[],"brand":null,"subtype":"burger","subtypes":["burger"],"sources":["foursquare"],"confidence":0.62,"address":null}},{"type":"Feature","geometry":{"type":"Point","coordinates":[69.27825,41.369818]},"properties":{"id":"poi_ac540819a9e0ddd0","name":"Eden Burger","aliases":[],"brand":null,"subtype":"burger","subtypes":["burger"],"sources":["foursquare"],"confidence":0.62,"address":null}},{"type":"Feature","geometry":{"type":"Point","coordinates":[69.29139950000001,41.3116704]},"properties":{"id":"poi_2f25c64fc7b9acb9","name":"EL Jefe","aliases":[],"brand":null,"subtype":"general_fast_food","subtypes":["general_fast_food"],"sources":["osm"],"confidence":0.62,"address":null}},{"type":"Feature","geometry":{"type":"Point","coordinates":[69.283347,41.2450533]},"properties":{"id":"poi_2a4234dd1441f99c","name":"Elbrus","aliases":[],"brand":null,"subtype":"general_fast_food","subtypes":["general_fast_food"],"sources":["overture"],"confidence":0.734,"address":"Tashkent Ring Automobile Road"}},{"type":"Feature","geometry":{"type":"Point","coordinates":[69.2253492,41.2168866]},"properties":{"id":"poi_573a732130cf0824","name":"Elegant Restoran","aliases":[],"brand":null,"subtype":"general_fast_food","subtypes":["general_fast_food"],"sources":["overture"],"confidence":0.734,"address":"город Ташкент, Сергелийский район, улица Янги Сергели, Elegant"}},{"type":"Feature","geometry":{"type":"Point","coordinates":[69.24534,41.316566]},"properties":{"id":"poi_54d483100ea957e1","name":"Embassy Of Burgers","aliases":[],"brand":null,"subtype":"burger","subtypes":["burger"],"sources":["foursquare"],"confidence":0.62,"address":null}},{"type":"Feature","geometry":{"type":"Point","coordinates":[69.29137,41.30641]},"properties":{"id":"poi_11f1980c8085250c","name":"Embassy Of Burgers","aliases":[],"brand":null,"subtype":"burger","subtypes":["burger"],"sources":["foursquare"],"confidence":0.62,"address":"c1"}},{"type":"Feature","geometry":{"type":"Point","coordinates":[69.211304,41.34245985]},"properties":{"id":"poi_f3690f5e50ad353f","name":"Enjoy","aliases":[],"brand":null,"subtype":"general_fast_food","subtypes":["general_fast_food","hot_dog"],"sources":["osm","overture"],"confidence":0.934,"address":"Farobiy Ko'Chasi 326"}},{"type":"Feature","geometry":{"type":"Point","coordinates":[69.24128590000001,41.34885955]},"properties":{"id":"poi_9eeeefc8883db946","name":"Enjoy lavash","aliases":[],"brand":null,"subtype":"doner_kebab","subtypes":["doner_kebab","pizza"],"sources":["osm","overture"],"confidence":0.934,"address":"Karasaray Street 269"}},{"type":"Feature","geometry":{"type":"Point","coordinates":[69.3875965,41.3529241]},"properties":{"id":"poi_9741c9fe859252aa","name":"Enjoy Лаваш","aliases":[],"brand":null,"subtype":"general_fast_food","subtypes":["general_fast_food"],"sources":["osm"],"confidence":0.62,"address":null}},{"type":"Feature","geometry":{"type":"Point","coordinates":[69.18124790384826,41.28075148795594]},"properties":{"id":"poi_0aa4f1dad91c1a80","name":"Escada Burger","aliases":[],"brand":null,"subtype":"burger","subtypes":["burger"],"sources":["foursquare"],"confidence":0.62,"address":null}},{"type":"Feature","geometry":{"type":"Point","coordinates":[69.283113,41.326972]},"properties":{"id":"poi_7ad88b80951872d7","name":"Evos","aliases":[],"brand":"evos","subtype":"general_fast_food","subtypes":["general_fast_food"],"sources":["foursquare"],"confidence":0.62,"address":null}},{"type":"Feature","geometry":{"type":"Point","coordinates":[69.1782429,41.3490103]},"properties":{"id":"poi_7dbf7fc295c5a560","name":"Evos","aliases":[],"brand":"evos","subtype":"general_fast_food","subtypes":["general_fast_food"],"sources":["osm"],"confidence":0.62,"address":null}},{"type":"Feature","geometry":{"type":"Point","coordinates":[69.2229937,41.2830541]},"properties":{"id":"poi_e77e857b0b50a380","name":"Evos","aliases":[],"brand":"evos","subtype":"general_fast_food","subtypes":["general_fast_food"],"sources":["osm"],"confidence":0.62,"address":null}},{"type":"Feature","geometry":{"type":"Point","coordinates":[69.32822204545828,41.315162066729215]},"properties":{"id":"poi_ca259095e35ab33a","name":"EVOS","aliases":["Lavash centre \"Evos\"","EVOS - Parkent","Лаваш Центр Evos"],"brand":"evos","subtype":"general_fast_food","subtypes":["burger","general_fast_food"],"sources":["foursquare","osm","overture"],"confidence":0.98,"address":"1a, Muhammad Yusuf street"}},{"type":"Feature","geometry":{"type":"Point","coordinates":[69.19804231100989,41.27934630555149]},"properties":{"id":"poi_be4d8f62176f7b0b","name":"EVOS","aliases":["Evos Chilanzar","EVOS Chilanzar"],"brand":"evos","subtype":"general_fast_food","subtypes":["general_fast_food"],"sources":["foursquare","osm","overture"],"confidence":0.98,"address":null}},{"type":"Feature","geometry":{"type":"Point","coordinates":[69.24465805,41.30403845]},"properties":{"id":"poi_4a1c9b2609cbdf58","name":"EVOS","aliases":[],"brand":"evos","subtype":"general_fast_food","subtypes":["general_fast_food"],"sources":["foursquare","osm"],"confidence":0.82,"address":null}},{"type":"Feature","geometry":{"type":"Point","coordinates":[69.1810931,41.28162935]},"properties":{"id":"poi_1aa1c31b66f7dba3","name":"EVOS","aliases":["Evos"],"brand":"evos","subtype":"general_fast_food","subtypes":["general_fast_food"],"sources":["foursquare","osm"],"confidence":0.82,"address":"Учтепа 12-й квартал, 40"}},{"type":"Feature","geometry":{"type":"Point","coordinates":[69.26500883333334,41.342693]},"properties":{"id":"poi_50a70e8bb9ff0e66","name":"EVOS","aliases":["Evos","Evos Uzbekistan"],"brand":"evos","subtype":"general_fast_food","subtypes":["general_fast_food"],"sources":["foursquare","osm","overture"],"confidence":0.98,"address":"Little Ring Road"}},{"type":"Feature","geometry":{"type":"Point","coordinates":[69.28451619166667,41.30481506666666]},"properties":{"id":"poi_4dac15c03389d9b5","name":"EVOS","aliases":["EVOS Borovskogo"],"brand":"evos","subtype":"general_fast_food","subtypes":["doner_kebab","general_fast_food"],"sources":["foursquare","osm","overture"],"confidence":0.98,"address":"ул. Яхъё Гулямова"}},{"type":"Feature","geometry":{"type":"Point","coordinates":[69.22335666666667,41.3379322]},"properties":{"id":"poi_e866d52262c88c10","name":"EVOS","aliases":["Evos Eski Shahar"],"brand":"evos","subtype":"general_fast_food","subtypes":["burger","general_fast_food"],"sources":["foursquare","osm","overture"],"confidence":0.98,"address":"3rd Floor Foodcourt, Eski Shahar Mall"}},{"type":"Feature","geometry":{"type":"Point","coordinates":[69.25795343333334,41.289715099999995]},"properties":{"id":"poi_0a01145f77329fe0","name":"EVOS","aliases":["Evos"],"brand":"evos","subtype":"general_fast_food","subtypes":["general_fast_food"],"sources":["foursquare","osm","overture"],"confidence":0.98,"address":"Shota Rustaveli Ko'Chasi 36"}},{"type":"Feature","geometry":{"type":"Point","coordinates":[69.3244824,41.3246551]},"properties":{"id":"poi_00f8767215f40039","name":"EVOS","aliases":["Evos"],"brand":"evos","subtype":"general_fast_food","subtypes":["general_fast_food"],"sources":["foursquare","osm"],"confidence":0.82,"address":null}},{"type":"Feature","geometry":{"type":"Point","coordinates":[69.25386505,41.32085725]},"properties":{"id":"poi_9f31320a52e28fc5","name":"EVOS","aliases":["Evos"],"brand":"evos","subtype":"general_fast_food","subtypes":["general_fast_food"],"sources":["foursquare","osm"],"confidence":0.82,"address":null}},{"type":"Feature","geometry":{"type":"Point","coordinates":[69.2215468,41.22284043333334]},"properties":{"id":"poi_958c2e4c56cdaead","name":"EVOS","aliases":["Evos Sergeli","EVOS Sergeli"],"brand":"evos","subtype":"general_fast_food","subtypes":["general_fast_food"],"sources":["foursquare","osm","overture"],"confidence":0.98,"address":null}},{"type":"Feature","geometry":{"type":"Point","coordinates":[69.24168465075765,41.280107834456565]},"properties":{"id":"poi_5ab8618bd95f1732","name":"EVOS","aliases":["EVOS Мукумий","EVOS Mukimi"],"brand":"evos","subtype":"general_fast_food","subtypes":["hot_dog","general_fast_food"],"sources":["foursquare","osm","overture"],"confidence":0.98,"address":"Mukimi Street 7"}},{"type":"Feature","geometry":{"type":"Point","coordinates":[69.32173805,41.25290095]},"properties":{"id":"poi_6f6fda4d252acbfb","name":"EVOS","aliases":["EVOS Kuylyuk"],"brand":"evos","subtype":"general_fast_food","subtypes":["general_fast_food"],"sources":["osm","overture"],"confidence":0.934,"address":"Unnamed Road, Sarbon Deadlock 23"}},{"type":"Feature","geometry":{"type":"Point","coordinates":[69.27725070000001,41.3600474]},"properties":{"id":"poi_3bf7be33130233ba","name":"EVOS","aliases":[],"brand":"evos","subtype":"general_fast_food","subtypes":["general_fast_food"],"sources":["osm"],"confidence":0.62,"address":null}},{"type":"Feature","geometry":{"type":"Point","coordinates":[69.1649348,41.2835372]},"properties":{"id":"poi_edb17c1595a31b90","name":"EVOS","aliases":[],"brand":"evos","subtype":"general_fast_food","subtypes":["general_fast_food"],"sources":["osm"],"confidence":0.62,"address":null}},{"type":"Feature","geometry":{"type":"Point","coordinates":[69.16585,41.30885495]},"properties":{"id":"poi_6819e73fa53ebe43","name":"EVOS","aliases":[],"brand":"evos","subtype":"general_fast_food","subtypes":["general_fast_food"],"sources":["osm","overture"],"confidence":0.934,"address":"Узбекистан, Г.Ташкент, Учтепинский район, ул. Кукча Дарвоза 532"}},{"type":"Feature","geometry":{"type":"Point","coordinates":[69.21070370000001,41.2915065]},"properties":{"id":"poi_1d42509edfe89d6d","name":"EVOS","aliases":[],"brand":"evos","subtype":"general_fast_food","subtypes":["general_fast_food"],"sources":["osm"],"confidence":0.62,"address":null}},{"type":"Feature","geometry":{"type":"Point","coordinates":[69.20852395,41.3387284]},"properties":{"id":"poi_08f6d904bd24612a","name":"EVOS","aliases":["Evos Uzbekistan"],"brand":"evos","subtype":"general_fast_food","subtypes":["general_fast_food"],"sources":["osm","overture"],"confidence":0.934,"address":"Узбекистан, Г.Ташкент, Beruni Ave"}},{"type":"Feature","geometry":{"type":"Point","coordinates":[69.2493762,41.2978308]},"properties":{"id":"poi_2e7f1a5ae743211f","name":"EVOS","aliases":["EVOS TC Next"],"brand":"evos","subtype":"general_fast_food","subtypes":["general_fast_food"],"sources":["osm","overture"],"confidence":0.934,"address":"дом, Babur Street 6"}},{"type":"Feature","geometry":{"type":"Point","coordinates":[69.2531427,41.2855228]},"properties":{"id":"poi_cbb8654456ac72b9","name":"EVOS","aliases":[],"brand":"evos","subtype":"general_fast_food","subtypes":["general_fast_food"],"sources":["osm"],"confidence":0.62,"address":null}},{"type":"Feature","geometry":{"type":"Point","coordinates":[69.20374645,41.364335]},"properties":{"id":"poi_fd214f23c100595c","name":"EVOS","aliases":["EVOS Karakamysh"],"brand":"evos","subtype":"general_fast_food","subtypes":["general_fast_food"],"sources":["osm","overture"],"confidence":0.934,"address":"Узбекистан, Ташкент, Олмазорский район, массив Бешкурган, 2-й квартал"}},{"type":"Feature","geometry":{"type":"Point","coordinates":[69.1616803,41.263409749999994]},"properties":{"id":"poi_aeb39dc02f406bf6","name":"EVOS","aliases":[],"brand":"evos","subtype":"general_fast_food","subtypes":["general_fast_food"],"sources":["osm","overture"],"confidence":0.934,"address":null}},{"type":"Feature","geometry":{"type":"Point","coordinates":[69.3761844,41.35578825]},"properties":{"id":"poi_cf22fb6e2517b2b9","name":"EVOS","aliases":[],"brand":"evos","subtype":"general_fast_food","subtypes":["general_fast_food"],"sources":["osm","overture"],"confidence":0.934,"address":"Мирзо-Улугбекский район район, Yuzrabot Street"}},{"type":"Feature","geometry":{"type":"Point","coordinates":[69.3535257,41.354165]},"properties":{"id":"poi_91e7352fbf68f138","name":"EVOS","aliases":[],"brand":"evos","subtype":"general_fast_food","subtypes":["general_fast_food"],"sources":["osm"],"confidence":0.62,"address":null}},{"type":"Feature","geometry":{"type":"Point","coordinates":[69.3702097,41.3345257]},"properties":{"id":"poi_1b34a6d91b2be08b","name":"EVOS","aliases":[],"brand":"evos","subtype":"general_fast_food","subtypes":["general_fast_food"],"sources":["osm"],"confidence":0.62,"address":null}},{"type":"Feature","geometry":{"type":"Point","coordinates":[69.3430214,41.2905618]},"properties":{"id":"poi_493510fa375d319d","name":"EVOS","aliases":[],"brand":"evos","subtype":"general_fast_food","subtypes":["general_fast_food"],"sources":["osm"],"confidence":0.62,"address":null}},{"type":"Feature","geometry":{"type":"Point","coordinates":[69.3745496,41.2550264]},"properties":{"id":"poi_bdc4f292836dd956","name":"EVOS","aliases":[],"brand":"evos","subtype":"general_fast_food","subtypes":["general_fast_food"],"sources":["osm"],"confidence":0.62,"address":null}},{"type":"Feature","geometry":{"type":"Point","coordinates":[69.3352766,41.2327105]},"properties":{"id":"poi_38f2a8c94adc16ea","name":"EVOS","aliases":[],"brand":"evos","subtype":"general_fast_food","subtypes":["general_fast_food"],"sources":["osm"],"confidence":0.62,"address":null}},{"type":"Feature","geometry":{"type":"Point","coordinates":[69.3294808,41.2390835]},"properties":{"id":"poi_156fc47c9e0bb024","name":"EVOS","aliases":["EVOS ТЦ Компас"],"brand":"evos","subtype":"general_fast_food","subtypes":["general_fast_food"],"sources":["osm","overture"],"confidence":0.934,"address":"ТЦ Compass"}},{"type":"Feature","geometry":{"type":"Point","coordinates":[69.2825161,41.3200288875]},"properties":{"id":"poi_04eb169615f1ba81","name":"EVOS","aliases":["Evos"],"brand":"evos","subtype":"general_fast_food","subtypes":["general_fast_food"],"sources":["osm","overture"],"confidence":0.934,"address":"Узбекистан, Г.Ташкент, Amir Temur Avenue"}},{"type":"Feature","geometry":{"type":"Point","coordinates":[69.3051262,41.3739321]},"properties":{"id":"poi_500e8050868696d9","name":"EVOS","aliases":[],"brand":"evos","subtype":"general_fast_food","subtypes":["general_fast_food"],"sources":["osm"],"confidence":0.62,"address":null}},{"type":"Feature","geometry":{"type":"Point","coordinates":[69.2866366,41.364554]},"properties":{"id":"poi_27f8a3d2b304a75c","name":"EVOS","aliases":[],"brand":"evos","subtype":"general_fast_food","subtypes":["general_fast_food"],"sources":["osm"],"confidence":0.62,"address":null}},{"type":"Feature","geometry":{"type":"Point","coordinates":[69.22038244999999,41.379194049999995]},"properties":{"id":"poi_a643ca8d7d89ace0","name":"EVOS","aliases":["Evos"],"brand":"evos","subtype":"general_fast_food","subtypes":["general_fast_food"],"sources":["osm","overture"],"confidence":0.934,"address":"Keles Rd 95"}},{"type":"Feature","geometry":{"type":"Point","coordinates":[69.2272063,41.35678575]},"properties":{"id":"poi_6ad73a37360ab98f","name":"EVOS","aliases":["Evos Karakamysh"],"brand":"evos","subtype":"general_fast_food","subtypes":["general_fast_food"],"sources":["osm","overture"],"confidence":0.934,"address":"Массив"}},{"type":"Feature","geometry":{"type":"Point","coordinates":[69.2170237,41.3218022]},"properties":{"id":"poi_6869ab1a92120fb2","name":"EVOS","aliases":["EVOS Pervaya Gor-bolnitsa"],"brand":"evos","subtype":"general_fast_food","subtypes":["general_fast_food"],"sources":["osm","overture"],"confidence":0.934,"address":"Қоротош ко'часи"}},{"type":"Feature","geometry":{"type":"Point","coordinates":[69.23089130000001,41.3165635]},"properties":{"id":"poi_a162b2643d06a5f7","name":"EVOS","aliases":[],"brand":"evos","subtype":"general_fast_food","subtypes":["general_fast_food"],"sources":["osm"],"confidence":0.62,"address":null}},{"type":"Feature","geometry":{"type":"Point","coordinates":[69.2372653,41.3218764]},"properties":{"id":"poi_ab16ba008c9d326a","name":"EVOS","aliases":[],"brand":"evos","subtype":"general_fast_food","subtypes":["general_fast_food"],"sources":["osm"],"confidence":0.62,"address":null}},{"type":"Feature","geometry":{"type":"Point","coordinates":[69.1697877,41.2732313]},"properties":{"id":"poi_3ab0d81faf83ef55","name":"EVOS","aliases":[],"brand":"evos","subtype":"general_fast_food","subtypes":["general_fast_food"],"sources":["osm"],"confidence":0.62,"address":null}},{"type":"Feature","geometry":{"type":"Point","coordinates":[69.1727326,41.2688461]},"properties":{"id":"poi_bb83085d9ec9ee1a","name":"EVOS","aliases":[],"brand":"evos","subtype":"general_fast_food","subtypes":["general_fast_food"],"sources":["osm"],"confidence":0.62,"address":null}},{"type":"Feature","geometry":{"type":"Point","coordinates":[69.2011757,41.2200349]},"properties":{"id":"poi_2fd1cb69bb3cc338","name":"EVOS","aliases":[],"brand":"evos","subtype":"general_fast_food","subtypes":["general_fast_food"],"sources":["osm"],"confidence":0.62,"address":null}},{"type":"Feature","geometry":{"type":"Point","coordinates":[69.2299445,41.2117439]},"properties":{"id":"poi_4ac3d409f28d3758","name":"EVOS","aliases":[],"brand":"evos","subtype":"general_fast_food","subtypes":["general_fast_food"],"sources":["osm"],"confidence":0.62,"address":null}},{"type":"Feature","geometry":{"type":"Point","coordinates":[69.3407598,41.29172635]},"properties":{"id":"poi_207ad2e8d2c4178b","name":"EVOS","aliases":[],"brand":"evos","subtype":"general_fast_food","subtypes":["general_fast_food"],"sources":["osm","overture"],"confidence":0.934,"address":"Парк, Aviasozlar Street"}},{"type":"Feature","geometry":{"type":"Point","coordinates":[69.21096219098233,41.34203610071454]},"properties":{"id":"poi_b680398066a71254","name":"Evos Farobiy","aliases":[],"brand":"evos","subtype":"general_fast_food","subtypes":["general_fast_food"],"sources":["foursquare"],"confidence":0.62,"address":null}},{"type":"Feature","geometry":{"type":"Point","coordinates":[69.28602197630389,41.360011061554545]},"properties":{"id":"poi_81ab2cdfbcd6133f","name":"Evos Lavash","aliases":[],"brand":"evos","subtype":"burger","subtypes":["burger"],"sources":["foursquare","overture"],"confidence":0.859,"address":"Yunusobod 5kv"}},{"type":"Feature","geometry":{"type":"Point","coordinates":[69.352062,41.3532034]},"properties":{"id":"poi_dbf1e70358fa654b","name":"EVOS TC Ekobazar","aliases":[],"brand":"evos","subtype":"general_fast_food","subtypes":["general_fast_food"],"sources":["overture"],"confidence":0.734,"address":"Temur Malik Street 3А"}},{"type":"Feature","geometry":{"type":"Point","coordinates":[69.28063824014987,41.292178709158854]},"properties":{"id":"poi_30dd44f7e886d8cc","name":"EVOS на Мукимий","aliases":[],"brand":"evos","subtype":"general_fast_food","subtypes":["general_fast_food"],"sources":["foursquare"],"confidence":0.62,"address":null}},{"type":"Feature","geometry":{"type":"Point","coordinates":[69.24160708253858,41.34841934463674]},"properties":{"id":"poi_61d1216643a98d5c","name":"facefood","aliases":[],"brand":null,"subtype":"general_fast_food","subtypes":["general_fast_food"],"sources":["foursquare"],"confidence":0.62,"address":"Olmazor District"}},{"type":"Feature","geometry":{"type":"Point","coordinates":[69.323315,41.323677]},"properties":{"id":"poi_1d8cbab576359be0","name":"Falafel","aliases":[],"brand":null,"subtype":"general_fast_food","subtypes":["general_fast_food"],"sources":["foursquare"],"confidence":0.62,"address":null}},{"type":"Feature","geometry":{"type":"Point","coordinates":[69.209191,41.317415]},"properties":{"id":"poi_d70be6a2d1fd34aa","name":"Family Fun","aliases":[],"brand":null,"subtype":"burger","subtypes":["burger"],"sources":["foursquare"],"confidence":0.62,"address":null}},{"type":"Feature","geometry":{"type":"Point","coordinates":[69.18807,41.349842]},"properties":{"id":"poi_edc83d2ca7fa2aa6","name":"Farovon Somsa","aliases":[],"brand":null,"subtype":"general_fast_food","subtypes":["general_fast_food"],"sources":["foursquare"],"confidence":0.62,"address":null}},{"type":"Feature","geometry":{"type":"Point","coordinates":[69.1870352,41.3498879]},"properties":{"id":"poi_4ab9f0cb6c43a880","name":"Farovon To'yxonasi","aliases":[],"brand":null,"subtype":"general_fast_food","subtypes":["general_fast_food"],"sources":["overture"],"confidence":0.734,"address":"Farobi Street 415"}},{"type":"Feature","geometry":{"type":"Point","coordinates":[69.32203844820805,41.373736832002706]},"properties":{"id":"poi_66f555a8f05130ba","name":"Farrux Fayz","aliases":[],"brand":null,"subtype":"general_fast_food","subtypes":["chicken","general_fast_food"],"sources":["foursquare","overture"],"confidence":0.934,"address":"Юнусабад 19"}},{"type":"Feature","geometry":{"type":"Point","coordinates":[69.2409361,41.325576]},"properties":{"id":"poi_c89a5f6d9e477dc3","name":"Farsh","aliases":[],"brand":null,"subtype":"general_fast_food","subtypes":["general_fast_food"],"sources":["osm"],"confidence":0.62,"address":null}},{"type":"Feature","geometry":{"type":"Point","coordinates":[69.26932405,41.293932850000004]},"properties":{"id":"poi_565643db5fd6947b","name":"Farш","aliases":["#FARШ"],"brand":null,"subtype":"general_fast_food","subtypes":["burger","general_fast_food"],"sources":["foursquare","osm"],"confidence":0.82,"address":null}},{"type":"Feature","geometry":{"type":"Point","coordinates":[69.29850625363328,41.363940641790684]},"properties":{"id":"poi_83a37b03ffc7e839","name":"Fast Food","aliases":[],"brand":null,"subtype":"burger","subtypes":["burger"],"sources":["foursquare"],"confidence":0.62,"address":"Юнусабад 13"}},{"type":"Feature","geometry":{"type":"Point","coordinates":[69.2848889,41.3008895]},"properties":{"id":"poi_3eb1b3e887d5e398","name":"Fast Food","aliases":[],"brand":null,"subtype":"general_fast_food","subtypes":["general_fast_food"],"sources":["osm"],"confidence":0.62,"address":null}},{"type":"Feature","geometry":{"type":"Point","coordinates":[69.2874794,41.363478549999996]},"properties":{"id":"poi_d6adc6b128fd65ba","name":"Fast Food","aliases":[],"brand":null,"subtype":"general_fast_food","subtypes":["general_fast_food"],"sources":["osm"],"confidence":0.62,"address":null}},{"type":"Feature","geometry":{"type":"Point","coordinates":[69.309946,41.273087]},"properties":{"id":"poi_7801d5af91e666ac","name":"fast-food РИСОВЫЙ","aliases":[],"brand":null,"subtype":"general_fast_food","subtypes":["general_fast_food"],"sources":["foursquare"],"confidence":0.62,"address":"Рисовый Базар"}},{"type":"Feature","geometry":{"type":"Point","coordinates":[69.22607809912834,41.358715801604156]},"properties":{"id":"poi_5f18d2e9d91698eb","name":"Fastfood 1+1","aliases":[],"brand":null,"subtype":"general_fast_food","subtypes":["general_fast_food"],"sources":["foursquare"],"confidence":0.62,"address":null}},{"type":"Feature","geometry":{"type":"Point","coordinates":[69.271912,41.337863]},"properties":{"id":"poi_e8568cf90215d093","name":"Fayz Burger","aliases":[],"brand":null,"subtype":"burger","subtypes":["burger"],"sources":["foursquare"],"confidence":0.62,"address":"Malika"}},{"type":"Feature","geometry":{"type":"Point","coordinates":[69.2264797,41.1999204]},"properties":{"id":"poi_f706ad0a8c4c327d","name":"FAYZ kafesi","aliases":[],"brand":null,"subtype":"general_fast_food","subtypes":["general_fast_food"],"sources":["overture"],"confidence":0.734,"address":"Davlatabad St 15"}},{"type":"Feature","geometry":{"type":"Point","coordinates":[69.15656340000001,41.2594434]},"properties":{"id":"poi_8380ee1b5e27cbac","name":"feed up","aliases":[],"brand":"feed-up","subtype":"general_fast_food","subtypes":["general_fast_food"],"sources":["osm"],"confidence":0.62,"address":null}},{"type":"Feature","geometry":{"type":"Point","coordinates":[69.2481055,41.2995929]},"properties":{"id":"poi_0bb044110c311451","name":"Feed up","aliases":[],"brand":"feed-up","subtype":"general_fast_food","subtypes":["general_fast_food"],"sources":["osm"],"confidence":0.62,"address":null}},{"type":"Feature","geometry":{"type":"Point","coordinates":[69.238301,41.350676750000005]},"properties":{"id":"poi_5492a61d8d0199f2","name":"Feed Up","aliases":[],"brand":"feed-up","subtype":"general_fast_food","subtypes":["general_fast_food"],"sources":["foursquare","osm"],"confidence":0.82,"address":null}},{"type":"Feature","geometry":{"type":"Point","coordinates":[69.26500785,41.327472549999996]},"properties":{"id":"poi_3070dd3ac5e2e1cc","name":"Feed Up","aliases":["FeedUp"],"brand":"feed-up","subtype":"general_fast_food","subtypes":["burger","general_fast_food"],"sources":["foursquare","osm"],"confidence":0.82,"address":null}},{"type":"Feature","geometry":{"type":"Point","coordinates":[69.1767941,41.294262849999996]},"properties":{"id":"poi_a205626105750435","name":"Feed Up","aliases":["Feed up Учтепа"],"brand":"feed-up","subtype":"general_fast_food","subtypes":["general_fast_food"],"sources":["foursquare","osm"],"confidence":0.82,"address":"Фархадская улица, 7/1"}},{"type":"Feature","geometry":{"type":"Point","coordinates":[69.332663,41.326964]},"properties":{"id":"poi_ea0c9aefca3ae2d6","name":"Feed Up","aliases":[],"brand":"feed-up","subtype":"general_fast_food","subtypes":["general_fast_food"],"sources":["foursquare"],"confidence":0.62,"address":null}},{"type":"Feature","geometry":{"type":"Point","coordinates":[69.24533,41.317448]},"properties":{"id":"poi_e72814ee6f4735c3","name":"Feed Up","aliases":[],"brand":"feed-up","subtype":"burger","subtypes":["burger"],"sources":["foursquare"],"confidence":0.62,"address":null}},{"type":"Feature","geometry":{"type":"Point","coordinates":[69.22461320000001,41.28432875]},"properties":{"id":"poi_b2135c4517c923f9","name":"Feed Up","aliases":[],"brand":"feed-up","subtype":"general_fast_food","subtypes":["general_fast_food"],"sources":["foursquare","osm"],"confidence":0.82,"address":null}},{"type":"Feature","geometry":{"type":"Point","coordinates":[69.18707275,41.2854553]},"properties":{"id":"poi_a60b59ec079008f8","name":"Feed Up","aliases":["Feed Up Фархадский"],"brand":"feed-up","subtype":"general_fast_food","subtypes":["burger","general_fast_food"],"sources":["foursquare","osm"],"confidence":0.82,"address":"Учтепа 12-й квартал, 21"}},{"type":"Feature","geometry":{"type":"Point","coordinates":[69.3651794,41.331461]},"properties":{"id":"poi_10da9a07e8095e62","name":"Feed Up","aliases":[],"brand":"feed-up","subtype":"general_fast_food","subtypes":["general_fast_food"],"sources":["osm"],"confidence":0.62,"address":null}},{"type":"Feature","geometry":{"type":"Point","coordinates":[69.2454454,41.3034172]},"properties":{"id":"poi_8b9344dda0445bce","name":"Feed Up","aliases":[],"brand":"feed-up","subtype":"general_fast_food","subtypes":["general_fast_food"],"sources":["osm"],"confidence":0.62,"address":null}},{"type":"Feature","geometry":{"type":"Point","coordinates":[69.2556775,41.3260611]},"properties":{"id":"poi_68b3c56834ea79cb","name":"Feed Up","aliases":[],"brand":"feed-up","subtype":"general_fast_food","subtypes":["general_fast_food"],"sources":["osm"],"confidence":0.62,"address":null}},{"type":"Feature","geometry":{"type":"Point","coordinates":[69.2143392,41.2142559]},"properties":{"id":"poi_f29bd62e9b916f73","name":"Feed Up","aliases":[],"brand":"feed-up","subtype":"general_fast_food","subtypes":["general_fast_food"],"sources":["osm"],"confidence":0.62,"address":null}},{"type":"Feature","geometry":{"type":"Point","coordinates":[69.1719175,41.2436635]},"properties":{"id":"poi_cc83a0eaa0b51e30","name":"Feed Up","aliases":[],"brand":"feed-up","subtype":"general_fast_food","subtypes":["general_fast_food"],"sources":["osm"],"confidence":0.62,"address":null}},{"type":"Feature","geometry":{"type":"Point","coordinates":[69.3102229,41.273144]},"properties":{"id":"poi_dcef1087588ddc10","name":"Feed Up","aliases":[],"brand":"feed-up","subtype":"general_fast_food","subtypes":["general_fast_food"],"sources":["osm"],"confidence":0.62,"address":null}},{"type":"Feature","geometry":{"type":"Point","coordinates":[69.2314486,41.3162542]},"properties":{"id":"poi_fbc6a5d2059fd563","name":"Feed Up","aliases":[],"brand":"feed-up","subtype":"general_fast_food","subtypes":["general_fast_food"],"sources":["osm"],"confidence":0.62,"address":null}},{"type":"Feature","geometry":{"type":"Point","coordinates":[69.2814517,41.3121852]},"properties":{"id":"poi_528302bae37227cf","name":"Feed Up","aliases":[],"brand":"feed-up","subtype":"general_fast_food","subtypes":["general_fast_food"],"sources":["osm"],"confidence":0.62,"address":null}},{"type":"Feature","geometry":{"type":"Point","coordinates":[69.2486607,41.2086464]},"properties":{"id":"poi_bf0899ee3a3fb4d5","name":"Feed Up","aliases":[],"brand":"feed-up","subtype":"general_fast_food","subtypes":["general_fast_food"],"sources":["osm"],"confidence":0.62,"address":null}},{"type":"Feature","geometry":{"type":"Point","coordinates":[69.3537122,41.3532158]},"properties":{"id":"poi_bb4ff179cbf4bd87","name":"Feed Up","aliases":[],"brand":"feed-up","subtype":"general_fast_food","subtypes":["general_fast_food"],"sources":["osm"],"confidence":0.62,"address":null}},{"type":"Feature","geometry":{"type":"Point","coordinates":[69.21990005,41.32239695]},"properties":{"id":"poi_bf4b83ef821b2da4","name":"Feed Up","aliases":["Feed up"],"brand":"feed-up","subtype":"general_fast_food","subtypes":["general_fast_food","burger"],"sources":["osm","overture"],"confidence":0.934,"address":"Ташкент Уйгур 10Б"}},{"type":"Feature","geometry":{"type":"Point","coordinates":[69.214709,41.282211]},"properties":{"id":"poi_ef4c8ae393877973","name":"Feed Up","aliases":[],"brand":"feed-up","subtype":"general_fast_food","subtypes":["general_fast_food"],"sources":["osm"],"confidence":0.62,"address":null}},{"type":"Feature","geometry":{"type":"Point","coordinates":[69.2651028,41.3713097]},"properties":{"id":"poi_f50eeb29617aaad2","name":"Feed Up","aliases":[],"brand":"feed-up","subtype":"general_fast_food","subtypes":["general_fast_food"],"sources":["osm"],"confidence":0.62,"address":null}},{"type":"Feature","geometry":{"type":"Point","coordinates":[69.3231829,41.2308269]},"properties":{"id":"poi_1af546e2d1a9eb1e","name":"Feed Up","aliases":[],"brand":"feed-up","subtype":"general_fast_food","subtypes":["general_fast_food"],"sources":["osm"],"confidence":0.62,"address":null}},{"type":"Feature","geometry":{"type":"Point","coordinates":[69.2740347,41.338277899999994]},"properties":{"id":"poi_7c34daead069ec9c","name":"Feed Up","aliases":["Feed up"],"brand":"feed-up","subtype":"general_fast_food","subtypes":["general_fast_food"],"sources":["osm","overture"],"confidence":0.934,"address":"Sandikkurgan Drive 5 36"}},{"type":"Feature","geometry":{"type":"Point","coordinates":[69.2307571,41.2100185]},"properties":{"id":"poi_c7edf6d97be0bbc7","name":"Feed Up","aliases":[],"brand":"feed-up","subtype":"general_fast_food","subtypes":["general_fast_food"],"sources":["osm"],"confidence":0.62,"address":null}},{"type":"Feature","geometry":{"type":"Point","coordinates":[69.21135310000001,41.200504]},"properties":{"id":"poi_aea344bb476202ba","name":"Feed Up","aliases":[],"brand":"feed-up","subtype":"general_fast_food","subtypes":["general_fast_food"],"sources":["osm"],"confidence":0.62,"address":null}},{"type":"Feature","geometry":{"type":"Point","coordinates":[69.20118570000001,41.2216319]},"properties":{"id":"poi_0757ea3b07752b37","name":"Feed Up","aliases":[],"brand":"feed-up","subtype":"general_fast_food","subtypes":["general_fast_food"],"sources":["osm"],"confidence":0.62,"address":null}},{"type":"Feature","geometry":{"type":"Point","coordinates":[69.1611242,41.2730613]},"properties":{"id":"poi_765d246931198f01","name":"Feed Up","aliases":[],"brand":"feed-up","subtype":"general_fast_food","subtypes":["general_fast_food"],"sources":["osm"],"confidence":0.62,"address":null}},{"type":"Feature","geometry":{"type":"Point","coordinates":[69.3490167,41.2901861]},"properties":{"id":"poi_1a859a70ca3631e5","name":"Feed Up","aliases":[],"brand":"feed-up","subtype":"general_fast_food","subtypes":["general_fast_food"],"sources":["osm"],"confidence":0.62,"address":null}},{"type":"Feature","geometry":{"type":"Point","coordinates":[69.1990092,41.3472143]},"properties":{"id":"poi_e776b6c83a9893e1","name":"Feed Up","aliases":[],"brand":"feed-up","subtype":"general_fast_food","subtypes":["general_fast_food"],"sources":["osm"],"confidence":0.62,"address":null}},{"type":"Feature","geometry":{"type":"Point","coordinates":[69.20592,41.345234]},"properties":{"id":"poi_779b39f1b4618a07","name":"Feed Up (Beruniy)","aliases":[],"brand":"feed-up","subtype":"general_fast_food","subtypes":["general_fast_food"],"sources":["foursquare"],"confidence":0.62,"address":"metro beruniy"}},{"type":"Feature","geometry":{"type":"Point","coordinates":[69.288418,41.311571]},"properties":{"id":"poi_30f52b3feecafee2","name":"FeedUp","aliases":[],"brand":"feed-up","subtype":"general_fast_food","subtypes":["general_fast_food"],"sources":["foursquare"],"confidence":0.62,"address":null}},{"type":"Feature","geometry":{"type":"Point","coordinates":[69.301414466117,41.272142519644504]},"properties":{"id":"poi_7d41122b025d04c2","name":"FINLANDIA","aliases":[],"brand":null,"subtype":"food_court","subtypes":["food_court"],"sources":["foursquare"],"confidence":0.62,"address":null}},{"type":"Feature","geometry":{"type":"Point","coordinates":[69.2647221,41.3270251]},"properties":{"id":"poi_45df7f83e0efe3be","name":"Fish & Bread","aliases":[],"brand":null,"subtype":"general_fast_food","subtypes":["general_fast_food"],"sources":["osm"],"confidence":0.62,"address":null}},{"type":"Feature","geometry":{"type":"Point","coordinates":[69.2222303,41.2111323]},"properties":{"id":"poi_74708e5553c3cf9b","name":"Fish and bread","aliases":[],"brand":null,"subtype":"general_fast_food","subtypes":["general_fast_food"],"sources":["osm"],"confidence":0.62,"address":null}},{"type":"Feature","geometry":{"type":"Point","coordinates":[69.2686868,41.30800033333333]},"properties":{"id":"poi_f485545d72ec1e55","name":"Fish and Bread","aliases":["Fish And Bread"],"brand":null,"subtype":"general_fast_food","subtypes":["general_fast_food"],"sources":["foursquare","osm","overture"],"confidence":0.98,"address":"Улица Ислама Каримова 17"}},{"type":"Feature","geometry":{"type":"Point","coordinates":[69.29067358352486,41.32430627871592]},"properties":{"id":"poi_0e2a93ad2709a747","name":"Fish and Bread","aliases":["Fish And Bread"],"brand":null,"subtype":"general_fast_food","subtypes":["general_fast_food"],"sources":["foursquare","osm"],"confidence":0.82,"address":"12, Niyozbekyuli Str."}},{"type":"Feature","geometry":{"type":"Point","coordinates":[69.2275918,41.2965976]},"properties":{"id":"poi_cce046bd770cbf53","name":"Fish and Bread","aliases":[],"brand":null,"subtype":"general_fast_food","subtypes":["general_fast_food"],"sources":["osm"],"confidence":0.62,"address":null}},{"type":"Feature","geometry":{"type":"Point","coordinates":[69.264448,41.327423]},"properties":{"id":"poi_94bd518191060943","name":"Fish&Chips","aliases":[],"brand":null,"subtype":"general_fast_food","subtypes":["general_fast_food"],"sources":["foursquare"],"confidence":0.62,"address":null}},{"type":"Feature","geometry":{"type":"Point","coordinates":[69.2282069,41.3274854]},"properties":{"id":"poi_c65f142c51c330f5","name":"Florensia Toyxonasi","aliases":[],"brand":null,"subtype":"general_fast_food","subtypes":["general_fast_food"],"sources":["overture"],"confidence":0.738,"address":null}},{"type":"Feature","geometry":{"type":"Point","coordinates":[69.27305595581704,41.309825243140786]},"properties":{"id":"poi_15148b7fa59d95ba","name":"Florya Cafe","aliases":[],"brand":null,"subtype":"general_fast_food","subtypes":["general_fast_food"],"sources":["foursquare"],"confidence":0.62,"address":"Tashken Uzbekistan"}},{"type":"Feature","geometry":{"type":"Point","coordinates":[69.2456851,41.3032173]},"properties":{"id":"poi_038721379035aff9","name":"Food Box","aliases":[],"brand":null,"subtype":"general_fast_food","subtypes":["general_fast_food"],"sources":["osm"],"confidence":0.62,"address":null}},{"type":"Feature","geometry":{"type":"Point","coordinates":[69.231267,41.316609]},"properties":{"id":"poi_4cd2c248b14dc4bc","name":"Food Court","aliases":[],"brand":null,"subtype":"food_court","subtypes":["food_court"],"sources":["foursquare"],"confidence":0.62,"address":"Karatash Str"}},{"type":"Feature","geometry":{"type":"Point","coordinates":[69.251954,41.31537]},"properties":{"id":"poi_a6c5c3191e0fa8a7","name":"Food Court","aliases":[],"brand":null,"subtype":"food_court","subtypes":["food_court"],"sources":["foursquare"],"confidence":0.62,"address":null}},{"type":"Feature","geometry":{"type":"Point","coordinates":[69.26783880065221,41.29574697752764]},"properties":{"id":"poi_36fa21cac2124a4b","name":"Food Court @ Kontinent","aliases":[],"brand":null,"subtype":"food_court","subtypes":["food_court"],"sources":["foursquare"],"confidence":0.62,"address":null}},{"type":"Feature","geometry":{"type":"Point","coordinates":[69.283356,41.304253]},"properties":{"id":"poi_d0d3cab1e0e0d732","name":"Food Mall Tashkent","aliases":[],"brand":null,"subtype":"food_court","subtypes":["food_court"],"sources":["foursquare"],"confidence":0.62,"address":"Шахрисабский проезд, 6"}},{"type":"Feature","geometry":{"type":"Point","coordinates":[69.30460576258591,41.37407931861394]},"properties":{"id":"poi_1e5816770409ec44","name":"Food Smak","aliases":[],"brand":null,"subtype":"burger","subtypes":["burger"],"sources":["foursquare"],"confidence":0.62,"address":null}},{"type":"Feature","geometry":{"type":"Point","coordinates":[69.2852,41.3373]},"properties":{"id":"poi_535101acecac51e3","name":"Food Time","aliases":[],"brand":null,"subtype":"general_fast_food","subtypes":["general_fast_food"],"sources":["foursquare"],"confidence":0.62,"address":null}},{"type":"Feature","geometry":{"type":"Point","coordinates":[69.2853,41.3348]},"properties":{"id":"poi_633e789f027db6ab","name":"Food Time","aliases":[],"brand":null,"subtype":"general_fast_food","subtypes":["general_fast_food"],"sources":["foursquare"],"confidence":0.62,"address":null}},{"type":"Feature","geometry":{"type":"Point","coordinates":[69.26205,41.305215]},"properties":{"id":"poi_3e818f15d33586eb","name":"Food Truck (1)","aliases":[],"brand":null,"subtype":"street_food","subtypes":["street_food"],"sources":["foursquare"],"confidence":0.62,"address":null}},{"type":"Feature","geometry":{"type":"Point","coordinates":[69.258617,41.300919]},"properties":{"id":"poi_bc292be64032ae11","name":"Food Truck (2)","aliases":[],"brand":null,"subtype":"street_food","subtypes":["street_food"],"sources":["foursquare"],"confidence":0.62,"address":null}},{"type":"Feature","geometry":{"type":"Point","coordinates":[69.259207,41.298082]},"properties":{"id":"poi_a64d5801b4f5f4d2","name":"Food Truck (3)","aliases":[],"brand":null,"subtype":"street_food","subtypes":["street_food"],"sources":["foursquare"],"confidence":0.62,"address":null}},{"type":"Feature","geometry":{"type":"Point","coordinates":[69.2471522,41.279051949999996]},"properties":{"id":"poi_6968cb327a49ce1a","name":"Frango","aliases":[],"brand":null,"subtype":"general_fast_food","subtypes":["general_fast_food"],"sources":["foursquare","osm"],"confidence":0.82,"address":"63-65 Usmon Nosir ko'chasi"}},{"type":"Feature","geometry":{"type":"Point","coordinates":[69.267225,41.354536]},"properties":{"id":"poi_6df50cedfeef1980","name":"Fresh food","aliases":[],"brand":null,"subtype":"burger","subtypes":["burger"],"sources":["foursquare"],"confidence":0.62,"address":null}},{"type":"Feature","geometry":{"type":"Point","coordinates":[69.28063149922593,41.327670229082955]},"properties":{"id":"poi_58298d405934c0b2","name":"freshmeal","aliases":[],"brand":null,"subtype":"sandwich","subtypes":["sandwich"],"sources":["foursquare","overture"],"confidence":0.859,"address":null}},{"type":"Feature","geometry":{"type":"Point","coordinates":[69.23857463829576,41.32258221562537]},"properties":{"id":"poi_da8e20949d365d23","name":"Friday's","aliases":[],"brand":null,"subtype":"burger","subtypes":["burger"],"sources":["foursquare"],"confidence":0.62,"address":null}},{"type":"Feature","geometry":{"type":"Point","coordinates":[69.289877,41.309401]},"properties":{"id":"poi_09609b59ac787ea8","name":"Friends","aliases":[],"brand":null,"subtype":"pizza","subtypes":["pizza"],"sources":["foursquare"],"confidence":0.62,"address":"Ц-1"}},{"type":"Feature","geometry":{"type":"Point","coordinates":[69.252913,41.289083]},"properties":{"id":"poi_2a175497bbd59bf6","name":"Friends Pizza","aliases":[],"brand":null,"subtype":"pizza","subtypes":["pizza"],"sources":["foursquare"],"confidence":0.62,"address":"Сад Дружбы, Ташкент"}},{"type":"Feature","geometry":{"type":"Point","coordinates":[69.28123190473858,41.28820255100337]},"properties":{"id":"poi_15bd2cc4acc06758","name":"FUN BURGER","aliases":[],"brand":null,"subtype":"burger","subtypes":["burger"],"sources":["foursquare"],"confidence":0.62,"address":"Авто мойка на кольцевой где Утки)"}},{"type":"Feature","geometry":{"type":"Point","coordinates":[69.22628,41.32853]},"properties":{"id":"poi_95aa35749ef35ea8","name":"G’uncha Hot Food","aliases":[],"brand":null,"subtype":"burger","subtypes":["burger"],"sources":["foursquare"],"confidence":0.62,"address":null}},{"type":"Feature","geometry":{"type":"Point","coordinates":[69.245514,41.28305]},"properties":{"id":"poi_ea58df0ec326690e","name":"Gallery Lounge&Restaurant","aliases":[],"brand":null,"subtype":"general_fast_food","subtypes":["general_fast_food"],"sources":["overture"],"confidence":0.659,"address":"Imom-at-Termizdagi Ko'Chasi 8"}},{"type":"Feature","geometry":{"type":"Point","coordinates":[69.17832,41.291683]},"properties":{"id":"poi_d95ad7a0e9d0dc2f","name":"Gamburger","aliases":[],"brand":null,"subtype":"burger","subtypes":["burger"],"sources":["foursquare"],"confidence":0.62,"address":null}},{"type":"Feature","geometry":{"type":"Point","coordinates":[69.3015641,41.3248814]},"properties":{"id":"poi_dece3f8dbe5c01ef","name":"Garden Restaurant (Yesil)","aliases":[],"brand":null,"subtype":"general_fast_food","subtypes":["general_fast_food"],"sources":["overture"],"confidence":0.734,"address":"Osiyo Street"}},{"type":"Feature","geometry":{"type":"Point","coordinates":[69.3563743,41.3549848]},"properties":{"id":"poi_5d54b4bd00d2ece4","name":"Garry food","aliases":[],"brand":null,"subtype":"general_fast_food","subtypes":["general_fast_food"],"sources":["osm"],"confidence":0.62,"address":null}},{"type":"Feature","geometry":{"type":"Point","coordinates":[69.27407298912527,41.337849675991926]},"properties":{"id":"poi_78bf9f47c618a4df","name":"Genuine Broaster Chicken Uzbekistan","aliases":[],"brand":null,"subtype":"chicken","subtypes":["chicken"],"sources":["foursquare"],"confidence":0.62,"address":null}},{"type":"Feature","geometry":{"type":"Point","coordinates":[69.269807,41.294825]},"properties":{"id":"poi_4c9da424825717e5","name":"German Döner","aliases":[],"brand":null,"subtype":"burger","subtypes":["burger"],"sources":["overture"],"confidence":0.659,"address":"Mirobod Street 29"}},{"type":"Feature","geometry":{"type":"Point","coordinates":[69.2570278,41.2840361]},"properties":{"id":"poi_dd807648d7e7757d","name":"Giotto ViaPort","aliases":[],"brand":null,"subtype":"general_fast_food","subtypes":["general_fast_food"],"sources":["overture"],"confidence":0.697,"address":"Махмуд Тараби 29"}},{"type":"Feature","geometry":{"type":"Point","coordinates":[69.277144,41.296193]},"properties":{"id":"poi_bec6805f2e479690","name":"Giros","aliases":[],"brand":null,"subtype":"general_fast_food","subtypes":["general_fast_food"],"sources":["foursquare"],"confidence":0.62,"address":"Oybek St, 49"}},{"type":"Feature","geometry":{"type":"Point","coordinates":[69.26458,41.327305]},"properties":{"id":"poi_8af9b0a5e7ad7657","name":"Golden Fish Chips","aliases":[],"brand":null,"subtype":"general_fast_food","subtypes":["general_fast_food"],"sources":["foursquare"],"confidence":0.62,"address":null}},{"type":"Feature","geometry":{"type":"Point","coordinates":[69.2851052,41.314687]},"properties":{"id":"poi_08a3046e46d96a87","name":"Golden Wing Pasta","aliases":[],"brand":null,"subtype":"general_fast_food","subtypes":["general_fast_food"],"sources":["overture"],"confidence":0.659,"address":"Shahrisabz Ko'Chasi 30a"}},{"type":"Feature","geometry":{"type":"Point","coordinates":[69.269684,41.307312]},"properties":{"id":"poi_93a6f8e613d17bd4","name":"GOOD","aliases":[],"brand":null,"subtype":"burger","subtypes":["burger"],"sources":["foursquare"],"confidence":0.62,"address":null}},{"type":"Feature","geometry":{"type":"Point","coordinates":[69.2129693,41.293467]},"properties":{"id":"poi_0c484649adcf7ea9","name":"Good Day","aliases":[],"brand":null,"subtype":"general_fast_food","subtypes":["general_fast_food"],"sources":["osm"],"confidence":0.62,"address":null}},{"type":"Feature","geometry":{"type":"Point","coordinates":[69.26839596928961,41.29798193812806]},"properties":{"id":"poi_0f49f1e57b6bdc2f","name":"Gosht","aliases":["Go'sht"],"brand":null,"subtype":"burger","subtypes":["burger"],"sources":["foursquare","overture"],"confidence":0.938,"address":"Mirobod, 21/1"}},{"type":"Feature","geometry":{"type":"Point","coordinates":[69.2740956,41.3117755]},"properties":{"id":"poi_24181aa0de50563a","name":"Gosht Burger","aliases":[],"brand":null,"subtype":"burger","subtypes":["burger"],"sources":["overture"],"confidence":0.734,"address":"Samarqand Darvoza Ko'Chasi 5а"}},{"type":"Feature","geometry":{"type":"Point","coordinates":[69.2739767,41.3375922]},"properties":{"id":"poi_f7d77f2ee7acb177","name":"Gosht Doner","aliases":[],"brand":null,"subtype":"doner_kebab","subtypes":["doner_kebab"],"sources":["overture"],"confidence":0.738,"address":"Khurshid Street"}},{"type":"Feature","geometry":{"type":"Point","coordinates":[69.274035,41.311724]},"properties":{"id":"poi_f4987aea22cf62bb","name":"Gosht Kiosk","aliases":[],"brand":null,"subtype":"burger","subtypes":["burger"],"sources":["foursquare"],"confidence":0.62,"address":"Sayilgoh (Broadway)"}},{"type":"Feature","geometry":{"type":"Point","coordinates":[69.283118,41.305647]},"properties":{"id":"poi_350ed50be92d0d68","name":"Gōsht West","aliases":[],"brand":null,"subtype":"burger","subtypes":["burger"],"sources":["foursquare"],"confidence":0.62,"address":"Шахрисабзский пр., 5А"}},{"type":"Feature","geometry":{"type":"Point","coordinates":[69.3482566,41.2403353]},"properties":{"id":"poi_88847cea268fe85f","name":"Grand Almaz","aliases":[],"brand":null,"subtype":"general_fast_food","subtypes":["general_fast_food"],"sources":["overture"],"confidence":0.697,"address":" ул. Хусейна Байкары, 80"}},{"type":"Feature","geometry":{"type":"Point","coordinates":[69.25015259394532,41.29526900622558]},"properties":{"id":"poi_69f1a05a309e815b","name":"Grand Lavash","aliases":[],"brand":null,"subtype":"burger","subtypes":["burger"],"sources":["foursquare","overture"],"confidence":0.859,"address":null}},{"type":"Feature","geometry":{"type":"Point","coordinates":[69.2235361,41.2909277]},"properties":{"id":"poi_74ee269162f57093","name":"Grand pizza&sushi","aliases":[],"brand":null,"subtype":"pizza","subtypes":["pizza"],"sources":["osm"],"confidence":0.62,"address":null}},{"type":"Feature","geometry":{"type":"Point","coordinates":[69.2865944,41.3398248]},"properties":{"id":"poi_83c0970afef16f96","name":"GreenFood","aliases":[],"brand":null,"subtype":"general_fast_food","subtypes":["general_fast_food"],"sources":["osm"],"confidence":0.62,"address":null}},{"type":"Feature","geometry":{"type":"Point","coordinates":[69.3018291,41.2482053]},"properties":{"id":"poi_6070225c73754025","name":"Grill","aliases":[],"brand":null,"subtype":"general_fast_food","subtypes":["general_fast_food"],"sources":["osm"],"confidence":0.62,"address":null}},{"type":"Feature","geometry":{"type":"Point","coordinates":[69.1739395,41.2980803]},"properties":{"id":"poi_d5f53ac398f44b62","name":"Grill","aliases":[],"brand":null,"subtype":"general_fast_food","subtypes":["general_fast_food"],"sources":["osm"],"confidence":0.62,"address":null}},{"type":"Feature","geometry":{"type":"Point","coordinates":[69.28100491537091,41.325633954558825]},"properties":{"id":"poi_6ffb30a000f19e27","name":"Grill.uz","aliases":[],"brand":null,"subtype":"chicken","subtypes":["chicken"],"sources":["foursquare"],"confidence":0.62,"address":null}},{"type":"Feature","geometry":{"type":"Point","coordinates":[69.2358291,41.3295777]},"properties":{"id":"poi_fb1bd14ed503b8b1","name":"Gumma","aliases":[],"brand":null,"subtype":"general_fast_food","subtypes":["general_fast_food"],"sources":["osm"],"confidence":0.62,"address":null}},{"type":"Feature","geometry":{"type":"Point","coordinates":[69.2355535,41.2686549]},"properties":{"id":"poi_ca65b5facec037c8","name":"Gumma & Xonim","aliases":[],"brand":null,"subtype":"general_fast_food","subtypes":["general_fast_food"],"sources":["osm"],"confidence":0.62,"address":null}},{"type":"Feature","geometry":{"type":"Point","coordinates":[69.247638,41.300857]},"properties":{"id":"poi_ed856f698073390f","name":"Günaydın","aliases":[],"brand":null,"subtype":"doner_kebab","subtypes":["doner_kebab"],"sources":["foursquare"],"confidence":0.62,"address":null}},{"type":"Feature","geometry":{"type":"Point","coordinates":[69.1829591849915,41.36547564128833]},"properties":{"id":"poi_04fe49bd3e417951","name":"Gurman","aliases":[],"brand":null,"subtype":"burger","subtypes":["burger"],"sources":["foursquare"],"confidence":0.62,"address":null}},{"type":"Feature","geometry":{"type":"Point","coordinates":[69.18218994140625,41.36432647705078]},"properties":{"id":"poi_bdd51a8b72200b19","name":"Gurman","aliases":[],"brand":null,"subtype":"burger","subtypes":["burger"],"sources":["foursquare"],"confidence":0.62,"address":null}},{"type":"Feature","geometry":{"type":"Point","coordinates":[69.2462387084961,41.26900100708008]},"properties":{"id":"poi_cda849de6051a11f","name":"gurman burger","aliases":[],"brand":null,"subtype":"burger","subtypes":["burger"],"sources":["foursquare"],"confidence":0.62,"address":null}},{"type":"Feature","geometry":{"type":"Point","coordinates":[69.2148969,41.2251558]},"properties":{"id":"poi_83f13f6eebf0db7e","name":"Gurman BURGER","aliases":[],"brand":null,"subtype":"burger","subtypes":["burger"],"sources":["overture"],"confidence":0.659,"address":"City"}},{"type":"Feature","geometry":{"type":"Point","coordinates":[69.3186457,41.3719786]},"properties":{"id":"poi_b7288758efefa99d","name":"Gusto","aliases":[],"brand":null,"subtype":"general_fast_food","subtypes":["general_fast_food"],"sources":["osm"],"confidence":0.62,"address":null}},{"type":"Feature","geometry":{"type":"Point","coordinates":[69.25,41.3167]},"properties":{"id":"poi_740700680fb27086","name":"Gusto Del Mozzarella","aliases":[],"brand":null,"subtype":"burger","subtypes":["burger"],"sources":["overture"],"confidence":0.659,"address":"Чиланзарский район, 10-й квартал, Ул. Фархадская 21А"}},{"type":"Feature","geometry":{"type":"Point","coordinates":[69.2693134,41.3402792]},"properties":{"id":"poi_95ff8f13af134d59","name":"Gustoso","aliases":[],"brand":null,"subtype":"pizza","subtypes":["pizza"],"sources":["overture"],"confidence":0.659,"address":"Guards Colonel Khodjaev Street 7"}},{"type":"Feature","geometry":{"type":"Point","coordinates":[69.2528732,41.2862008]},"properties":{"id":"poi_3c9ca15ff21bb471","name":"Gustoso","aliases":[],"brand":null,"subtype":"general_fast_food","subtypes":["general_fast_food"],"sources":["overture"],"confidence":0.659,"address":"Babur Street 40"}},{"type":"Feature","geometry":{"type":"Point","coordinates":[69.3135314,41.2520474]},"properties":{"id":"poi_4045f7a22b9b291e","name":"Halol Burger","aliases":[],"brand":null,"subtype":"burger","subtypes":["burger"],"sources":["osm"],"confidence":0.62,"address":null}},{"type":"Feature","geometry":{"type":"Point","coordinates":[69.22480341046331,41.292715128647664]},"properties":{"id":"poi_417f3e471f9c10b1","name":"Hamza Burger","aliases":[],"brand":null,"subtype":"burger","subtypes":["burger"],"sources":["foursquare"],"confidence":0.62,"address":null}},{"type":"Feature","geometry":{"type":"Point","coordinates":[69.3018396,41.2480422]},"properties":{"id":"poi_6d1e106422210a83","name":"Happy Food","aliases":[],"brand":null,"subtype":"general_fast_food","subtypes":["general_fast_food"],"sources":["osm"],"confidence":0.62,"address":null}},{"type":"Feature","geometry":{"type":"Point","coordinates":[69.25154,41.315604]},"properties":{"id":"poi_274a631e6d37861b","name":"Hardees","aliases":[],"brand":null,"subtype":"general_fast_food","subtypes":["general_fast_food"],"sources":["foursquare"],"confidence":0.62,"address":"Level 3, Tashkent City Mall"}},{"type":"Feature","geometry":{"type":"Point","coordinates":[69.2027033,41.2796385]},"properties":{"id":"poi_e0bd2a13040efd8b","name":"Hazrati Imom Jome Masjidi","aliases":[],"brand":null,"subtype":"general_fast_food","subtypes":["general_fast_food"],"sources":["overture"],"confidence":0.697,"address":"Uzbekistan"}},{"type":"Feature","geometry":{"type":"Point","coordinates":[69.3106541,41.37024]},"properties":{"id":"poi_c770c7a81a7c6cfa","name":"Hello","aliases":[],"brand":null,"subtype":"general_fast_food","subtypes":["general_fast_food"],"sources":["osm"],"confidence":0.62,"address":null}},{"type":"Feature","geometry":{"type":"Point","coordinates":[69.25,41.3167]},"properties":{"id":"poi_3a817c19781e65c4","name":"Hello Alphabet","aliases":[],"brand":null,"subtype":"general_fast_food","subtypes":["general_fast_food"],"sources":["overture"],"confidence":0.659,"address":"Юнусабад, Шахристанская 1 А"}},{"type":"Feature","geometry":{"type":"Point","coordinates":[69.223724,41.283432]},"properties":{"id":"poi_eed4309cd3516999","name":"Hoji Bobo","aliases":[],"brand":null,"subtype":"burger","subtypes":["burger"],"sources":["foursquare"],"confidence":0.62,"address":"чилонзар-1"}},{"type":"Feature","geometry":{"type":"Point","coordinates":[69.24412175152051,41.30193480228118]},"properties":{"id":"poi_607de53521267fcc","name":"Hollywood Fastfood","aliases":[],"brand":null,"subtype":"burger","subtypes":["burger"],"sources":["foursquare","overture"],"confidence":0.859,"address":"Citymakon"}},{"type":"Feature","geometry":{"type":"Point","coordinates":[69.26738,41.262296]},"properties":{"id":"poi_aa6757b575b15a3c","name":"Horizon Burgers & Fried Chicken","aliases":[],"brand":null,"subtype":"burger","subtypes":["burger"],"sources":["foursquare"],"confidence":0.62,"address":"Inside Departure Hall"}},{"type":"Feature","geometry":{"type":"Point","coordinates":[69.2356581,41.3296295]},"properties":{"id":"poi_4e94a42032034e55","name":"Hot dog","aliases":[],"brand":null,"subtype":"hot_dog","subtypes":["hot_dog"],"sources":["osm"],"confidence":0.62,"address":null}},{"type":"Feature","geometry":{"type":"Point","coordinates":[69.30085,41.333115]},"properties":{"id":"poi_0b677c02e2c7f260","name":"Hot Dog","aliases":[],"brand":null,"subtype":"hot_dog","subtypes":["hot_dog"],"sources":["foursquare"],"confidence":0.62,"address":null}},{"type":"Feature","geometry":{"type":"Point","coordinates":[69.2243243,41.2594421]},"properties":{"id":"poi_df7dbd2460122a58","name":"Hot Snack Sh.L.","aliases":[],"brand":null,"subtype":"hot_dog","subtypes":["hot_dog"],"sources":["overture"],"confidence":0.734,"address":"Южный вокзал"}},{"type":"Feature","geometry":{"type":"Point","coordinates":[69.2826298618283,41.30755675580162]},"properties":{"id":"poi_1c14c64dd3ed96c1","name":"Hot-Dogi-Dogi","aliases":["hot Dogi Dog","Hot-DogiDog"],"brand":null,"subtype":"hot_dog","subtypes":["hot_dog"],"sources":["foursquare","osm","overture"],"confidence":0.98,"address":"Istiqbol Ko'Chasi 8"}},{"type":"Feature","geometry":{"type":"Point","coordinates":[69.2112022,41.2919522]},"properties":{"id":"poi_003e32e741cf0cb2","name":"Hot-let house","aliases":[],"brand":null,"subtype":"general_fast_food","subtypes":["general_fast_food"],"sources":["overture"],"confidence":0.659,"address":"Катартал"}},{"type":"Feature","geometry":{"type":"Point","coordinates":[69.254519,41.285824]},"properties":{"id":"poi_0be022d8aef83129","name":"Hot-Let House","aliases":[],"brand":null,"subtype":"burger","subtypes":["burger"],"sources":["foursquare"],"confidence":0.62,"address":null}},{"type":"Feature","geometry":{"type":"Point","coordinates":[69.220135,41.26431315]},"properties":{"id":"poi_3e5a033f9661eb9a","name":"Hot-Let House","aliases":[],"brand":null,"subtype":"general_fast_food","subtypes":["general_fast_food"],"sources":["osm"],"confidence":0.62,"address":null}},{"type":"Feature","geometry":{"type":"Point","coordinates":[69.297419,41.324943]},"properties":{"id":"poi_591f67334031b290","name":"Hotdogger","aliases":[],"brand":null,"subtype":"hot_dog","subtypes":["hot_dog"],"sources":["foursquare"],"confidence":0.62,"address":null}},{"type":"Feature","geometry":{"type":"Point","coordinates":[69.2501521,41.3167549]},"properties":{"id":"poi_5a7642887bab932d","name":"Humo.restourant","aliases":[],"brand":null,"subtype":"general_fast_food","subtypes":["general_fast_food"],"sources":["overture"],"confidence":0.659,"address":"Яккасарайский район, массив Кушбеги, дом 1Б"}},{"type":"Feature","geometry":{"type":"Point","coordinates":[69.2058018,41.3405707]},"properties":{"id":"poi_dc5240e3376c5493","name":"Huvaydo Restaurant","aliases":[],"brand":null,"subtype":"general_fast_food","subtypes":["general_fast_food"],"sources":["overture"],"confidence":0.734,"address":"Beruni Ave 24"}},{"type":"Feature","geometry":{"type":"Point","coordinates":[69.2192316,41.3551969]},"properties":{"id":"poi_1f2b70969232931d","name":"ice cream near Oymomo park","aliases":[],"brand":null,"subtype":"general_fast_food","subtypes":["general_fast_food"],"sources":["overture"],"confidence":0.659,"address":"Qoraqamish ko'chasi"}},{"type":"Feature","geometry":{"type":"Point","coordinates":[69.2726001,41.3150907]},"properties":{"id":"poi_6b7629e66290c2d4","name":"Ijod Cafe","aliases":[],"brand":null,"subtype":"general_fast_food","subtypes":["general_fast_food"],"sources":["osm"],"confidence":0.62,"address":null}},{"type":"Feature","geometry":{"type":"Point","coordinates":[69.277959,41.299397]},"properties":{"id":"poi_58ac1065b95f33d4","name":"Il Patio","aliases":[],"brand":null,"subtype":"pizza","subtypes":["pizza"],"sources":["foursquare"],"confidence":0.62,"address":"Taras Shevchenko Street"}},{"type":"Feature","geometry":{"type":"Point","coordinates":[69.24942,41.298078]},"properties":{"id":"poi_7528ee604573ccbe","name":"INJIR Milliy taomlar Next","aliases":[],"brand":null,"subtype":"doner_kebab","subtypes":["doner_kebab"],"sources":["foursquare"],"confidence":0.62,"address":null}},{"type":"Feature","geometry":{"type":"Point","coordinates":[69.173773,41.2891975]},"properties":{"id":"poi_df7e4b78238f6d0b","name":"Intran Burger","aliases":[],"brand":null,"subtype":"burger","subtypes":["burger"],"sources":["osm"],"confidence":0.62,"address":null}},{"type":"Feature","geometry":{"type":"Point","coordinates":[69.28260705,41.328053600000004]},"properties":{"id":"poi_ea48c01904f24479","name":"Iskandar kabob","aliases":[],"brand":null,"subtype":"general_fast_food","subtypes":["burger","general_fast_food"],"sources":["foursquare","overture"],"confidence":0.897,"address":"ул. Амира Темура"}},{"type":"Feature","geometry":{"type":"Point","coordinates":[69.2825676,41.3279822]},"properties":{"id":"poi_927572ee09607c3d","name":"Iskandar Kebab","aliases":[],"brand":null,"subtype":"doner_kebab","subtypes":["doner_kebab"],"sources":["osm"],"confidence":0.62,"address":null}},{"type":"Feature","geometry":{"type":"Point","coordinates":[69.2704554,41.2939505]},"properties":{"id":"poi_51e4e7ca13be1afe","name":"İstabul Restaurant Tashkent","aliases":[],"brand":null,"subtype":"doner_kebab","subtypes":["doner_kebab"],"sources":["overture"],"confidence":0.697,"address":null}},{"type":"Feature","geometry":{"type":"Point","coordinates":[69.16288933339422,41.309496613952824]},"properties":{"id":"poi_43cfedf90854d96f","name":"Istiqbol","aliases":[],"brand":null,"subtype":"general_fast_food","subtypes":["general_fast_food"],"sources":["foursquare"],"confidence":0.62,"address":null}},{"type":"Feature","geometry":{"type":"Point","coordinates":[69.24556,41.26889]},"properties":{"id":"poi_3c1b5dd1a40f278f","name":"JACK Uzbekistan","aliases":[],"brand":null,"subtype":"general_fast_food","subtypes":["general_fast_food"],"sources":["overture"],"confidence":0.697,"address":"1 Dilqush Ko'Chasi 26"}},{"type":"Feature","geometry":{"type":"Point","coordinates":[69.24945880979442,41.298068348085465]},"properties":{"id":"poi_38500fb525be7b44","name":"Jack's House","aliases":[],"brand":null,"subtype":"burger","subtypes":["burger"],"sources":["foursquare"],"confidence":0.62,"address":"Next Mall"}},{"type":"Feature","geometry":{"type":"Point","coordinates":[69.29138,41.366531]},"properties":{"id":"poi_6ed4edf6dafe37f3","name":"Jiddiy Burger","aliases":[],"brand":null,"subtype":"burger","subtypes":["burger"],"sources":["foursquare"],"confidence":0.62,"address":null}},{"type":"Feature","geometry":{"type":"Point","coordinates":[69.29203422178908,41.355519797751036]},"properties":{"id":"poi_dad9edfe3b140b29","name":"JIZ BURGER","aliases":[],"brand":null,"subtype":"burger","subtypes":["burger"],"sources":["foursquare"],"confidence":0.62,"address":null}},{"type":"Feature","geometry":{"type":"Point","coordinates":[69.335103,41.2573073]},"properties":{"id":"poi_3781534269596496","name":"Jizzax Milliy Taomlar","aliases":[],"brand":null,"subtype":"general_fast_food","subtypes":["general_fast_food"],"sources":["overture"],"confidence":0.659,"address":"Чиланзарский район, ул. Бахтлик, дом 15"}},{"type":"Feature","geometry":{"type":"Point","coordinates":[69.22141587565265,41.34984959044736]},"properties":{"id":"poi_4a918d62630513b7","name":"Jo'jachalar","aliases":[],"brand":null,"subtype":"general_fast_food","subtypes":["general_fast_food"],"sources":["foursquare"],"confidence":0.62,"address":null}},{"type":"Feature","geometry":{"type":"Point","coordinates":[69.2373877,41.3080943]},"properties":{"id":"poi_e693fc22e0897482","name":"Jonon Chicken","aliases":[],"brand":null,"subtype":"chicken","subtypes":["chicken"],"sources":["overture"],"confidence":0.738,"address":"Bunyodkor Avenue 6а"}},{"type":"Feature","geometry":{"type":"Point","coordinates":[69.2325378,41.3388724]},"properties":{"id":"poi_2df4f6b1340436b5","name":"Joziba Tantanalar Saroyi","aliases":[],"brand":null,"subtype":"general_fast_food","subtypes":["general_fast_food"],"sources":["overture"],"confidence":0.697,"address":"Sag'bon ko'chasi "}},{"type":"Feature","geometry":{"type":"Point","coordinates":[69.2061148,41.2863243]},"properties":{"id":"poi_893d5564320fd6c3","name":"Just Tasty","aliases":[],"brand":null,"subtype":"general_fast_food","subtypes":["general_fast_food"],"sources":["overture"],"confidence":0.659,"address":"Мукуми 21 "}},{"type":"Feature","geometry":{"type":"Point","coordinates":[69.2149085248582,41.29712722339468]},"properties":{"id":"poi_0c594caf9de25093","name":"kafe chicken","aliases":[],"brand":null,"subtype":"chicken","subtypes":["chicken"],"sources":["foursquare"],"confidence":0.62,"address":null}},{"type":"Feature","geometry":{"type":"Point","coordinates":[69.271103,41.308057]},"properties":{"id":"poi_a5c872d476c296e7","name":"Kafe Mambo","aliases":[],"brand":null,"subtype":"general_fast_food","subtypes":["general_fast_food"],"sources":["foursquare"],"confidence":0.62,"address":null}},{"type":"Feature","geometry":{"type":"Point","coordinates":[69.27462410000001,41.3096794]},"properties":{"id":"poi_30b8da023c3e7619","name":"Kafe Nihol","aliases":[],"brand":null,"subtype":"general_fast_food","subtypes":["general_fast_food"],"sources":["osm"],"confidence":0.62,"address":null}},{"type":"Feature","geometry":{"type":"Point","coordinates":[69.3452381,41.3448858]},"properties":{"id":"poi_a4a006e53951240b","name":"Kafe Pitstsabar","aliases":[],"brand":null,"subtype":"pizza","subtypes":["pizza"],"sources":["overture"],"confidence":0.734,"address":"Mirzo Ulug'Bek Shoh Ko'Chasi 87"}},{"type":"Feature","geometry":{"type":"Point","coordinates":[69.30872058550855,41.27369545912201]},"properties":{"id":"poi_a693bd42888e64b9","name":"Kafe Tabaka","aliases":[],"brand":null,"subtype":"chicken","subtypes":["chicken"],"sources":["foursquare"],"confidence":0.62,"address":null}},{"type":"Feature","geometry":{"type":"Point","coordinates":[69.206462890441,41.35879469265981]},"properties":{"id":"poi_0fc02c7888c1c7ac","name":"Kafe Uchrashuv","aliases":[],"brand":null,"subtype":"general_fast_food","subtypes":["general_fast_food"],"sources":["foursquare"],"confidence":0.62,"address":null}},{"type":"Feature","geometry":{"type":"Point","coordinates":[69.1941793,41.2760575]},"properties":{"id":"poi_0908e57a510da037","name":"KARAKUL","aliases":[],"brand":null,"subtype":"general_fast_food","subtypes":["general_fast_food"],"sources":["osm"],"confidence":0.62,"address":null}},{"type":"Feature","geometry":{"type":"Point","coordinates":[69.2584968,41.396884]},"properties":{"id":"poi_39890eb5fe77a180","name":"Karvon Saroy","aliases":[],"brand":null,"subtype":"general_fast_food","subtypes":["general_fast_food"],"sources":["overture"],"confidence":0.697,"address":"ТКАД, ул. Хасанбой"}},{"type":"Feature","geometry":{"type":"Point","coordinates":[69.3832717,41.2532656]},"properties":{"id":"poi_51ccda41ef39fb45","name":"Karvon Saroy Choyxonasi","aliases":[],"brand":null,"subtype":"general_fast_food","subtypes":["general_fast_food"],"sources":["overture"],"confidence":0.734,"address":"Ахангаран шоссе, 123"}},{"type":"Feature","geometry":{"type":"Point","coordinates":[69.28581,41.27492]},"properties":{"id":"poi_6f82aff74668403e","name":"Kashtan Milliy Taomlar","aliases":[],"brand":null,"subtype":"general_fast_food","subtypes":["general_fast_food"],"sources":["overture"],"confidence":0.659,"address":"Abu Sulaymon Banokatiy Ko'Chasi 199"}},{"type":"Feature","geometry":{"type":"Point","coordinates":[69.23238,41.330387]},"properties":{"id":"poi_5d2babcfe597a82b","name":"Kebabum","aliases":[],"brand":null,"subtype":"doner_kebab","subtypes":["doner_kebab"],"sources":["foursquare"],"confidence":0.62,"address":"eski chorsu"}},{"type":"Feature","geometry":{"type":"Point","coordinates":[69.282425,41.318832]},"properties":{"id":"poi_d8faa3c8c588ca78","name":"Kebapçı Jelal","aliases":[],"brand":null,"subtype":"doner_kebab","subtypes":["doner_kebab"],"sources":["foursquare"],"confidence":0.62,"address":null}},{"type":"Feature","geometry":{"type":"Point","coordinates":[69.25228,41.347973]},"properties":{"id":"poi_306f17249a79ddba","name":"KeFFi","aliases":[],"brand":null,"subtype":"burger","subtypes":["burger"],"sources":["foursquare"],"confidence":0.62,"address":null}},{"type":"Feature","geometry":{"type":"Point","coordinates":[69.3131174445445,41.31129141985319]},"properties":{"id":"poi_105a5c853264d70e","name":"KeFFi","aliases":[],"brand":null,"subtype":"chicken","subtypes":["chicken"],"sources":["foursquare"],"confidence":0.62,"address":"Ул. Бойкурган 6"}},{"type":"Feature","geometry":{"type":"Point","coordinates":[69.2355488,41.3296668]},"properties":{"id":"poi_10a81a71a19a67a8","name":"Kefsi city","aliases":[],"brand":null,"subtype":"general_fast_food","subtypes":["general_fast_food"],"sources":["osm"],"confidence":0.62,"address":null}},{"type":"Feature","geometry":{"type":"Point","coordinates":[69.217686,41.322471]},"properties":{"id":"poi_e78305dde66ef197","name":"Kepsi Chicken","aliases":[],"brand":null,"subtype":"chicken","subtypes":["chicken"],"sources":["foursquare"],"confidence":0.62,"address":null}},{"type":"Feature","geometry":{"type":"Point","coordinates":[69.2175695,41.3224131]},"properties":{"id":"poi_cf788b516dcdacfe","name":"KepsiHaus","aliases":[],"brand":null,"subtype":"chicken","subtypes":["chicken"],"sources":["overture"],"confidence":0.734,"address":null}},{"type":"Feature","geometry":{"type":"Point","coordinates":[69.289896,41.310946]},"properties":{"id":"poi_04b3d7ad0e2af8fc","name":"Kervan Turkish Restaurant","aliases":[],"brand":null,"subtype":"doner_kebab","subtypes":["doner_kebab"],"sources":["foursquare"],"confidence":0.62,"address":null}},{"type":"Feature","geometry":{"type":"Point","coordinates":[69.27422,41.337619]},"properties":{"id":"poi_b2e6f9dc312e2b81","name":"Kfc","aliases":[],"brand":"kfc","subtype":"chicken","subtypes":["chicken"],"sources":["foursquare"],"confidence":0.62,"address":"Малая Кольцевая Рынок Малика"}},{"type":"Feature","geometry":{"type":"Point","coordinates":[69.32981,41.238243]},"properties":{"id":"poi_bdf2f8b51cdbcf0f","name":"Kfc","aliases":[],"brand":"kfc","subtype":"chicken","subtypes":["chicken"],"sources":["foursquare"],"confidence":0.62,"address":null}},{"type":"Feature","geometry":{"type":"Point","coordinates":[69.29024336666667,41.311930133333334]},"properties":{"id":"poi_4d576b058841f893","name":"KFC","aliases":["Kfc Ц1"],"brand":"kfc","subtype":"general_fast_food","subtypes":["chicken","general_fast_food"],"sources":["foursquare","osm","overture"],"confidence":0.98,"address":"ор-р: Экопарк, Uzbekiston Ovozi Street"}},{"type":"Feature","geometry":{"type":"Point","coordinates":[69.20445823333334,41.27536716666666]},"properties":{"id":"poi_b49191eda5980c20","name":"KFC","aliases":["Kfc Chilanzar","KFC Uzbekistan"],"brand":"kfc","subtype":"general_fast_food","subtypes":["chicken","general_fast_food"],"sources":["foursquare","osm","overture"],"confidence":0.98,"address":"ilm_hikmati@mail.ru"}},{"type":"Feature","geometry":{"type":"Point","coordinates":[69.28418076666667,41.307289700000005]},"properties":{"id":"poi_a43809d8e9a4cf1e","name":"KFC","aliases":["KFC Westminster"],"brand":"kfc","subtype":"general_fast_food","subtypes":["chicken","general_fast_food"],"sources":["foursquare","osm","overture"],"confidence":0.98,"address":"Istikbol Street 17"}},{"type":"Feature","geometry":{"type":"Point","coordinates":[69.232758,41.349507]},"properties":{"id":"poi_f75bb50dff2c4566","name":"KFC","aliases":[],"brand":"kfc","subtype":"chicken","subtypes":["chicken"],"sources":["foursquare"],"confidence":0.62,"address":null}},{"type":"Feature","geometry":{"type":"Point","coordinates":[69.24624555,41.30376775]},"properties":{"id":"poi_50c745d6d20620b7","name":"KFC","aliases":["KFC Magic City"],"brand":"kfc","subtype":"general_fast_food","subtypes":["chicken","general_fast_food"],"sources":["foursquare","osm"],"confidence":0.82,"address":null}},{"type":"Feature","geometry":{"type":"Point","coordinates":[69.24762953333334,41.327304633333334]},"properties":{"id":"poi_728d7565d23c63c3","name":"KFC","aliases":["KFC Rossini"],"brand":"kfc","subtype":"general_fast_food","subtypes":["chicken","general_fast_food"],"sources":["foursquare","osm","overture"],"confidence":0.98,"address":"Abdullah Qadiri, 21"}},{"type":"Feature","geometry":{"type":"Point","coordinates":[69.33086856666667,41.326675333333334]},"properties":{"id":"poi_0c80864d99a6f38b","name":"KFC","aliases":["Kfc"],"brand":"kfc","subtype":"general_fast_food","subtypes":["chicken","general_fast_food"],"sources":["foursquare","osm","overture"],"confidence":0.98,"address":"Maksim Gorkiy"}},{"type":"Feature","geometry":{"type":"Point","coordinates":[69.35394285000001,41.3530435]},"properties":{"id":"poi_12149d23f28ea466","name":"KFC","aliases":["Kfc Atlas Chimgan"],"brand":"kfc","subtype":"general_fast_food","subtypes":["general_fast_food"],"sources":["foursquare","osm"],"confidence":0.82,"address":"Atlas Chimgan Mall"}},{"type":"Feature","geometry":{"type":"Point","coordinates":[69.2306903,41.3165039]},"properties":{"id":"poi_969c378e79cd16da","name":"KFC","aliases":[],"brand":"kfc","subtype":"general_fast_food","subtypes":["general_fast_food"],"sources":["osm"],"confidence":0.62,"address":null}},{"type":"Feature","geometry":{"type":"Point","coordinates":[69.329038,41.2389999]},"properties":{"id":"poi_740eeaffff40acfa","name":"KFC","aliases":[],"brand":"kfc","subtype":"general_fast_food","subtypes":["general_fast_food"],"sources":["osm"],"confidence":0.62,"address":null}},{"type":"Feature","geometry":{"type":"Point","coordinates":[69.1861344,41.2858847]},"properties":{"id":"poi_6167a0a207d6dc01","name":"KFC","aliases":[],"brand":"kfc","subtype":"general_fast_food","subtypes":["general_fast_food"],"sources":["osm"],"confidence":0.62,"address":null}},{"type":"Feature","geometry":{"type":"Point","coordinates":[69.2802645,41.2979282]},"properties":{"id":"poi_9c9b7216bd8210f0","name":"KFC","aliases":[],"brand":"kfc","subtype":"general_fast_food","subtypes":["general_fast_food"],"sources":["osm"],"confidence":0.62,"address":null}},{"type":"Feature","geometry":{"type":"Point","coordinates":[69.2455816,41.296272]},"properties":{"id":"poi_d9100060d7b5a03a","name":"KFC","aliases":[],"brand":"kfc","subtype":"general_fast_food","subtypes":["general_fast_food"],"sources":["osm"],"confidence":0.62,"address":null}},{"type":"Feature","geometry":{"type":"Point","coordinates":[69.2056269,41.344675499999994]},"properties":{"id":"poi_d71fe75f43059d63","name":"KFC","aliases":[],"brand":"kfc","subtype":"general_fast_food","subtypes":["general_fast_food"],"sources":["osm","overture"],"confidence":0.934,"address":"Beruni Ave 41"}},{"type":"Feature","geometry":{"type":"Point","coordinates":[69.188459,41.231001]},"properties":{"id":"poi_7a0561838e6daeec","name":"KFC","aliases":[],"brand":"kfc","subtype":"general_fast_food","subtypes":["general_fast_food"],"sources":["osm"],"confidence":0.62,"address":null}},{"type":"Feature","geometry":{"type":"Point","coordinates":[69.28771990000001,41.36319125]},"properties":{"id":"poi_325639d5b8bdf513","name":"KFC","aliases":[],"brand":"kfc","subtype":"general_fast_food","subtypes":["general_fast_food"],"sources":["osm","overture"],"confidence":0.934,"address":"улица Амира Темира 141"}},{"type":"Feature","geometry":{"type":"Point","coordinates":[69.252845,41.3155099]},"properties":{"id":"poi_ee3024de02574c1e","name":"KFC","aliases":[],"brand":"kfc","subtype":"general_fast_food","subtypes":["general_fast_food"],"sources":["osm"],"confidence":0.62,"address":null}},{"type":"Feature","geometry":{"type":"Point","coordinates":[69.2958998,41.2902706]},"properties":{"id":"poi_97e66add83c31509","name":"KFC","aliases":[],"brand":"kfc","subtype":"general_fast_food","subtypes":["general_fast_food"],"sources":["osm"],"confidence":0.62,"address":null}},{"type":"Feature","geometry":{"type":"Point","coordinates":[69.24369565,41.3137082]},"properties":{"id":"poi_5835e259de4fab8b","name":"KFC","aliases":[],"brand":"kfc","subtype":"general_fast_food","subtypes":["general_fast_food"],"sources":["osm","overture"],"confidence":0.934,"address":"Ukchi St 3а"}},{"type":"Feature","geometry":{"type":"Point","coordinates":[69.19070330000001,41.2261619]},"properties":{"id":"poi_61375ed4e77bc86c","name":"KFC","aliases":[],"brand":"kfc","subtype":"general_fast_food","subtypes":["general_fast_food"],"sources":["osm"],"confidence":0.62,"address":null}},{"type":"Feature","geometry":{"type":"Point","coordinates":[69.2460743,41.2986767]},"properties":{"id":"poi_720cfd38c1a08f00","name":"KFC","aliases":[],"brand":"kfc","subtype":"general_fast_food","subtypes":["general_fast_food"],"sources":["overture"],"confidence":0.734,"address":"Улица Баходира 1"}},{"type":"Feature","geometry":{"type":"Point","coordinates":[69.208027,41.339338]},"properties":{"id":"poi_6e6cbc988033fb51","name":"KFS Replika","aliases":[],"brand":null,"subtype":"chicken","subtypes":["chicken"],"sources":["foursquare"],"confidence":0.62,"address":null}},{"type":"Feature","geometry":{"type":"Point","coordinates":[69.304719,41.3684876]},"properties":{"id":"poi_2910258e50df8ad8","name":"KFS.UZ","aliases":[],"brand":null,"subtype":"general_fast_food","subtypes":["general_fast_food"],"sources":["overture"],"confidence":0.697,"address":"Юнусабад-13, Самара ресторан "}},{"type":"Feature","geometry":{"type":"Point","coordinates":[69.24945298940665,41.33087537823822]},"properties":{"id":"poi_9c2826058cbc70f1","name":"King burger","aliases":[],"brand":null,"subtype":"burger","subtypes":["burger"],"sources":["foursquare"],"confidence":0.62,"address":null}},{"type":"Feature","geometry":{"type":"Point","coordinates":[69.22107814289686,41.26403200428952]},"properties":{"id":"poi_4fcbc8b5c32bbf77","name":"King Burger","aliases":[],"brand":null,"subtype":"burger","subtypes":["burger"],"sources":["foursquare","overture"],"confidence":0.859,"address":"Чиланзарская"}},{"type":"Feature","geometry":{"type":"Point","coordinates":[69.20852919464369,41.22217601907343]},"properties":{"id":"poi_21349bfae5bb97d2","name":"King Burger","aliases":[],"brand":null,"subtype":"burger","subtypes":["burger"],"sources":["foursquare"],"confidence":0.62,"address":null}},{"type":"Feature","geometry":{"type":"Point","coordinates":[69.2041932,41.3464774]},"properties":{"id":"poi_523b75ea4df6c78c","name":"Kofteci Safiye","aliases":[],"brand":null,"subtype":"general_fast_food","subtypes":["general_fast_food"],"sources":["overture"],"confidence":0.734,"address":"Хувайдо, Напротив Респ. Онкологии"}},{"type":"Feature","geometry":{"type":"Point","coordinates":[69.2507621,41.2923151]},"properties":{"id":"poi_6cf766b8bb19c7b1","name":"KöfteHan","aliases":[],"brand":null,"subtype":"doner_kebab","subtypes":["doner_kebab"],"sources":["overture"],"confidence":0.659,"address":null}},{"type":"Feature","geometry":{"type":"Point","coordinates":[69.2847383,41.3457411]},"properties":{"id":"poi_aefb64a69de3bbcd","name":"Koinot restaurant","aliases":[],"brand":null,"subtype":"general_fast_food","subtypes":["general_fast_food"],"sources":["overture"],"confidence":0.734,"address":"Amir Temur Avenue 109"}},{"type":"Feature","geometry":{"type":"Point","coordinates":[69.1990006,41.3276262]},"properties":{"id":"poi_32df83921109dc80","name":"Kokcha Koshonasi","aliases":[],"brand":null,"subtype":"general_fast_food","subtypes":["general_fast_food"],"sources":["overture"],"confidence":0.734,"address":null}},{"type":"Feature","geometry":{"type":"Point","coordinates":[69.220222,41.322341]},"properties":{"id":"poi_72de02fbd35b8e28","name":"Kokcha tabaka","aliases":[],"brand":null,"subtype":"chicken","subtypes":["chicken"],"sources":["foursquare"],"confidence":0.62,"address":null}},{"type":"Feature","geometry":{"type":"Point","coordinates":[69.2030585,41.2835273]},"properties":{"id":"poi_0ba9df6e4dcfee59","name":"Kono pizza","aliases":[],"brand":null,"subtype":"pizza","subtypes":["pizza"],"sources":["osm"],"confidence":0.62,"address":null}},{"type":"Feature","geometry":{"type":"Point","coordinates":[69.25,41.3167]},"properties":{"id":"poi_ae1887a70f3b33ad","name":"Kono Pizza �FastFood�","aliases":[],"brand":null,"subtype":"pizza","subtypes":["pizza"],"sources":["overture"],"confidence":0.659,"address":"Ул. Катартал, Ц квартал, дом 38"}},{"type":"Feature","geometry":{"type":"Point","coordinates":[69.2749392,41.3123309]},"properties":{"id":"poi_aa175937ec407b44","name":"Korean Street food","aliases":[],"brand":null,"subtype":"general_fast_food","subtypes":["general_fast_food"],"sources":["overture"],"confidence":0.734,"address":"Sailgokh Street 7-5"}},{"type":"Feature","geometry":{"type":"Point","coordinates":[69.2467192,41.284876]},"properties":{"id":"poi_963ec7de5fe48eb2","name":"Krokus Plaza Hotel","aliases":[],"brand":null,"subtype":"general_fast_food","subtypes":["general_fast_food"],"sources":["overture"],"confidence":0.734,"address":"Shakhdjakhon Street 5"}},{"type":"Feature","geometry":{"type":"Point","coordinates":[69.2522946,41.35564]},"properties":{"id":"poi_800f112a1fa17372","name":"Kromevye Uzbekistan","aliases":[],"brand":null,"subtype":"general_fast_food","subtypes":["general_fast_food"],"sources":["overture"],"confidence":0.734,"address":"Usta Shirin Street"}},{"type":"Feature","geometry":{"type":"Point","coordinates":[69.2447976,41.3041274]},"properties":{"id":"poi_6aabd0af1a7bbfbc","name":"Krusty Krab","aliases":[],"brand":null,"subtype":"general_fast_food","subtypes":["general_fast_food"],"sources":["osm"],"confidence":0.62,"address":null}},{"type":"Feature","geometry":{"type":"Point","coordinates":[69.29328,41.31281]},"properties":{"id":"poi_00375876713fcf31","name":"Krusty Krab uz","aliases":[],"brand":null,"subtype":"burger","subtypes":["burger"],"sources":["overture"],"confidence":0.697,"address":"Magic city"}},{"type":"Feature","geometry":{"type":"Point","coordinates":[69.28849,41.374722]},"properties":{"id":"poi_a74cceb798d98da7","name":"Kulolqo'rg'on Mahallasi","aliases":[],"brand":null,"subtype":"general_fast_food","subtypes":["general_fast_food"],"sources":["overture"],"confidence":0.659,"address":"Kulolqo'rg'on ko'chasi"}},{"type":"Feature","geometry":{"type":"Point","coordinates":[69.271017,41.307673]},"properties":{"id":"poi_3cbdee9ce273c15f","name":"Kumpirci","aliases":[],"brand":null,"subtype":"general_fast_food","subtypes":["general_fast_food"],"sources":["foursquare"],"confidence":0.62,"address":null}},{"type":"Feature","geometry":{"type":"Point","coordinates":[69.273438,41.337563]},"properties":{"id":"poi_bc88251effeae6db","name":"Kung-fu chicken","aliases":[],"brand":null,"subtype":"chicken","subtypes":["chicken"],"sources":["foursquare"],"confidence":0.62,"address":"Кичик халка йули"}},{"type":"Feature","geometry":{"type":"Point","coordinates":[69.273639,41.310696]},"properties":{"id":"poi_aa97111a9a262895","name":"L&S Burger","aliases":[],"brand":null,"subtype":"burger","subtypes":["burger"],"sources":["foursquare"],"confidence":0.62,"address":null}},{"type":"Feature","geometry":{"type":"Point","coordinates":[69.3226339,41.3099102]},"properties":{"id":"poi_986342ea0e9ace1f","name":"La Luna Pizza","aliases":[],"brand":null,"subtype":"pizza","subtypes":["pizza"],"sources":["overture"],"confidence":0.734,"address":"Sultanali Mashkhadi Street 194"}},{"type":"Feature","geometry":{"type":"Point","coordinates":[69.2742017,41.3115545]},"properties":{"id":"poi_9c3778c02ab49955","name":"La Marmite Bistro","aliases":[],"brand":null,"subtype":"doner_kebab","subtypes":["doner_kebab"],"sources":["overture"],"confidence":0.659,"address":"ул. Бабура, 6"}},{"type":"Feature","geometry":{"type":"Point","coordinates":[69.2493012,41.2979187]},"properties":{"id":"poi_c3999fdd406dedb1","name":"Lagman 24","aliases":[],"brand":null,"subtype":"general_fast_food","subtypes":["general_fast_food"],"sources":["osm"],"confidence":0.62,"address":null}},{"type":"Feature","geometry":{"type":"Point","coordinates":[69.26792676507938,41.296905259771556]},"properties":{"id":"poi_ebbfd70ed023b2e6","name":"Lavash","aliases":[],"brand":null,"subtype":"doner_kebab","subtypes":["doner_kebab"],"sources":["foursquare"],"confidence":0.62,"address":null}},{"type":"Feature","geometry":{"type":"Point","coordinates":[69.301037,41.32506]},"properties":{"id":"poi_50ec31fc3be9339d","name":"Lavash burger","aliases":[],"brand":null,"subtype":"burger","subtypes":["burger"],"sources":["foursquare"],"confidence":0.62,"address":null}},{"type":"Feature","geometry":{"type":"Point","coordinates":[69.21291789773261,41.299979636523446]},"properties":{"id":"poi_dcc9b62181476c0c","name":"Lavash center","aliases":[],"brand":null,"subtype":"doner_kebab","subtypes":["doner_kebab"],"sources":["foursquare"],"confidence":0.62,"address":null}},{"type":"Feature","geometry":{"type":"Point","coordinates":[69.1764458280946,41.335960803713235]},"properties":{"id":"poi_2c4474d3bec896af","name":"Lavash Center Jarariq","aliases":[],"brand":null,"subtype":"burger","subtypes":["burger"],"sources":["foursquare"],"confidence":0.62,"address":null}},{"type":"Feature","geometry":{"type":"Point","coordinates":[69.2554421542991,41.282776216833426]},"properties":{"id":"poi_b89dc89e6406dcc2","name":"Lavash centre","aliases":[],"brand":null,"subtype":"doner_kebab","subtypes":["doner_kebab"],"sources":["foursquare"],"confidence":0.62,"address":null}},{"type":"Feature","geometry":{"type":"Point","coordinates":[69.24126367750385,41.31238081957335]},"properties":{"id":"poi_56c1442a045ac20a","name":"Lavash Centre","aliases":[],"brand":null,"subtype":"doner_kebab","subtypes":["doner_kebab"],"sources":["foursquare"],"confidence":0.62,"address":null}},{"type":"Feature","geometry":{"type":"Point","coordinates":[69.29217390629535,41.3660808440547]},"properties":{"id":"poi_8c2d063db1eeb0bd","name":"Lavash Centre","aliases":[],"brand":null,"subtype":"doner_kebab","subtypes":["doner_kebab"],"sources":["foursquare"],"confidence":0.62,"address":null}},{"type":"Feature","geometry":{"type":"Point","coordinates":[69.26506298258766,41.34277883353414]},"properties":{"id":"poi_ddcde5d18f163865","name":"Lavash Centre","aliases":[],"brand":null,"subtype":"burger","subtypes":["burger"],"sources":["foursquare","overture"],"confidence":0.897,"address":"Малая кольцевая ( Малика )"}},{"type":"Feature","geometry":{"type":"Point","coordinates":[69.2878041,41.3648189]},"properties":{"id":"poi_c310bdbee8a7ed12","name":"Lavash Centre","aliases":[],"brand":null,"subtype":"doner_kebab","subtypes":["doner_kebab"],"sources":["osm"],"confidence":0.62,"address":null}},{"type":"Feature","geometry":{"type":"Point","coordinates":[69.257606,41.289484]},"properties":{"id":"poi_9ef35af447cce7d1","name":"Lavash Centre Bobur Park","aliases":[],"brand":null,"subtype":"burger","subtypes":["burger"],"sources":["foursquare"],"confidence":0.62,"address":"Улица Усман Носыра"}},{"type":"Feature","geometry":{"type":"Point","coordinates":[69.36554,41.268116]},"properties":{"id":"poi_c526bc43fb65b0f7","name":"Lavash Centre Рохат","aliases":[],"brand":null,"subtype":"doner_kebab","subtypes":["doner_kebab"],"sources":["foursquare"],"confidence":0.62,"address":null}},{"type":"Feature","geometry":{"type":"Point","coordinates":[69.280969,41.32794]},"properties":{"id":"poi_3de2a882bd6fbd97","name":"Lavash от \"Diyor\"","aliases":[],"brand":null,"subtype":"burger","subtypes":["burger"],"sources":["foursquare"],"confidence":0.62,"address":"Ресторан Диер"}},{"type":"Feature","geometry":{"type":"Point","coordinates":[69.3164849,41.3123625]},"properties":{"id":"poi_b4568e4e4555f746","name":"Lazzat City Cafe","aliases":[],"brand":null,"subtype":"general_fast_food","subtypes":["general_fast_food"],"sources":["overture"],"confidence":0.734,"address":"Sultonali Mashhadiy Ko'Chasi 47"}},{"type":"Feature","geometry":{"type":"Point","coordinates":[69.246095,41.3036939]},"properties":{"id":"poi_7edc2d17d9ab5179","name":"Lazzato Burger","aliases":[],"brand":null,"subtype":"burger","subtypes":["burger"],"sources":["osm"],"confidence":0.62,"address":null}},{"type":"Feature","geometry":{"type":"Point","coordinates":[69.29332,41.368405]},"properties":{"id":"poi_6525c57bbbba714b","name":"Le Kroshe \"OOO Smart food\"","aliases":[],"brand":null,"subtype":"general_fast_food","subtypes":["general_fast_food"],"sources":["overture"],"confidence":0.659,"address":"Новомосковская, улица Катта Дархан, 13"}},{"type":"Feature","geometry":{"type":"Point","coordinates":[69.2493569,41.298092]},"properties":{"id":"poi_a99cdb081a31cec4","name":"Les ailes","aliases":[],"brand":"les-ailes","subtype":"general_fast_food","subtypes":["general_fast_food"],"sources":["osm"],"confidence":0.62,"address":null}},{"type":"Feature","geometry":{"type":"Point","coordinates":[69.337624,41.32756705]},"properties":{"id":"poi_5ed3579020fcbb58","name":"Les Ailes","aliases":[],"brand":"les-ailes","subtype":"burger","subtypes":["chicken","burger"],"sources":["foursquare","overture"],"confidence":0.934,"address":"Buyuk Ipak Yo'li Ko'Chasi 123"}},{"type":"Feature","geometry":{"type":"Point","coordinates":[69.194069,41.287879]},"properties":{"id":"poi_c364e4cd8a623436","name":"Les Ailes","aliases":[],"brand":"les-ailes","subtype":"burger","subtypes":["burger"],"sources":["foursquare"],"confidence":0.62,"address":"Учтепа Г9А квартал, 21/2"}},{"type":"Feature","geometry":{"type":"Point","coordinates":[69.29227198722343,41.30986730851904]},"properties":{"id":"poi_2e7b1fa6431687c2","name":"Les Ailes","aliases":[],"brand":"les-ailes","subtype":"chicken","subtypes":["chicken"],"sources":["foursquare"],"confidence":0.62,"address":"ул. Садыка Азимова 52а"}},{"type":"Feature","geometry":{"type":"Point","coordinates":[69.27254657059022,41.297963778360916]},"properties":{"id":"poi_5616d7f107679a1a","name":"Les Ailes","aliases":["Les Ailes - Oybek"],"brand":"les-ailes","subtype":"general_fast_food","subtypes":["chicken","general_fast_food"],"sources":["foursquare","osm","overture"],"confidence":0.98,"address":"ул. Шахрисабз. 10А"}},{"type":"Feature","geometry":{"type":"Point","coordinates":[69.27989865,41.3613022]},"properties":{"id":"poi_71e43d90e0f355d1","name":"Les Ailes","aliases":["Les Ailes Fried Chicken and Barbecue"],"brand":"les-ailes","subtype":"general_fast_food","subtypes":["general_fast_food","burger"],"sources":["osm","overture"],"confidence":0.934,"address":"Ahmad, Akhmad Donish Street 80"}},{"type":"Feature","geometry":{"type":"Point","coordinates":[69.2739476,41.3281351]},"properties":{"id":"poi_5fb991399dd3049e","name":"Les Ailes","aliases":[],"brand":"les-ailes","subtype":"general_fast_food","subtypes":["general_fast_food"],"sources":["osm"],"confidence":0.62,"address":null}},{"type":"Feature","geometry":{"type":"Point","coordinates":[69.21046,41.2927471]},"properties":{"id":"poi_7d56776d9f9ce1da","name":"Les Ailes","aliases":[],"brand":"les-ailes","subtype":"general_fast_food","subtypes":["general_fast_food"],"sources":["overture"],"confidence":0.734,"address":"ТРЦ Парус, Katartal Street 60А"}},{"type":"Feature","geometry":{"type":"Point","coordinates":[69.2175778,41.3504964]},"properties":{"id":"poi_bcd68f4bb9c7eb1f","name":"Les Ailes","aliases":[],"brand":"les-ailes","subtype":"general_fast_food","subtypes":["general_fast_food"],"sources":["overture"],"confidence":0.734,"address":"Ташкент улица Шифонур, 8 ТРЦ Азия Нукус"}},{"type":"Feature","geometry":{"type":"Point","coordinates":[69.22323085,41.282437]},"properties":{"id":"poi_4ae6bafbd5ed2f7e","name":"LES AILES","aliases":["Les Ailes"],"brand":"les-ailes","subtype":"general_fast_food","subtypes":["general_fast_food"],"sources":["osm","overture"],"confidence":0.934,"address":"Chilanzar 2-2"}},{"type":"Feature","geometry":{"type":"Point","coordinates":[69.254243,41.339692]},"properties":{"id":"poi_00475baa45a2c8d8","name":"Les Ailes (Riviera Mall)","aliases":[],"brand":"les-ailes","subtype":"burger","subtypes":["burger"],"sources":["foursquare"],"confidence":0.62,"address":"Food Court, Riviera Mall"}},{"type":"Feature","geometry":{"type":"Point","coordinates":[69.23162377833972,41.316330374885695]},"properties":{"id":"poi_e07f41ec48d7259e","name":"Les Ailes (Samarkand Darvoza)","aliases":["Les Ailes (ТРЦ Samarkand Darvoza)"],"brand":"les-ailes","subtype":"general_fast_food","subtypes":["general_fast_food"],"sources":["foursquare","overture"],"confidence":0.934,"address":"5a, Karatash Street"}},{"type":"Feature","geometry":{"type":"Point","coordinates":[69.234624,41.26775]},"properties":{"id":"poi_fa0b44e6f1a53237","name":"Lider Burger","aliases":[],"brand":null,"subtype":"burger","subtypes":["burger"],"sources":["foursquare"],"confidence":0.62,"address":null}},{"type":"Feature","geometry":{"type":"Point","coordinates":[69.2473514,41.2797817]},"properties":{"id":"poi_f4df45beff6c647f","name":"littleitaly.uz","aliases":[],"brand":null,"subtype":"pizza","subtypes":["pizza"],"sources":["overture"],"confidence":0.659,"address":"Shota Rustaveli Ko'Chasi 51"}},{"type":"Feature","geometry":{"type":"Point","coordinates":[69.26673315,41.327786450000005]},"properties":{"id":"poi_7a1fb2efbc865650","name":"Loko Food Express","aliases":[],"brand":null,"subtype":"pizza","subtypes":["general_fast_food","pizza"],"sources":["foursquare","overture"],"confidence":0.934,"address":"Лабзак Парк Анхор Локомотив"}},{"type":"Feature","geometry":{"type":"Point","coordinates":[69.2134058,41.2358658]},"properties":{"id":"poi_c543c8db04b2a6b1","name":"Lonking Uzbekistan","aliases":[],"brand":null,"subtype":"general_fast_food","subtypes":["general_fast_food"],"sources":["overture"],"confidence":0.697,"address":"Янги Сергели 12"}},{"type":"Feature","geometry":{"type":"Point","coordinates":[69.3273343,41.3264899]},"properties":{"id":"poi_3da172d8a63d64c3","name":"Look","aliases":[],"brand":null,"subtype":"general_fast_food","subtypes":["general_fast_food"],"sources":["overture"],"confidence":0.734,"address":"Buyuk Ipak Yo'li Ko'Chasi 3"}},{"type":"Feature","geometry":{"type":"Point","coordinates":[69.20183797972534,41.276743409412205]},"properties":{"id":"poi_16b901625fe4707e","name":"Loook","aliases":["Look"],"brand":null,"subtype":"general_fast_food","subtypes":["general_fast_food","burger"],"sources":["foursquare","osm","overture"],"confidence":0.98,"address":"Farhod Ko'Chasi 6"}},{"type":"Feature","geometry":{"type":"Point","coordinates":[69.2932093,41.3667824]},"properties":{"id":"poi_f0d13f0bac004eb4","name":"Loook","aliases":[],"brand":null,"subtype":"general_fast_food","subtypes":["general_fast_food"],"sources":["osm"],"confidence":0.62,"address":null}},{"type":"Feature","geometry":{"type":"Point","coordinates":[69.2440606,41.3137957]},"properties":{"id":"poi_f4d8ecd09c7f835b","name":"Loook","aliases":[],"brand":null,"subtype":"general_fast_food","subtypes":["general_fast_food"],"sources":["osm"],"confidence":0.62,"address":null}},{"type":"Feature","geometry":{"type":"Point","coordinates":[69.2932402,41.3668743]},"properties":{"id":"poi_94445263429aa2e1","name":"LOOOK Yunus obod","aliases":[],"brand":null,"subtype":"chicken","subtypes":["chicken"],"sources":["overture"],"confidence":0.734,"address":"Megapolis, 1a, Yangi Shahar ko'chasi, Yunus obod tumani, Toshkent shaxar, Ahmad Donish ko'chasi"}},{"type":"Feature","geometry":{"type":"Point","coordinates":[69.2968559,41.2434724]},"properties":{"id":"poi_7cdb2c575e658e35","name":"Lor Med Servis","aliases":[],"brand":null,"subtype":"general_fast_food","subtypes":["general_fast_food"],"sources":["overture"],"confidence":0.734,"address":"Ташкент Истиклол МФИ, улица (Кыргызаул квартал 28в"}},{"type":"Feature","geometry":{"type":"Point","coordinates":[69.28305577486753,41.322123930141714]},"properties":{"id":"poi_18327d7f5b3fa267","name":"LumberJack - meat bar","aliases":[],"brand":null,"subtype":"burger","subtypes":["burger"],"sources":["foursquare"],"confidence":0.62,"address":"60, Amir Temur Street"}},{"type":"Feature","geometry":{"type":"Point","coordinates":[69.249308,41.298143]},"properties":{"id":"poi_71f5bee1b7b70033","name":"Lyagan","aliases":[],"brand":null,"subtype":"food_court","subtypes":["food_court"],"sources":["foursquare"],"confidence":0.62,"address":null}},{"type":"Feature","geometry":{"type":"Point","coordinates":[69.2465244,41.2681609]},"properties":{"id":"poi_464b90c399997b12","name":"M-bistro","aliases":[],"brand":null,"subtype":"general_fast_food","subtypes":["general_fast_food"],"sources":["osm"],"confidence":0.62,"address":null}},{"type":"Feature","geometry":{"type":"Point","coordinates":[69.1770171,41.2287032]},"properties":{"id":"poi_9da50018f107da4b","name":"Macun","aliases":[],"brand":null,"subtype":"general_fast_food","subtypes":["general_fast_food"],"sources":["overture"],"confidence":0.734,"address":"улица Чорбог 1"}},{"type":"Feature","geometry":{"type":"Point","coordinates":[69.2255264,41.2895312]},"properties":{"id":"poi_304f3bba46c69154","name":"Mado Restoran","aliases":[],"brand":null,"subtype":"general_fast_food","subtypes":["general_fast_food"],"sources":["overture"],"confidence":0.697,"address":null}},{"type":"Feature","geometry":{"type":"Point","coordinates":[69.1756081,41.2712865]},"properties":{"id":"poi_e6d70173163aa457","name":"Magic cafe","aliases":[],"brand":null,"subtype":"pizza","subtypes":["pizza"],"sources":["overture"],"confidence":0.734,"address":"Zargarlik Ko'Chasi 46a"}},{"type":"Feature","geometry":{"type":"Point","coordinates":[69.17556230000001,41.2711732]},"properties":{"id":"poi_9f47ae85d497efd5","name":"Magic Pizza","aliases":[],"brand":null,"subtype":"pizza","subtypes":["pizza"],"sources":["osm"],"confidence":0.62,"address":null}},{"type":"Feature","geometry":{"type":"Point","coordinates":[69.2735736,41.3093137]},"properties":{"id":"poi_61e968e77c640b07","name":"Mahalla by Gōsht","aliases":[],"brand":null,"subtype":"general_fast_food","subtypes":["general_fast_food"],"sources":["overture"],"confidence":0.734,"address":"Театр Им. Алишера, Navoiy shoh ko'chasi"}},{"type":"Feature","geometry":{"type":"Point","coordinates":[69.2748435,41.3379075]},"properties":{"id":"poi_eecdc03c2d5d790e","name":"Mahmod kebab","aliases":[],"brand":null,"subtype":"doner_kebab","subtypes":["doner_kebab"],"sources":["osm"],"confidence":0.62,"address":null}},{"type":"Feature","geometry":{"type":"Point","coordinates":[69.2804206,41.3194798]},"properties":{"id":"poi_31bc0fca4c9a43fd","name":"Make Cake","aliases":[],"brand":null,"subtype":"general_fast_food","subtypes":["general_fast_food"],"sources":["overture"],"confidence":0.697,"address":"Амира Темура 4-й проезд"}},{"type":"Feature","geometry":{"type":"Point","coordinates":[69.272417,41.31108]},"properties":{"id":"poi_f551751e42131d3e","name":"Manga.uz - Доставка Суши,Ролы,Пицца","aliases":[],"brand":null,"subtype":"pizza","subtypes":["pizza"],"sources":["foursquare"],"confidence":0.62,"address":null}},{"type":"Feature","geometry":{"type":"Point","coordinates":[69.1934457,41.3218567]},"properties":{"id":"poi_46b25ca693380a82","name":"Mangal","aliases":[],"brand":null,"subtype":"chicken","subtypes":["chicken"],"sources":["overture"],"confidence":0.734,"address":"Kichik xalqa yoli"}},{"type":"Feature","geometry":{"type":"Point","coordinates":[69.19351785883286,41.321865799124886]},"properties":{"id":"poi_a4e313bce085b9e0","name":"Mangal barbecue","aliases":[],"brand":null,"subtype":"chicken","subtypes":["chicken"],"sources":["foursquare"],"confidence":0.62,"address":"Kichik xalqa yoli"}},{"type":"Feature","geometry":{"type":"Point","coordinates":[69.20712,41.35663]},"properties":{"id":"poi_e6a340c7900b29ec","name":"Mangal Barbeque","aliases":[],"brand":null,"subtype":"doner_kebab","subtypes":["doner_kebab"],"sources":["foursquare"],"confidence":0.62,"address":null}},{"type":"Feature","geometry":{"type":"Point","coordinates":[69.291959,41.30995]},"properties":{"id":"poi_a220ff1d2fbace55","name":"Mangal Burger","aliases":[],"brand":null,"subtype":"burger","subtypes":["burger"],"sources":["foursquare"],"confidence":0.62,"address":null}},{"type":"Feature","geometry":{"type":"Point","coordinates":[69.3044573,41.2804318]},"properties":{"id":"poi_432a158765403fc2","name":"Marketing Concept","aliases":[],"brand":null,"subtype":"general_fast_food","subtypes":["general_fast_food"],"sources":["overture"],"confidence":0.734,"address":"улица Сайхун 166"}},{"type":"Feature","geometry":{"type":"Point","coordinates":[69.26800050867844,41.29520182126937]},"properties":{"id":"poi_210cbda93668e3a3","name":"Master food","aliases":[],"brand":null,"subtype":"general_fast_food","subtypes":["general_fast_food"],"sources":["foursquare"],"confidence":0.62,"address":null}},{"type":"Feature","geometry":{"type":"Point","coordinates":[69.245265,41.325102]},"properties":{"id":"poi_a3ca617153c9066b","name":"Master Food","aliases":[],"brand":null,"subtype":"burger","subtypes":["burger"],"sources":["overture"],"confidence":0.697,"address":"улица Себзар, Ц-14"}},{"type":"Feature","geometry":{"type":"Point","coordinates":[69.21981,41.22647]},"properties":{"id":"poi_283ecee39886104a","name":"Master Food Sergeli","aliases":[],"brand":null,"subtype":"general_fast_food","subtypes":["general_fast_food"],"sources":["foursquare"],"confidence":0.62,"address":null}},{"type":"Feature","geometry":{"type":"Point","coordinates":[69.3528785,41.3158518]},"properties":{"id":"poi_7fa58ddd8eb93a83","name":"Max Burger","aliases":[],"brand":null,"subtype":"burger","subtypes":["burger"],"sources":["osm"],"confidence":0.62,"address":null}},{"type":"Feature","geometry":{"type":"Point","coordinates":[69.24481335000002,41.3043542]},"properties":{"id":"poi_bbe107c385661eaf","name":"Max way","aliases":["Max Way"],"brand":"max-way","subtype":"general_fast_food","subtypes":["general_fast_food"],"sources":["foursquare","osm"],"confidence":0.82,"address":null}},{"type":"Feature","geometry":{"type":"Point","coordinates":[69.28862286911283,41.363278920167794]},"properties":{"id":"poi_6e371c91e8e070c1","name":"Max Way","aliases":["MaxWay Food"],"brand":"max-way","subtype":"general_fast_food","subtypes":["burger","general_fast_food"],"sources":["foursquare","osm","overture"],"confidence":0.98,"address":"продуктовый рынок, проспект Амира Темура 41/3 ориентир"}},{"type":"Feature","geometry":{"type":"Point","coordinates":[69.28084,41.318719]},"properties":{"id":"poi_9c818ea3b6aea19e","name":"Max Way","aliases":[],"brand":"max-way","subtype":"burger","subtypes":["burger"],"sources":["foursquare"],"confidence":0.62,"address":"Amir Timur Avenue"}},{"type":"Feature","geometry":{"type":"Point","coordinates":[69.32992489730186,41.3265576369364]},"properties":{"id":"poi_22c11582b100acd8","name":"Max Way","aliases":["MaxWay Food Maksim Gorky"],"brand":"max-way","subtype":"general_fast_food","subtypes":["general_fast_food"],"sources":["foursquare","osm","overture"],"confidence":0.98,"address":"станция метро, Buyuk Ipak Yuli Road 4"}},{"type":"Feature","geometry":{"type":"Point","coordinates":[69.24187635000001,41.32257415]},"properties":{"id":"poi_df9b7948a275543e","name":"Max Way","aliases":[],"brand":"max-way","subtype":"general_fast_food","subtypes":["general_fast_food"],"sources":["osm","overture"],"confidence":0.934,"address":"улица Алишера Навои 38"}},{"type":"Feature","geometry":{"type":"Point","coordinates":[69.3113655,41.3717586]},"properties":{"id":"poi_7a6fecccd7522d0a","name":"Max Way","aliases":[],"brand":"max-way","subtype":"general_fast_food","subtypes":["general_fast_food"],"sources":["osm"],"confidence":0.62,"address":null}},{"type":"Feature","geometry":{"type":"Point","coordinates":[69.2199156,41.2262075]},"properties":{"id":"poi_595ce9e69558b5be","name":"Max Way","aliases":[],"brand":"max-way","subtype":"general_fast_food","subtypes":["general_fast_food"],"sources":["osm"],"confidence":0.62,"address":null}},{"type":"Feature","geometry":{"type":"Point","coordinates":[69.3252057,41.3147182]},"properties":{"id":"poi_8d47695dfe045eb3","name":"Max Way","aliases":[],"brand":"max-way","subtype":"general_fast_food","subtypes":["general_fast_food"],"sources":["osm"],"confidence":0.62,"address":null}},{"type":"Feature","geometry":{"type":"Point","coordinates":[69.249314,41.2980836]},"properties":{"id":"poi_d9a38ffbe18732e3","name":"Max Way","aliases":[],"brand":"max-way","subtype":"general_fast_food","subtypes":["general_fast_food"],"sources":["osm"],"confidence":0.62,"address":null}},{"type":"Feature","geometry":{"type":"Point","coordinates":[69.2293261,41.2879377]},"properties":{"id":"poi_335595217f3b0125","name":"Max Way","aliases":[],"brand":"max-way","subtype":"general_fast_food","subtypes":["general_fast_food"],"sources":["osm"],"confidence":0.62,"address":null}},{"type":"Feature","geometry":{"type":"Point","coordinates":[69.2128184,41.2936301]},"properties":{"id":"poi_a061b9693a94ec63","name":"Max Way","aliases":[],"brand":"max-way","subtype":"general_fast_food","subtypes":["general_fast_food"],"sources":["osm"],"confidence":0.62,"address":null}},{"type":"Feature","geometry":{"type":"Point","coordinates":[69.2309884,41.3165651]},"properties":{"id":"poi_c15acae951e3f24e","name":"Max Way","aliases":[],"brand":"max-way","subtype":"general_fast_food","subtypes":["general_fast_food"],"sources":["osm"],"confidence":0.62,"address":null}},{"type":"Feature","geometry":{"type":"Point","coordinates":[69.2680567,41.2950728]},"properties":{"id":"poi_0678235d82fb08bf","name":"Max Way","aliases":[],"brand":"max-way","subtype":"general_fast_food","subtypes":["general_fast_food"],"sources":["osm"],"confidence":0.62,"address":null}},{"type":"Feature","geometry":{"type":"Point","coordinates":[69.3094227,41.2749076]},"properties":{"id":"poi_43bf1913a3a70623","name":"Max Way","aliases":[],"brand":"max-way","subtype":"general_fast_food","subtypes":["general_fast_food"],"sources":["osm"],"confidence":0.62,"address":null}},{"type":"Feature","geometry":{"type":"Point","coordinates":[69.3421921,41.2909296]},"properties":{"id":"poi_271ef9d3082b4f55","name":"Max Way","aliases":[],"brand":"max-way","subtype":"general_fast_food","subtypes":["general_fast_food"],"sources":["osm"],"confidence":0.62,"address":null}},{"type":"Feature","geometry":{"type":"Point","coordinates":[69.2945051,41.365746]},"properties":{"id":"poi_9a19cdb19a5e5fda","name":"Max Way","aliases":[],"brand":"max-way","subtype":"general_fast_food","subtypes":["general_fast_food"],"sources":["osm"],"confidence":0.62,"address":null}},{"type":"Feature","geometry":{"type":"Point","coordinates":[69.28271889999999,41.327942449999995]},"properties":{"id":"poi_51d2dff3157d01f5","name":"MAX WAY","aliases":["Max Way"],"brand":"max-way","subtype":"general_fast_food","subtypes":["doner_kebab","general_fast_food"],"sources":["foursquare","osm"],"confidence":0.82,"address":null}},{"type":"Feature","geometry":{"type":"Point","coordinates":[69.281681,41.31046]},"properties":{"id":"poi_b2e9c4b5d2b88aca","name":"Maxi Way","aliases":[],"brand":null,"subtype":"burger","subtypes":["burger"],"sources":["foursquare"],"confidence":0.62,"address":"Taşken Sirk"}},{"type":"Feature","geometry":{"type":"Point","coordinates":[69.2435397,41.3112168]},"properties":{"id":"poi_de8ccd040f752487","name":"MaxWay","aliases":[],"brand":"max-way","subtype":"general_fast_food","subtypes":["general_fast_food"],"sources":["osm"],"confidence":0.62,"address":null}},{"type":"Feature","geometry":{"type":"Point","coordinates":[69.28971196451597,41.364067587601355]},"properties":{"id":"poi_b5531446f3e8e40b","name":"Maxway Yunusabad","aliases":[],"brand":"max-way","subtype":"burger","subtypes":["burger"],"sources":["foursquare"],"confidence":0.62,"address":null}},{"type":"Feature","geometry":{"type":"Point","coordinates":[69.31551725,41.3161182]},"properties":{"id":"poi_d54e18b8436b53bb","name":"MayorTayyor","aliases":["Mayor Tayyor"],"brand":null,"subtype":"burger","subtypes":["burger"],"sources":["foursquare","overture"],"confidence":0.897,"address":"ул. Мирзо Улугбека, 55"}},{"type":"Feature","geometry":{"type":"Point","coordinates":[69.24746,41.33016]},"properties":{"id":"poi_6c68ef6b685bacce","name":"Mazza Pizza","aliases":[],"brand":null,"subtype":"pizza","subtypes":["pizza"],"sources":["overture"],"confidence":0.659,"address":"Sebzor Ko'Chasi 1"}},{"type":"Feature","geometry":{"type":"Point","coordinates":[69.19376,41.31237]},"properties":{"id":"poi_442a95ee911e3265","name":"Mazzarino Pizza","aliases":[],"brand":null,"subtype":"pizza","subtypes":["pizza"],"sources":["overture"],"confidence":0.697,"address":"яккасарайский район, малая кольцевая дорога 87"}},{"type":"Feature","geometry":{"type":"Point","coordinates":[69.21542358398438,41.29245758056641]},"properties":{"id":"poi_479ac23e75d3d58b","name":"McBurger","aliases":[],"brand":null,"subtype":"burger","subtypes":["burger"],"sources":["foursquare"],"confidence":0.62,"address":null}},{"type":"Feature","geometry":{"type":"Point","coordinates":[69.23153,41.316193]},"properties":{"id":"poi_843d4e671fd25041","name":"Meat Point","aliases":[],"brand":null,"subtype":"burger","subtypes":["burger"],"sources":["foursquare"],"confidence":0.62,"address":null}},{"type":"Feature","geometry":{"type":"Point","coordinates":[69.25418,41.3395057]},"properties":{"id":"poi_e90aff515f6bc242","name":"Meat Republic","aliases":[],"brand":null,"subtype":"general_fast_food","subtypes":["general_fast_food"],"sources":["overture"],"confidence":0.697,"address":"ТРЦ Riviera, 3-этаж"}},{"type":"Feature","geometry":{"type":"Point","coordinates":[69.185317,41.364416]},"properties":{"id":"poi_e7a39db06a09ff78","name":"Med Burger","aliases":[],"brand":null,"subtype":"burger","subtypes":["burger"],"sources":["foursquare"],"confidence":0.62,"address":null}},{"type":"Feature","geometry":{"type":"Point","coordinates":[69.26299320000001,41.2923892]},"properties":{"id":"poi_de2c3dcd29eaa663","name":"MeFi Doner","aliases":[],"brand":null,"subtype":"doner_kebab","subtypes":["doner_kebab"],"sources":["osm"],"confidence":0.62,"address":null}},{"type":"Feature","geometry":{"type":"Point","coordinates":[69.25422945,41.3399455]},"properties":{"id":"poi_27802f3eac96b846","name":"Merhaba Kebap&Burger","aliases":["Merhaba Kebap Burger"],"brand":null,"subtype":"burger","subtypes":["burger"],"sources":["foursquare","overture"],"confidence":0.888,"address":"3rd Floor, Riviera Mall"}},{"type":"Feature","geometry":{"type":"Point","coordinates":[69.32463,41.351234]},"properties":{"id":"poi_fdce24762129032f","name":"Metro burger (Subway)","aliases":[],"brand":null,"subtype":"burger","subtypes":["burger"],"sources":["foursquare"],"confidence":0.62,"address":null}},{"type":"Feature","geometry":{"type":"Point","coordinates":[69.2858453,41.3395115]},"properties":{"id":"poi_c07254943b20e935","name":"Metro fast food","aliases":[],"brand":null,"subtype":"general_fast_food","subtypes":["general_fast_food"],"sources":["osm"],"confidence":0.62,"address":null}},{"type":"Feature","geometry":{"type":"Point","coordinates":[69.20571785602961,41.34407005267495]},"properties":{"id":"poi_493e9584b68671b0","name":"Mexicano Burger","aliases":[],"brand":null,"subtype":"burger","subtypes":["burger"],"sources":["foursquare"],"confidence":0.62,"address":"Hhh"}},{"type":"Feature","geometry":{"type":"Point","coordinates":[69.2076707,41.2837936]},"properties":{"id":"poi_c2f3cca528a8dee7","name":"Mezon","aliases":[],"brand":null,"subtype":"general_fast_food","subtypes":["general_fast_food"],"sources":["overture"],"confidence":0.734,"address":"Chapanata Street 5"}},{"type":"Feature","geometry":{"type":"Point","coordinates":[69.22903442382812,41.2902717590332]},"properties":{"id":"poi_19a61fef9fff9662","name":"Miami FastFood","aliases":[],"brand":null,"subtype":"general_fast_food","subtypes":["general_fast_food"],"sources":["foursquare"],"confidence":0.62,"address":null}},{"type":"Feature","geometry":{"type":"Point","coordinates":[69.3242484,41.3238923]},"properties":{"id":"poi_4ce62941e38bbdfe","name":"Mig Bistro","aliases":[],"brand":null,"subtype":"general_fast_food","subtypes":["general_fast_food"],"sources":["overture"],"confidence":0.734,"address":"Mirzo Ulugbek Avenue"}},{"type":"Feature","geometry":{"type":"Point","coordinates":[69.22969844096893,41.32631702390944]},"properties":{"id":"poi_d6467106cac612a3","name":"Mig burger","aliases":[],"brand":null,"subtype":"burger","subtypes":["burger"],"sources":["foursquare"],"confidence":0.62,"address":null}},{"type":"Feature","geometry":{"type":"Point","coordinates":[69.289281,41.304175]},"properties":{"id":"poi_8a7e6669644723c2","name":"Millagio","aliases":[],"brand":null,"subtype":"general_fast_food","subtypes":["general_fast_food"],"sources":["foursquare"],"confidence":0.62,"address":"63, Sadika Azimova Street"}},{"type":"Feature","geometry":{"type":"Point","coordinates":[69.385332,41.358546]},"properties":{"id":"poi_9b07f824c5348886","name":"Milliy Taomlar","aliases":[],"brand":null,"subtype":"food_court","subtypes":["food_court"],"sources":["foursquare"],"confidence":0.62,"address":null}},{"type":"Feature","geometry":{"type":"Point","coordinates":[69.246093,41.268144]},"properties":{"id":"poi_542169a486bde9da","name":"Milliy Taomlar (Ajva Restoran)","aliases":[],"brand":null,"subtype":"doner_kebab","subtypes":["doner_kebab"],"sources":["foursquare"],"confidence":0.62,"address":null}},{"type":"Feature","geometry":{"type":"Point","coordinates":[69.22182331157376,41.290078759703036]},"properties":{"id":"poi_63c3cd0190d00384","name":"Milliy Taomlar (Hamza)","aliases":[],"brand":null,"subtype":"general_fast_food","subtypes":["general_fast_food"],"sources":["foursquare"],"confidence":0.62,"address":null}},{"type":"Feature","geometry":{"type":"Point","coordinates":[69.3018188,41.3670188]},"properties":{"id":"poi_57c86db7ad35e7de","name":"Milliy Taomlar Anjir","aliases":[],"brand":null,"subtype":"general_fast_food","subtypes":["general_fast_food"],"sources":["overture"],"confidence":0.734,"address":"Yangi Yunusobod Street 66"}},{"type":"Feature","geometry":{"type":"Point","coordinates":[69.3302141,41.3266576]},"properties":{"id":"poi_4386f45419d42357","name":"Milly - Buyuk ipak Yo'li","aliases":[],"brand":null,"subtype":"general_fast_food","subtypes":["general_fast_food"],"sources":["osm"],"confidence":0.62,"address":null}},{"type":"Feature","geometry":{"type":"Point","coordinates":[69.3698335,41.3352951]},"properties":{"id":"poi_b24dbe621569f201","name":"Milly - Qorasuv","aliases":[],"brand":null,"subtype":"general_fast_food","subtypes":["general_fast_food"],"sources":["osm"],"confidence":0.62,"address":null}},{"type":"Feature","geometry":{"type":"Point","coordinates":[69.1777825,41.3496127]},"properties":{"id":"poi_c17d9e4bd548144e","name":"Milly - ToshMi","aliases":[],"brand":null,"subtype":"general_fast_food","subtypes":["general_fast_food"],"sources":["osm"],"confidence":0.62,"address":null}},{"type":"Feature","geometry":{"type":"Point","coordinates":[69.289235,41.301287]},"properties":{"id":"poi_defab243a7cc6e4b","name":"Minor Somsa","aliases":[],"brand":null,"subtype":"general_fast_food","subtypes":["general_fast_food"],"sources":["foursquare"],"confidence":0.62,"address":null}},{"type":"Feature","geometry":{"type":"Point","coordinates":[69.301353,41.2477889]},"properties":{"id":"poi_a0caed9a0ffdee0a","name":"Mir","aliases":[],"brand":null,"subtype":"general_fast_food","subtypes":["general_fast_food"],"sources":["osm"],"confidence":0.62,"address":null}},{"type":"Feature","geometry":{"type":"Point","coordinates":[69.29765651042449,41.382282026079636]},"properties":{"id":"poi_3ff5aef5b681b6f9","name":"Mir Durum","aliases":[],"brand":null,"subtype":"burger","subtypes":["burger"],"sources":["foursquare"],"confidence":0.62,"address":null}},{"type":"Feature","geometry":{"type":"Point","coordinates":[69.2774339,41.313631]},"properties":{"id":"poi_a03bb8b0864bcbfa","name":"Moscow Ice Cream","aliases":[],"brand":null,"subtype":"general_fast_food","subtypes":["general_fast_food"],"sources":["overture"],"confidence":0.697,"address":"Матбуотчилар, 9 "}},{"type":"Feature","geometry":{"type":"Point","coordinates":[69.2596605,41.2989824]},"properties":{"id":"poi_0d9351b5969c57c1","name":"Moscow Pizza","aliases":[],"brand":null,"subtype":"pizza","subtypes":["pizza"],"sources":["overture"],"confidence":0.734,"address":"34 дом, Yusuf Khos Khodjib Street"}},{"type":"Feature","geometry":{"type":"Point","coordinates":[69.259947,41.299269]},"properties":{"id":"poi_63295b3270d7661a","name":"moskovskaya","aliases":[],"brand":null,"subtype":"pizza","subtypes":["pizza"],"sources":["foursquare"],"confidence":0.62,"address":null}},{"type":"Feature","geometry":{"type":"Point","coordinates":[69.2936728,41.3675935]},"properties":{"id":"poi_1389e07d57997160","name":"Mozzarella","aliases":[],"brand":null,"subtype":"general_fast_food","subtypes":["general_fast_food"],"sources":["overture"],"confidence":0.734,"address":"Yunusobod Ahmaddonish"}},{"type":"Feature","geometry":{"type":"Point","coordinates":[69.25102449313677,41.29232740711072]},"properties":{"id":"poi_8bda83dd8cc6cfb2","name":"Mr Potato","aliases":[],"brand":null,"subtype":"general_fast_food","subtypes":["general_fast_food"],"sources":["foursquare"],"confidence":0.62,"address":null}},{"type":"Feature","geometry":{"type":"Point","coordinates":[69.3013897,41.2487006]},"properties":{"id":"poi_01d3d7e2e8e1b5a9","name":"Mr.Cheese","aliases":[],"brand":null,"subtype":"general_fast_food","subtypes":["general_fast_food"],"sources":["osm"],"confidence":0.62,"address":null}},{"type":"Feature","geometry":{"type":"Point","coordinates":[69.25,41.3167]},"properties":{"id":"poi_a591887cf4371983","name":"Mr.Cheese","aliases":[],"brand":null,"subtype":"pizza","subtypes":["pizza"],"sources":["overture"],"confidence":0.659,"address":"Узбекистан, Ташкент, улица Янги Куйлюк,"}},{"type":"Feature","geometry":{"type":"Point","coordinates":[69.2255266,41.3616989]},"properties":{"id":"poi_2011d9f5cb96297b","name":"mr.DADDY","aliases":[],"brand":null,"subtype":"general_fast_food","subtypes":["general_fast_food"],"sources":["osm"],"confidence":0.62,"address":null}},{"type":"Feature","geometry":{"type":"Point","coordinates":[69.22647090000001,41.3493914]},"properties":{"id":"poi_41d371fa987c2df7","name":"mr.DADDY","aliases":[],"brand":null,"subtype":"general_fast_food","subtypes":["general_fast_food"],"sources":["osm"],"confidence":0.62,"address":null}},{"type":"Feature","geometry":{"type":"Point","coordinates":[69.3293225,41.2386069]},"properties":{"id":"poi_1e2a79fd9be758dd","name":"mr.DADDY","aliases":[],"brand":null,"subtype":"general_fast_food","subtypes":["general_fast_food"],"sources":["osm"],"confidence":0.62,"address":null}},{"type":"Feature","geometry":{"type":"Point","coordinates":[69.27814368168625,41.31310051586861]},"properties":{"id":"poi_75d050afeca15d23","name":"Muborok Diet Cafe","aliases":[],"brand":null,"subtype":"general_fast_food","subtypes":["general_fast_food"],"sources":["foursquare"],"confidence":0.62,"address":null}},{"type":"Feature","geometry":{"type":"Point","coordinates":[69.29679285,41.3251619]},"properties":{"id":"poi_63ab93e12688fe0a","name":"Muchachos","aliases":[],"brand":null,"subtype":"burger","subtypes":["general_fast_food","burger"],"sources":["foursquare","overture"],"confidence":0.934,"address":"Osiyo Street"}},{"type":"Feature","geometry":{"type":"Point","coordinates":[69.21619,41.3403962]},"properties":{"id":"poi_251fcb9bff4b0885","name":"Muhabbat ona somsalari","aliases":[],"brand":null,"subtype":"general_fast_food","subtypes":["general_fast_food"],"sources":["osm"],"confidence":0.62,"address":null}},{"type":"Feature","geometry":{"type":"Point","coordinates":[69.3102408,41.3553866]},"properties":{"id":"poi_483da60593697976","name":"Muhsina Dollor Somsa","aliases":[],"brand":null,"subtype":"general_fast_food","subtypes":["general_fast_food"],"sources":["osm"],"confidence":0.62,"address":null}},{"type":"Feature","geometry":{"type":"Point","coordinates":[69.24312039175892,41.31070515216756]},"properties":{"id":"poi_9fedba1735b58843","name":"Muloqot.uz kafesi | Кафе Muloqot.uz","aliases":[],"brand":null,"subtype":"pizza","subtypes":["pizza"],"sources":["foursquare"],"confidence":0.62,"address":"Tashkent, Furkat St, Muloqot.uz kafesi"}},{"type":"Feature","geometry":{"type":"Point","coordinates":[69.2301424,41.326451]},"properties":{"id":"poi_90382e2b32b24df5","name":"Mushki Anbar","aliases":[],"brand":null,"subtype":"general_fast_food","subtypes":["general_fast_food"],"sources":["overture"],"confidence":0.734,"address":"Near Chorsu / Tinchlik"}},{"type":"Feature","geometry":{"type":"Point","coordinates":[69.21788,41.225956]},"properties":{"id":"poi_ec5bd31927b7fc3e","name":"Mushrooms","aliases":[],"brand":null,"subtype":"pizza","subtypes":["pizza"],"sources":["foursquare"],"confidence":0.62,"address":null}},{"type":"Feature","geometry":{"type":"Point","coordinates":[69.252348,41.268278249999995]},"properties":{"id":"poi_14a7a840b1180b32","name":"My Burger","aliases":[],"brand":null,"subtype":"burger","subtypes":["burger"],"sources":["foursquare","overture"],"confidence":0.859,"address":null}},{"type":"Feature","geometry":{"type":"Point","coordinates":[69.259842,41.2915551]},"properties":{"id":"poi_aa637c07852b56a6","name":"My cafe tashkent","aliases":[],"brand":null,"subtype":"general_fast_food","subtypes":["general_fast_food"],"sources":["overture"],"confidence":0.697,"address":"ул. Шота Руставели, 30А"}},{"type":"Feature","geometry":{"type":"Point","coordinates":[69.33489918708801,41.36155071918941]},"properties":{"id":"poi_f5e1ae24264714f9","name":"Nafis","aliases":[],"brand":null,"subtype":"food_court","subtypes":["food_court"],"sources":["foursquare"],"confidence":0.62,"address":null}},{"type":"Feature","geometry":{"type":"Point","coordinates":[69.34840722579654,41.33979649696875]},"properties":{"id":"poi_bedc5dd3f67581ca","name":"Nafis kafe","aliases":[],"brand":null,"subtype":"general_fast_food","subtypes":["general_fast_food"],"sources":["foursquare"],"confidence":0.62,"address":null}},{"type":"Feature","geometry":{"type":"Point","coordinates":[69.2437867,41.305687]},"properties":{"id":"poi_e83f81e3979d9eed","name":"Navro'z","aliases":[],"brand":null,"subtype":"general_fast_food","subtypes":["general_fast_food"],"sources":["overture"],"confidence":0.697,"address":"г. Ташкент, Чиланзарский район, ул. Фурката, д. 5"}},{"type":"Feature","geometry":{"type":"Point","coordinates":[69.3567392,41.3188991]},"properties":{"id":"poi_1dcabe05635c9eb3","name":"Navvoyxona","aliases":[],"brand":null,"subtype":"general_fast_food","subtypes":["general_fast_food"],"sources":["osm"],"confidence":0.62,"address":null}},{"type":"Feature","geometry":{"type":"Point","coordinates":[69.25,41.3167]},"properties":{"id":"poi_72e45456e75c929c","name":"New Azia","aliases":[],"brand":null,"subtype":"general_fast_food","subtypes":["general_fast_food"],"sources":["overture"],"confidence":0.659,"address":"ул.Арнасай д.7"}},{"type":"Feature","geometry":{"type":"Point","coordinates":[69.27143640242606,41.30981398586727]},"properties":{"id":"poi_77db511e7284cd55","name":"New World","aliases":[],"brand":null,"subtype":"pizza","subtypes":["pizza"],"sources":["foursquare"],"confidence":0.62,"address":null}},{"type":"Feature","geometry":{"type":"Point","coordinates":[69.2599005423855,41.29984887338315]},"properties":{"id":"poi_e6a3167c4831c5ba","name":"New World Pizza & Bakery","aliases":[],"brand":null,"subtype":"pizza","subtypes":["pizza"],"sources":["foursquare"],"confidence":0.62,"address":null}},{"type":"Feature","geometry":{"type":"Point","coordinates":[69.2717549,41.3101947]},"properties":{"id":"poi_0b4325529dab35c2","name":"New World Pizza Bakery","aliases":[],"brand":null,"subtype":"pizza","subtypes":["pizza"],"sources":["osm"],"confidence":0.62,"address":null}},{"type":"Feature","geometry":{"type":"Point","coordinates":[69.25432365,41.33981045]},"properties":{"id":"poi_9edc41f216368f33","name":"New York Burgers","aliases":[],"brand":null,"subtype":"burger","subtypes":["burger"],"sources":["foursquare","overture"],"confidence":0.934,"address":"3rd Floor, Riviera mall"}},{"type":"Feature","geometry":{"type":"Point","coordinates":[69.25150176425494,41.32629428168524]},"properties":{"id":"poi_f71afeab741f3c07","name":"Nihol Jo'jalari","aliases":[],"brand":null,"subtype":"chicken","subtypes":["chicken"],"sources":["foursquare"],"confidence":0.62,"address":null}},{"type":"Feature","geometry":{"type":"Point","coordinates":[69.283367,41.305549]},"properties":{"id":"poi_c6acd101665b8748","name":"No Comment","aliases":[],"brand":null,"subtype":"pizza","subtypes":["pizza"],"sources":["foursquare"],"confidence":0.62,"address":"Шахрисабзкая 5а"}},{"type":"Feature","geometry":{"type":"Point","coordinates":[69.2954503,41.3650907]},"properties":{"id":"poi_ec2305c73c94b3cc","name":"NOIR Premium Hookah","aliases":[],"brand":null,"subtype":"general_fast_food","subtypes":["general_fast_food"],"sources":["osm"],"confidence":0.62,"address":null}},{"type":"Feature","geometry":{"type":"Point","coordinates":[69.2805919,41.3042649]},"properties":{"id":"poi_53fe285a470da485","name":"Nomdor","aliases":[],"brand":null,"subtype":"general_fast_food","subtypes":["general_fast_food"],"sources":["osm"],"confidence":0.62,"address":null}},{"type":"Feature","geometry":{"type":"Point","coordinates":[69.2854929,41.3557204]},"properties":{"id":"poi_a11a7777554b21ae","name":"Nomdor Somsa","aliases":[],"brand":null,"subtype":"general_fast_food","subtypes":["general_fast_food"],"sources":["overture"],"confidence":0.659,"address":"Юнусабадский район ул. Тимир Пулат"}},{"type":"Feature","geometry":{"type":"Point","coordinates":[69.3014429,41.3197852]},"properties":{"id":"poi_0c19ef0dac1188ab","name":"Nomsiz fast food","aliases":[],"brand":null,"subtype":"general_fast_food","subtypes":["general_fast_food"],"sources":["osm"],"confidence":0.54,"address":null}},{"type":"Feature","geometry":{"type":"Point","coordinates":[69.1876075,41.2744945]},"properties":{"id":"poi_c74184598083d89a","name":"Nomsiz fast food","aliases":[],"brand":null,"subtype":"general_fast_food","subtypes":["general_fast_food"],"sources":["osm"],"confidence":0.54,"address":null}},{"type":"Feature","geometry":{"type":"Point","coordinates":[69.1829563,41.2734724]},"properties":{"id":"poi_113b7173e980ed46","name":"Nomsiz fast food","aliases":[],"brand":null,"subtype":"general_fast_food","subtypes":["general_fast_food"],"sources":["osm"],"confidence":0.54,"address":null}},{"type":"Feature","geometry":{"type":"Point","coordinates":[69.2491803,41.3288769]},"properties":{"id":"poi_9615afcd53e7cabe","name":"Nomsiz fast food","aliases":[],"brand":null,"subtype":"general_fast_food","subtypes":["general_fast_food"],"sources":["osm"],"confidence":0.54,"address":null}},{"type":"Feature","geometry":{"type":"Point","coordinates":[69.2488624,41.3273022]},"properties":{"id":"poi_c77411a2ab1507f1","name":"Nomsiz fast food","aliases":[],"brand":null,"subtype":"general_fast_food","subtypes":["general_fast_food"],"sources":["osm"],"confidence":0.54,"address":null}},{"type":"Feature","geometry":{"type":"Point","coordinates":[69.288841,41.3590547]},"properties":{"id":"poi_df3c644be5600e93","name":"Nomsiz fast food","aliases":[],"brand":null,"subtype":"general_fast_food","subtypes":["general_fast_food"],"sources":["osm"],"confidence":0.54,"address":null}},{"type":"Feature","geometry":{"type":"Point","coordinates":[69.2027912,41.2741042]},"properties":{"id":"poi_644c97b8d5b25874","name":"Nomsiz fast food","aliases":[],"brand":null,"subtype":"general_fast_food","subtypes":["general_fast_food"],"sources":["osm"],"confidence":0.54,"address":null}},{"type":"Feature","geometry":{"type":"Point","coordinates":[69.3058274,41.3021317]},"properties":{"id":"poi_a2f22e4f53614c10","name":"Nomsiz fast food","aliases":[],"brand":null,"subtype":"general_fast_food","subtypes":["general_fast_food"],"sources":["osm"],"confidence":0.54,"address":null}},{"type":"Feature","geometry":{"type":"Point","coordinates":[69.3083112,41.306846]},"properties":{"id":"poi_cec0e4d4276c62cc","name":"Nomsiz fast food","aliases":[],"brand":null,"subtype":"general_fast_food","subtypes":["general_fast_food"],"sources":["osm"],"confidence":0.54,"address":null}},{"type":"Feature","geometry":{"type":"Point","coordinates":[69.21947320000001,41.3406295]},"properties":{"id":"poi_6e46ceb39997de1e","name":"Nomsiz fast food","aliases":[],"brand":null,"subtype":"general_fast_food","subtypes":["general_fast_food"],"sources":["osm"],"confidence":0.54,"address":null}},{"type":"Feature","geometry":{"type":"Point","coordinates":[69.2760649,41.3723874]},"properties":{"id":"poi_13113146c45fee97","name":"Nomsiz fast food","aliases":[],"brand":null,"subtype":"general_fast_food","subtypes":["general_fast_food"],"sources":["osm"],"confidence":0.54,"address":null}},{"type":"Feature","geometry":{"type":"Point","coordinates":[69.26055,41.2799808]},"properties":{"id":"poi_11be54cc0bc2f923","name":"Nomsiz fast food","aliases":[],"brand":null,"subtype":"general_fast_food","subtypes":["general_fast_food"],"sources":["osm"],"confidence":0.54,"address":null}},{"type":"Feature","geometry":{"type":"Point","coordinates":[69.3645438,41.3313995]},"properties":{"id":"poi_fffc1d498977d8d5","name":"Nomsiz fast food","aliases":[],"brand":null,"subtype":"general_fast_food","subtypes":["general_fast_food"],"sources":["osm"],"confidence":0.54,"address":null}},{"type":"Feature","geometry":{"type":"Point","coordinates":[69.3504113,41.2818376]},"properties":{"id":"poi_4d5e36ed0492d22c","name":"Nomsiz fast food","aliases":[],"brand":null,"subtype":"general_fast_food","subtypes":["general_fast_food"],"sources":["osm"],"confidence":0.54,"address":null}},{"type":"Feature","geometry":{"type":"Point","coordinates":[69.3345163,41.2326921]},"properties":{"id":"poi_3f208a3d300e18f6","name":"Nomsiz fast food","aliases":[],"brand":null,"subtype":"general_fast_food","subtypes":["general_fast_food"],"sources":["osm"],"confidence":0.54,"address":null}},{"type":"Feature","geometry":{"type":"Point","coordinates":[69.1812947,41.2891945]},"properties":{"id":"poi_5574f68ae28d5f7f","name":"Nomsiz fast food","aliases":[],"brand":null,"subtype":"general_fast_food","subtypes":["general_fast_food"],"sources":["osm"],"confidence":0.54,"address":null}},{"type":"Feature","geometry":{"type":"Point","coordinates":[69.2831922,41.3625843]},"properties":{"id":"poi_892dc72cb66eb806","name":"Nomsiz fast food","aliases":[],"brand":null,"subtype":"general_fast_food","subtypes":["general_fast_food"],"sources":["osm"],"confidence":0.54,"address":null}},{"type":"Feature","geometry":{"type":"Point","coordinates":[69.3121366,41.245454]},"properties":{"id":"poi_b1d482aadda92cc0","name":"Nomsiz fast food","aliases":[],"brand":null,"subtype":"general_fast_food","subtypes":["general_fast_food"],"sources":["osm"],"confidence":0.54,"address":null}},{"type":"Feature","geometry":{"type":"Point","coordinates":[69.2800333,41.3032217]},"properties":{"id":"poi_8174970cc68631c7","name":"Nomsiz fast food","aliases":[],"brand":null,"subtype":"general_fast_food","subtypes":["general_fast_food"],"sources":["osm"],"confidence":0.54,"address":null}},{"type":"Feature","geometry":{"type":"Point","coordinates":[69.27414850000001,41.2903104]},"properties":{"id":"poi_f6ae08d1cc92e448","name":"Nomsiz fast food","aliases":[],"brand":null,"subtype":"general_fast_food","subtypes":["general_fast_food"],"sources":["osm"],"confidence":0.54,"address":null}},{"type":"Feature","geometry":{"type":"Point","coordinates":[69.1949613,41.2867414]},"properties":{"id":"poi_53c124a6f0bf949a","name":"Nomsiz fast food","aliases":[],"brand":null,"subtype":"general_fast_food","subtypes":["general_fast_food"],"sources":["osm"],"confidence":0.54,"address":null}},{"type":"Feature","geometry":{"type":"Point","coordinates":[69.3469881,41.2862094]},"properties":{"id":"poi_510206edf2399cc9","name":"Nomsiz fast food","aliases":[],"brand":null,"subtype":"general_fast_food","subtypes":["general_fast_food"],"sources":["osm"],"confidence":0.54,"address":null}},{"type":"Feature","geometry":{"type":"Point","coordinates":[69.3473179,41.2863664]},"properties":{"id":"poi_011199d96710334d","name":"Nomsiz fast food","aliases":[],"brand":null,"subtype":"general_fast_food","subtypes":["general_fast_food"],"sources":["osm"],"confidence":0.54,"address":null}},{"type":"Feature","geometry":{"type":"Point","coordinates":[69.34636540000001,41.2864042]},"properties":{"id":"poi_38a64b47e6145d32","name":"Nomsiz fast food","aliases":[],"brand":null,"subtype":"general_fast_food","subtypes":["general_fast_food"],"sources":["osm"],"confidence":0.54,"address":null}},{"type":"Feature","geometry":{"type":"Point","coordinates":[69.3465023,41.2864508]},"properties":{"id":"poi_483a22479ff7a7f8","name":"Nomsiz fast food","aliases":[],"brand":null,"subtype":"general_fast_food","subtypes":["general_fast_food"],"sources":["osm"],"confidence":0.54,"address":null}},{"type":"Feature","geometry":{"type":"Point","coordinates":[69.19424210000001,41.2984262]},"properties":{"id":"poi_745953ee34b500a5","name":"Nomsiz fast food","aliases":[],"brand":null,"subtype":"general_fast_food","subtypes":["general_fast_food"],"sources":["osm"],"confidence":0.54,"address":null}},{"type":"Feature","geometry":{"type":"Point","coordinates":[69.2845724,41.3144913]},"properties":{"id":"poi_b826966f52cb32da","name":"Nomsiz fast food","aliases":[],"brand":null,"subtype":"general_fast_food","subtypes":["general_fast_food"],"sources":["osm"],"confidence":0.54,"address":null}},{"type":"Feature","geometry":{"type":"Point","coordinates":[69.30486710000001,41.2791074]},"properties":{"id":"poi_fcebeed2aa00dd19","name":"Nomsiz fast food","aliases":[],"brand":null,"subtype":"general_fast_food","subtypes":["general_fast_food"],"sources":["osm"],"confidence":0.54,"address":null}},{"type":"Feature","geometry":{"type":"Point","coordinates":[69.2344254,41.2929854]},"properties":{"id":"poi_74e0ebb0b5fd5334","name":"Nomsiz fast food","aliases":[],"brand":null,"subtype":"general_fast_food","subtypes":["general_fast_food"],"sources":["osm"],"confidence":0.54,"address":null}},{"type":"Feature","geometry":{"type":"Point","coordinates":[69.2273458,41.2891358]},"properties":{"id":"poi_11095d21e5e27afd","name":"Nomsiz fast food","aliases":[],"brand":null,"subtype":"general_fast_food","subtypes":["general_fast_food"],"sources":["osm"],"confidence":0.54,"address":null}},{"type":"Feature","geometry":{"type":"Point","coordinates":[69.25366360000001,41.2941018]},"properties":{"id":"poi_5ff3efd63673dc09","name":"Nomsiz fast food","aliases":[],"brand":null,"subtype":"general_fast_food","subtypes":["general_fast_food"],"sources":["osm"],"confidence":0.54,"address":null}},{"type":"Feature","geometry":{"type":"Point","coordinates":[69.2361391,41.3286366]},"properties":{"id":"poi_e36b162dae07994c","name":"Nomsiz fast food","aliases":[],"brand":null,"subtype":"general_fast_food","subtypes":["general_fast_food"],"sources":["osm"],"confidence":0.54,"address":null}},{"type":"Feature","geometry":{"type":"Point","coordinates":[69.3043361,41.37405485]},"properties":{"id":"poi_6d4550f31ff7a216","name":"Nomsiz fast food","aliases":[],"brand":null,"subtype":"general_fast_food","subtypes":["general_fast_food"],"sources":["osm"],"confidence":0.54,"address":null}},{"type":"Feature","geometry":{"type":"Point","coordinates":[69.2598351,41.2734476]},"properties":{"id":"poi_dd78403b549596bf","name":"Nomsiz fast food","aliases":[],"brand":null,"subtype":"general_fast_food","subtypes":["general_fast_food"],"sources":["osm"],"confidence":0.54,"address":null}},{"type":"Feature","geometry":{"type":"Point","coordinates":[69.19141135,41.2548621]},"properties":{"id":"poi_075ff51beb69b9ba","name":"Nomsiz fast food","aliases":[],"brand":null,"subtype":"general_fast_food","subtypes":["general_fast_food"],"sources":["osm"],"confidence":0.54,"address":null}},{"type":"Feature","geometry":{"type":"Point","coordinates":[69.34691295,41.28554735]},"properties":{"id":"poi_8bf1fe4416e460fb","name":"Nomsiz fast food","aliases":[],"brand":null,"subtype":"general_fast_food","subtypes":["general_fast_food"],"sources":["osm"],"confidence":0.54,"address":null}},{"type":"Feature","geometry":{"type":"Point","coordinates":[69.34680295000001,41.2861682]},"properties":{"id":"poi_4b866efee450b663","name":"Nomsiz fast food","aliases":[],"brand":null,"subtype":"general_fast_food","subtypes":["general_fast_food"],"sources":["osm"],"confidence":0.54,"address":null}},{"type":"Feature","geometry":{"type":"Point","coordinates":[69.2193689,41.2054735]},"properties":{"id":"poi_64238edc241fb903","name":"Nomsiz fast food","aliases":[],"brand":null,"subtype":"general_fast_food","subtypes":["general_fast_food"],"sources":["osm"],"confidence":0.54,"address":null}},{"type":"Feature","geometry":{"type":"Point","coordinates":[69.29310095,41.339070050000004]},"properties":{"id":"poi_69c26dc2ce8d4ba5","name":"Nomsiz fast food","aliases":[],"brand":null,"subtype":"general_fast_food","subtypes":["general_fast_food"],"sources":["osm"],"confidence":0.54,"address":null}},{"type":"Feature","geometry":{"type":"Point","coordinates":[69.29309565,41.33902175]},"properties":{"id":"poi_8536b8570ebb65bf","name":"Nomsiz fast food","aliases":[],"brand":null,"subtype":"general_fast_food","subtypes":["general_fast_food"],"sources":["osm"],"confidence":0.54,"address":null}},{"type":"Feature","geometry":{"type":"Point","coordinates":[69.29308805,41.338963250000006]},"properties":{"id":"poi_5015b00979f02237","name":"Nomsiz fast food","aliases":[],"brand":null,"subtype":"general_fast_food","subtypes":["general_fast_food"],"sources":["osm"],"confidence":0.54,"address":null}},{"type":"Feature","geometry":{"type":"Point","coordinates":[69.20880965,41.347790849999996]},"properties":{"id":"poi_a86406696744cb79","name":"Nomsiz fast food","aliases":[],"brand":null,"subtype":"general_fast_food","subtypes":["general_fast_food"],"sources":["osm"],"confidence":0.54,"address":null}},{"type":"Feature","geometry":{"type":"Point","coordinates":[69.1929578,41.3166593]},"properties":{"id":"poi_6b50f62b41753c4c","name":"NON KABOB","aliases":[],"brand":null,"subtype":"general_fast_food","subtypes":["general_fast_food"],"sources":["osm"],"confidence":0.62,"address":null}},{"type":"Feature","geometry":{"type":"Point","coordinates":[69.2356199,41.2687159]},"properties":{"id":"poi_e0330c9742717298","name":"Non-kabob","aliases":[],"brand":null,"subtype":"general_fast_food","subtypes":["general_fast_food"],"sources":["osm"],"confidence":0.62,"address":null}},{"type":"Feature","geometry":{"type":"Point","coordinates":[69.2546877,41.285799]},"properties":{"id":"poi_ad7fa07ffe26f7c4","name":"Non-Kabob","aliases":[],"brand":null,"subtype":"general_fast_food","subtypes":["general_fast_food"],"sources":["osm"],"confidence":0.62,"address":null}},{"type":"Feature","geometry":{"type":"Point","coordinates":[69.274301,41.3643102]},"properties":{"id":"poi_51004e1f1a2c7ef2","name":"NON-KABOB","aliases":[],"brand":null,"subtype":"general_fast_food","subtypes":["general_fast_food"],"sources":["osm"],"confidence":0.62,"address":null}},{"type":"Feature","geometry":{"type":"Point","coordinates":[69.2196889,41.2274945]},"properties":{"id":"poi_31b317fcc7383e77","name":"Nonkabob","aliases":[],"brand":null,"subtype":"general_fast_food","subtypes":["general_fast_food"],"sources":["osm"],"confidence":0.62,"address":null}},{"type":"Feature","geometry":{"type":"Point","coordinates":[69.2357741,41.3295928]},"properties":{"id":"poi_0fbf17a473fc01bb","name":"Norin city","aliases":[],"brand":null,"subtype":"general_fast_food","subtypes":["general_fast_food"],"sources":["osm"],"confidence":0.62,"address":null}},{"type":"Feature","geometry":{"type":"Point","coordinates":[69.2681871,41.3408955]},"properties":{"id":"poi_e24d44e39b3e2f5c","name":"Nur","aliases":[],"brand":null,"subtype":"general_fast_food","subtypes":["general_fast_food"],"sources":["overture"],"confidence":0.734,"address":null}},{"type":"Feature","geometry":{"type":"Point","coordinates":[69.252515,41.3471488]},"properties":{"id":"poi_bc750c9c79b0bb39","name":"Nurafshon","aliases":[],"brand":null,"subtype":"general_fast_food","subtypes":["general_fast_food"],"sources":["overture"],"confidence":0.734,"address":"улица Северный Алмазар"}},{"type":"Feature","geometry":{"type":"Point","coordinates":[69.3302227,41.3266334]},"properties":{"id":"poi_3e8f860291769bf9","name":"O!Kafe - Buyuk ipak Yo'li","aliases":[],"brand":null,"subtype":"general_fast_food","subtypes":["general_fast_food"],"sources":["osm"],"confidence":0.62,"address":null}},{"type":"Feature","geometry":{"type":"Point","coordinates":[69.2025696,41.2725418]},"properties":{"id":"poi_a25349aef20f682f","name":"O!Kafe - Chilonzor metro","aliases":[],"brand":null,"subtype":"general_fast_food","subtypes":["general_fast_food"],"sources":["osm"],"confidence":0.62,"address":null}},{"type":"Feature","geometry":{"type":"Point","coordinates":[69.278682,41.3279608]},"properties":{"id":"poi_2552deda7f185864","name":"O!Kafe - Markaz 5","aliases":[],"brand":null,"subtype":"general_fast_food","subtypes":["general_fast_food"],"sources":["osm"],"confidence":0.62,"address":null}},{"type":"Feature","geometry":{"type":"Point","coordinates":[69.2097015,41.2999646]},"properties":{"id":"poi_2d96a34bd70a6aab","name":"O!Kafe - Maydoni","aliases":[],"brand":null,"subtype":"general_fast_food","subtypes":["general_fast_food"],"sources":["osm"],"confidence":0.62,"address":null}},{"type":"Feature","geometry":{"type":"Point","coordinates":[69.1777377,41.3494848]},"properties":{"id":"poi_adeca69328c74c97","name":"O!Kafe - ToshMi","aliases":[],"brand":null,"subtype":"general_fast_food","subtypes":["general_fast_food"],"sources":["osm"],"confidence":0.62,"address":null}},{"type":"Feature","geometry":{"type":"Point","coordinates":[69.3698889,41.3353573]},"properties":{"id":"poi_559068cfeee36375","name":"O!Kafe-Qorasuv","aliases":[],"brand":null,"subtype":"general_fast_food","subtypes":["general_fast_food"],"sources":["osm"],"confidence":0.62,"address":null}},{"type":"Feature","geometry":{"type":"Point","coordinates":[69.2014389,41.2962841]},"properties":{"id":"poi_ca02a156461d235f","name":"O'zbegim Milliy Taomlari","aliases":[],"brand":null,"subtype":"general_fast_food","subtypes":["general_fast_food"],"sources":["overture"],"confidence":0.697,"address":"Лутфий"}},{"type":"Feature","geometry":{"type":"Point","coordinates":[69.3063885,41.3203748]},"properties":{"id":"poi_0f8414518d82819d","name":"Oilaviy Besh Panja","aliases":[],"brand":null,"subtype":"general_fast_food","subtypes":["general_fast_food"],"sources":["overture"],"confidence":0.659,"address":"8 Farobi Street, Tashkent, Uzbekistan"}},{"type":"Feature","geometry":{"type":"Point","coordinates":[69.2751395,41.3439926]},"properties":{"id":"poi_4054334a2295f47a","name":"Old Amsterdam","aliases":[],"brand":null,"subtype":"general_fast_food","subtypes":["general_fast_food"],"sources":["overture"],"confidence":0.659,"address":"Ифтихор 64"}},{"type":"Feature","geometry":{"type":"Point","coordinates":[69.331141,41.31262]},"properties":{"id":"poi_5a50e3e8c8adb64b","name":"Olot Somsa","aliases":[],"brand":null,"subtype":"doner_kebab","subtypes":["doner_kebab"],"sources":["foursquare"],"confidence":0.62,"address":null}},{"type":"Feature","geometry":{"type":"Point","coordinates":[69.256368,41.269579]},"properties":{"id":"poi_86a9bf4f6c8de7a4","name":"Olot Somsa","aliases":[],"brand":null,"subtype":"general_fast_food","subtypes":["general_fast_food"],"sources":["foursquare"],"confidence":0.62,"address":"Inner Ring Road"}},{"type":"Feature","geometry":{"type":"Point","coordinates":[69.25,41.3167]},"properties":{"id":"poi_9462c3cd63b77524","name":"Olotsomsa.uz","aliases":[],"brand":null,"subtype":"general_fast_food","subtypes":["general_fast_food"],"sources":["overture"],"confidence":0.697,"address":"Юнусабадский район Ц-4 пересечение  улиц Шарафа Рашидова и Абдулла Кадырий ориентир остановка в сторону Алайского рынка"}},{"type":"Feature","geometry":{"type":"Point","coordinates":[69.22171272183623,41.35060447018489]},"properties":{"id":"poi_976aca54f25acd0c","name":"Oltin Baliq","aliases":[],"brand":null,"subtype":"general_fast_food","subtypes":["general_fast_food"],"sources":["foursquare"],"confidence":0.62,"address":null}},{"type":"Feature","geometry":{"type":"Point","coordinates":[69.37855,41.30199]},"properties":{"id":"poi_4d34c3109b68af6d","name":"Oltin Baliq","aliases":[],"brand":null,"subtype":"general_fast_food","subtypes":["general_fast_food"],"sources":["foursquare"],"confidence":0.62,"address":null}},{"type":"Feature","geometry":{"type":"Point","coordinates":[69.43680295,41.334013549999995]},"properties":{"id":"poi_736dcbfa6efde6d9","name":"Opa Singillar Baliq Markazi","aliases":[],"brand":null,"subtype":"general_fast_food","subtypes":["general_fast_food"],"sources":["foursquare","overture"],"confidence":0.934,"address":"Mirza Ulug'bek "}},{"type":"Feature","geometry":{"type":"Point","coordinates":[69.20602416992188,41.285003662109375]},"properties":{"id":"poi_157712b632b2272d","name":"Oq Tepa Lavash - 2","aliases":[],"brand":"oqtepa-lavash","subtype":"burger","subtypes":["burger"],"sources":["foursquare"],"confidence":0.62,"address":null}},{"type":"Feature","geometry":{"type":"Point","coordinates":[69.1784656,41.2483061]},"properties":{"id":"poi_7502f98e53c72a77","name":"Oq tulpor","aliases":[],"brand":null,"subtype":"general_fast_food","subtypes":["general_fast_food"],"sources":["overture"],"confidence":0.734,"address":null}},{"type":"Feature","geometry":{"type":"Point","coordinates":[69.21006000386318,41.300135362115796]},"properties":{"id":"poi_c72effe336699f60","name":"Oq-Tepa Drujba Burger","aliases":[],"brand":null,"subtype":"burger","subtypes":["burger"],"sources":["foursquare"],"confidence":0.62,"address":null}},{"type":"Feature","geometry":{"type":"Point","coordinates":[69.1781,41.34879]},"properties":{"id":"poi_4c843f69b3652f55","name":"Oq-Tepa Lavash Tashmi","aliases":[],"brand":"oqtepa-lavash","subtype":"doner_kebab","subtypes":["doner_kebab"],"sources":["foursquare"],"confidence":0.62,"address":null}},{"type":"Feature","geometry":{"type":"Point","coordinates":[69.202385,41.273132]},"properties":{"id":"poi_3b20680b67002b5f","name":"Oq-Tepa Lavash На Чиланзаре","aliases":[],"brand":"oqtepa-lavash","subtype":"doner_kebab","subtypes":["doner_kebab"],"sources":["foursquare"],"confidence":0.62,"address":"ул. Бунёдкор"}},{"type":"Feature","geometry":{"type":"Point","coordinates":[69.2852985,41.3377629]},"properties":{"id":"poi_f22947b30ebcd002","name":"Oqtepa lavash","aliases":["Oqtepa Lavash"],"brand":"oqtepa-lavash","subtype":"doner_kebab","subtypes":["doner_kebab"],"sources":["foursquare","osm"],"confidence":0.82,"address":"Amir Temur ko'chasi, 104"}},{"type":"Feature","geometry":{"type":"Point","coordinates":[69.2436907,41.3045336]},"properties":{"id":"poi_1b4a59ff163572ea","name":"Oqtepa lavash","aliases":[],"brand":"oqtepa-lavash","subtype":"doner_kebab","subtypes":["doner_kebab"],"sources":["osm"],"confidence":0.62,"address":null}},{"type":"Feature","geometry":{"type":"Point","coordinates":[69.2459412882926,41.32574663876842]},"properties":{"id":"poi_a8c2fded48ab92b2","name":"Oqtepa Lavash","aliases":["Oq-tepa Lavash (Xadra)"],"brand":"oqtepa-lavash","subtype":"doner_kebab","subtypes":["doner_kebab"],"sources":["foursquare","osm"],"confidence":0.82,"address":"Xadra"}},{"type":"Feature","geometry":{"type":"Point","coordinates":[69.20979285666932,41.300052605255345]},"properties":{"id":"poi_22370df65c6feed0","name":"Oqtepa Lavash","aliases":["Oqtepa Lavash Maydoni"],"brand":"oqtepa-lavash","subtype":"doner_kebab","subtypes":["doner_kebab"],"sources":["foursquare","osm","overture"],"confidence":0.98,"address":"Lutfiy st., 2"}},{"type":"Feature","geometry":{"type":"Point","coordinates":[69.17503414082758,41.27717716381053]},"properties":{"id":"poi_cd849ff61f0c5017","name":"Oqtepa Lavash","aliases":["OQ-TEPA LAVASH","Oqtepa Lavash Vatan"],"brand":"oqtepa-lavash","subtype":"doner_kebab","subtypes":["doner_kebab"],"sources":["foursquare","osm","overture"],"confidence":0.98,"address":"Ташкент 26-й квартал 24А"}},{"type":"Feature","geometry":{"type":"Point","coordinates":[69.35564005,41.33700485]},"properties":{"id":"poi_33d788d5491c2172","name":"Oqtepa Lavash","aliases":[],"brand":"oqtepa-lavash","subtype":"doner_kebab","subtypes":["burger","doner_kebab"],"sources":["foursquare","osm"],"confidence":0.82,"address":"Buyuk Ipak Yuli Street"}},{"type":"Feature","geometry":{"type":"Point","coordinates":[69.28218955,41.324136550000006]},"properties":{"id":"poi_1d21cc6fd2592a07","name":"Oqtepa Lavash","aliases":[],"brand":"oqtepa-lavash","subtype":"doner_kebab","subtypes":["doner_kebab"],"sources":["foursquare","osm"],"confidence":0.82,"address":null}},{"type":"Feature","geometry":{"type":"Point","coordinates":[69.23387654912092,41.31964422442987]},"properties":{"id":"poi_3321926fefed3cec","name":"Oqtepa Lavash","aliases":["Oq-tepa lavash"],"brand":"oqtepa-lavash","subtype":"doner_kebab","subtypes":["doner_kebab"],"sources":["foursquare","osm"],"confidence":0.82,"address":"Chorsu"}},{"type":"Feature","geometry":{"type":"Point","coordinates":[69.19436938651424,41.293462044508765]},"properties":{"id":"poi_667bd8c391473b41","name":"Oqtepa Lavash","aliases":["Oq-Tepa  Lavash (Cho'pon Ota)"],"brand":"oqtepa-lavash","subtype":"doner_kebab","subtypes":["burger","doner_kebab"],"sources":["foursquare","osm"],"confidence":0.82,"address":null}},{"type":"Feature","geometry":{"type":"Point","coordinates":[69.19369500322918,41.32283149311506]},"properties":{"id":"poi_6c75ed06b70c7076","name":"Oqtepa Lavash","aliases":["oq-tepa lavash"],"brand":"oqtepa-lavash","subtype":"doner_kebab","subtypes":["burger","doner_kebab"],"sources":["foursquare","osm"],"confidence":0.82,"address":null}},{"type":"Feature","geometry":{"type":"Point","coordinates":[69.21420255000001,41.363529650000004]},"properties":{"id":"poi_ddb03ff1afae6fcb","name":"Oqtepa Lavash","aliases":[],"brand":"oqtepa-lavash","subtype":"doner_kebab","subtypes":["doner_kebab"],"sources":["foursquare","osm"],"confidence":0.82,"address":null}},{"type":"Feature","geometry":{"type":"Point","coordinates":[69.1782431,41.3495047]},"properties":{"id":"poi_39a3aa30379e3e83","name":"Oqtepa Lavash","aliases":[],"brand":"oqtepa-lavash","subtype":"doner_kebab","subtypes":["doner_kebab"],"sources":["osm"],"confidence":0.62,"address":null}},{"type":"Feature","geometry":{"type":"Point","coordinates":[69.2059328,41.2858408]},"properties":{"id":"poi_a472fd86c954e38c","name":"Oqtepa Lavash","aliases":[],"brand":"oqtepa-lavash","subtype":"doner_kebab","subtypes":["doner_kebab"],"sources":["osm"],"confidence":0.62,"address":null}},{"type":"Feature","geometry":{"type":"Point","coordinates":[69.3870889,41.3527186]},"properties":{"id":"poi_10f92fe6262504c7","name":"Oqtepa Lavash","aliases":[],"brand":"oqtepa-lavash","subtype":"doner_kebab","subtypes":["doner_kebab"],"sources":["osm"],"confidence":0.62,"address":null}},{"type":"Feature","geometry":{"type":"Point","coordinates":[69.242994,41.2881554]},"properties":{"id":"poi_05dc5379c58cc463","name":"Oqtepa Lavash","aliases":[],"brand":"oqtepa-lavash","subtype":"doner_kebab","subtypes":["doner_kebab"],"sources":["osm"],"confidence":0.62,"address":null}},{"type":"Feature","geometry":{"type":"Point","coordinates":[69.219774,41.380032]},"properties":{"id":"poi_1322768fc76a5e52","name":"Oqtepa Lavash","aliases":[],"brand":"oqtepa-lavash","subtype":"doner_kebab","subtypes":["doner_kebab"],"sources":["osm"],"confidence":0.62,"address":null}},{"type":"Feature","geometry":{"type":"Point","coordinates":[69.2050473,41.3442898]},"properties":{"id":"poi_e7a1eec96b1ff0a1","name":"Oqtepa Lavash","aliases":[],"brand":"oqtepa-lavash","subtype":"doner_kebab","subtypes":["doner_kebab"],"sources":["osm"],"confidence":0.62,"address":null}},{"type":"Feature","geometry":{"type":"Point","coordinates":[69.219109,41.205334]},"properties":{"id":"poi_26315d23462119f7","name":"Oqtepa Lavash","aliases":[],"brand":"oqtepa-lavash","subtype":"doner_kebab","subtypes":["doner_kebab"],"sources":["osm"],"confidence":0.62,"address":null}},{"type":"Feature","geometry":{"type":"Point","coordinates":[69.2078805,41.2229353]},"properties":{"id":"poi_35e8cb70862b4f60","name":"Oqtepa Lavash","aliases":[],"brand":"oqtepa-lavash","subtype":"doner_kebab","subtypes":["doner_kebab"],"sources":["osm"],"confidence":0.62,"address":null}},{"type":"Feature","geometry":{"type":"Point","coordinates":[69.2538911,41.3397286]},"properties":{"id":"poi_057e0d92b5c0d06d","name":"Oqtepa Lavash","aliases":[],"brand":"oqtepa-lavash","subtype":"doner_kebab","subtypes":["doner_kebab"],"sources":["osm"],"confidence":0.62,"address":null}},{"type":"Feature","geometry":{"type":"Point","coordinates":[69.262978,41.330456]},"properties":{"id":"poi_d76bc4a2fcd39105","name":"Oqtepa Lavash","aliases":[],"brand":"oqtepa-lavash","subtype":"doner_kebab","subtypes":["doner_kebab"],"sources":["osm"],"confidence":0.62,"address":null}},{"type":"Feature","geometry":{"type":"Point","coordinates":[69.3752315,41.2553937]},"properties":{"id":"poi_38244ce2a58f0e16","name":"Oqtepa Lavash","aliases":[],"brand":"oqtepa-lavash","subtype":"doner_kebab","subtypes":["doner_kebab"],"sources":["osm"],"confidence":0.62,"address":null}},{"type":"Feature","geometry":{"type":"Point","coordinates":[69.170405,41.273388]},"properties":{"id":"poi_e437f4b6e155625f","name":"Oqtepa Lavash","aliases":[],"brand":"oqtepa-lavash","subtype":"doner_kebab","subtypes":["doner_kebab"],"sources":["osm"],"confidence":0.62,"address":null}},{"type":"Feature","geometry":{"type":"Point","coordinates":[69.328655,41.2392462]},"properties":{"id":"poi_bd8e71bec60a7d92","name":"Oqtepa Lavash","aliases":[],"brand":"oqtepa-lavash","subtype":"doner_kebab","subtypes":["doner_kebab"],"sources":["osm"],"confidence":0.62,"address":null}},{"type":"Feature","geometry":{"type":"Point","coordinates":[69.1909075,41.2693439]},"properties":{"id":"poi_7f0bcfb61db0b3b2","name":"Oqtepa Lavash","aliases":[],"brand":"oqtepa-lavash","subtype":"doner_kebab","subtypes":["doner_kebab"],"sources":["osm"],"confidence":0.62,"address":null}},{"type":"Feature","geometry":{"type":"Point","coordinates":[69.2137015,41.2942316]},"properties":{"id":"poi_c3e30e2620c09232","name":"Oqtepa Lavash","aliases":[],"brand":"oqtepa-lavash","subtype":"doner_kebab","subtypes":["doner_kebab"],"sources":["osm"],"confidence":0.62,"address":null}},{"type":"Feature","geometry":{"type":"Point","coordinates":[69.2838299,41.3059138]},"properties":{"id":"poi_f8868d27c4cb8fc3","name":"Oqtepa Lavash","aliases":[],"brand":"oqtepa-lavash","subtype":"doner_kebab","subtypes":["doner_kebab"],"sources":["osm"],"confidence":0.62,"address":null}},{"type":"Feature","geometry":{"type":"Point","coordinates":[69.3413008,41.2947537]},"properties":{"id":"poi_8ed869fc1c56d59e","name":"Oqtepa Lavash","aliases":[],"brand":"oqtepa-lavash","subtype":"doner_kebab","subtypes":["doner_kebab"],"sources":["osm"],"confidence":0.62,"address":null}},{"type":"Feature","geometry":{"type":"Point","coordinates":[69.228939325,41.212525775]},"properties":{"id":"poi_9c0691db04783c07","name":"Oqtepa Lavash","aliases":["Oqtepa Lavash – Sergeli 2"],"brand":"oqtepa-lavash","subtype":"doner_kebab","subtypes":["doner_kebab"],"sources":["osm","overture"],"confidence":0.934,"address":"Yangi Sergeli Road 2 1"}},{"type":"Feature","geometry":{"type":"Point","coordinates":[69.221946,41.2224632]},"properties":{"id":"poi_4ebb5d43d7cf1c3c","name":"Oqtepa Lavash","aliases":[],"brand":"oqtepa-lavash","subtype":"doner_kebab","subtypes":["doner_kebab"],"sources":["osm"],"confidence":0.62,"address":null}},{"type":"Feature","geometry":{"type":"Point","coordinates":[69.1705221,41.2423171]},"properties":{"id":"poi_e3b9abec0ec2394f","name":"Oqtepa Lavash","aliases":[],"brand":"oqtepa-lavash","subtype":"doner_kebab","subtypes":["doner_kebab"],"sources":["osm"],"confidence":0.62,"address":null}},{"type":"Feature","geometry":{"type":"Point","coordinates":[69.202293,41.272284]},"properties":{"id":"poi_3f02fbc7c612d816","name":"Oqtepa Lavash","aliases":[],"brand":"oqtepa-lavash","subtype":"doner_kebab","subtypes":["doner_kebab"],"sources":["osm"],"confidence":0.62,"address":null}},{"type":"Feature","geometry":{"type":"Point","coordinates":[69.23708,41.3074315]},"properties":{"id":"poi_0ccf54cc10fd23de","name":"Oqtepa Lavash","aliases":[],"brand":"oqtepa-lavash","subtype":"doner_kebab","subtypes":["doner_kebab"],"sources":["osm"],"confidence":0.62,"address":null}},{"type":"Feature","geometry":{"type":"Point","coordinates":[69.3343627,41.2830875]},"properties":{"id":"poi_7ee712c1f2707f16","name":"Oqtepa Lavash","aliases":[],"brand":"oqtepa-lavash","subtype":"doner_kebab","subtypes":["doner_kebab"],"sources":["osm"],"confidence":0.62,"address":null}},{"type":"Feature","geometry":{"type":"Point","coordinates":[69.276875,41.3599253]},"properties":{"id":"poi_8ea51bc762a474a3","name":"Oqtepa Lavash","aliases":[],"brand":"oqtepa-lavash","subtype":"doner_kebab","subtypes":["doner_kebab"],"sources":["osm"],"confidence":0.62,"address":null}},{"type":"Feature","geometry":{"type":"Point","coordinates":[69.2423484,41.341276]},"properties":{"id":"poi_aff423ac1e19177c","name":"Oqtepa Lavash","aliases":[],"brand":"oqtepa-lavash","subtype":"doner_kebab","subtypes":["doner_kebab"],"sources":["osm"],"confidence":0.62,"address":null}},{"type":"Feature","geometry":{"type":"Point","coordinates":[69.30825630000001,41.2724994]},"properties":{"id":"poi_6a9009b21f909dfd","name":"Oqtepa Lavash","aliases":[],"brand":"oqtepa-lavash","subtype":"doner_kebab","subtypes":["doner_kebab"],"sources":["osm"],"confidence":0.62,"address":null}},{"type":"Feature","geometry":{"type":"Point","coordinates":[69.19174430000001,41.2822248]},"properties":{"id":"poi_5ede6393a24b42c1","name":"Oqtepa Lavash","aliases":[],"brand":"oqtepa-lavash","subtype":"doner_kebab","subtypes":["doner_kebab"],"sources":["osm"],"confidence":0.62,"address":null}},{"type":"Feature","geometry":{"type":"Point","coordinates":[69.2983621,41.3639969]},"properties":{"id":"poi_84f65a33178878ee","name":"Oqtepa Lavash","aliases":[],"brand":"oqtepa-lavash","subtype":"doner_kebab","subtypes":["doner_kebab"],"sources":["osm"],"confidence":0.62,"address":null}},{"type":"Feature","geometry":{"type":"Point","coordinates":[69.3565875,41.3182215]},"properties":{"id":"poi_4d3ff00c9cb458e3","name":"Oqtepa Lavash","aliases":[],"brand":"oqtepa-lavash","subtype":"doner_kebab","subtypes":["doner_kebab"],"sources":["osm"],"confidence":0.62,"address":null}},{"type":"Feature","geometry":{"type":"Point","coordinates":[69.1726309,41.2298346]},"properties":{"id":"poi_963b452008314809","name":"Oqtepa Lavash","aliases":[],"brand":"oqtepa-lavash","subtype":"doner_kebab","subtypes":["doner_kebab"],"sources":["osm"],"confidence":0.62,"address":null}},{"type":"Feature","geometry":{"type":"Point","coordinates":[69.3505156,41.2857419]},"properties":{"id":"poi_f38c94c55f384e0d","name":"Oqtepa Lavash","aliases":[],"brand":"oqtepa-lavash","subtype":"doner_kebab","subtypes":["doner_kebab"],"sources":["osm"],"confidence":0.62,"address":null}},{"type":"Feature","geometry":{"type":"Point","coordinates":[69.2206451,41.3389815]},"properties":{"id":"poi_3d229f1a78430253","name":"Oqtepa Lavash","aliases":[],"brand":"oqtepa-lavash","subtype":"doner_kebab","subtypes":["doner_kebab"],"sources":["osm"],"confidence":0.62,"address":null}},{"type":"Feature","geometry":{"type":"Point","coordinates":[69.2030821,41.2545992]},"properties":{"id":"poi_76f413c954083e4b","name":"Oqtepa Lavash","aliases":[],"brand":"oqtepa-lavash","subtype":"doner_kebab","subtypes":["doner_kebab"],"sources":["osm"],"confidence":0.62,"address":null}},{"type":"Feature","geometry":{"type":"Point","coordinates":[69.2860132,41.3394608]},"properties":{"id":"poi_3bcbbb106a322f83","name":"Oqtepa Lavash","aliases":[],"brand":"oqtepa-lavash","subtype":"doner_kebab","subtypes":["doner_kebab"],"sources":["osm"],"confidence":0.62,"address":null}},{"type":"Feature","geometry":{"type":"Point","coordinates":[69.3686333,41.3548325]},"properties":{"id":"poi_750da16f50c225c3","name":"Oqtepa Lavash","aliases":[],"brand":"oqtepa-lavash","subtype":"doner_kebab","subtypes":["doner_kebab"],"sources":["osm"],"confidence":0.62,"address":null}},{"type":"Feature","geometry":{"type":"Point","coordinates":[69.2232203,41.2830587]},"properties":{"id":"poi_bd38ccd48af341d8","name":"Oqtepa Lavash","aliases":[],"brand":"oqtepa-lavash","subtype":"doner_kebab","subtypes":["doner_kebab"],"sources":["osm"],"confidence":0.62,"address":null}},{"type":"Feature","geometry":{"type":"Point","coordinates":[69.2367542,41.3066979]},"properties":{"id":"poi_144719be18c128d4","name":"Oqtepa Lavash","aliases":[],"brand":"oqtepa-lavash","subtype":"doner_kebab","subtypes":["doner_kebab"],"sources":["osm"],"confidence":0.62,"address":null}},{"type":"Feature","geometry":{"type":"Point","coordinates":[69.2869607,41.3657622]},"properties":{"id":"poi_59a842e9b3950929","name":"Oqtepa Lavash","aliases":[],"brand":"oqtepa-lavash","subtype":"doner_kebab","subtypes":["doner_kebab"],"sources":["osm"],"confidence":0.62,"address":null}},{"type":"Feature","geometry":{"type":"Point","coordinates":[69.1610939,41.2639342]},"properties":{"id":"poi_8f6d884cb44e2b28","name":"Oqtepa Lavash","aliases":[],"brand":"oqtepa-lavash","subtype":"doner_kebab","subtypes":["doner_kebab"],"sources":["osm"],"confidence":0.62,"address":null}},{"type":"Feature","geometry":{"type":"Point","coordinates":[69.2452031,41.3043005]},"properties":{"id":"poi_35124e3bfafff008","name":"Oqtepa Lavash","aliases":[],"brand":"oqtepa-lavash","subtype":"doner_kebab","subtypes":["doner_kebab"],"sources":["osm"],"confidence":0.62,"address":null}},{"type":"Feature","geometry":{"type":"Point","coordinates":[69.30136445,41.2488205]},"properties":{"id":"poi_3a9d918dae760436","name":"Oqtepa Lavash","aliases":[],"brand":"oqtepa-lavash","subtype":"doner_kebab","subtypes":["doner_kebab"],"sources":["osm"],"confidence":0.62,"address":null}},{"type":"Feature","geometry":{"type":"Point","coordinates":[69.1540072,41.2630874]},"properties":{"id":"poi_2b6d3d871fec5481","name":"Oqtepa Lavash - Andalus","aliases":[],"brand":"oqtepa-lavash","subtype":"doner_kebab","subtypes":["doner_kebab"],"sources":["osm"],"confidence":0.62,"address":null}},{"type":"Feature","geometry":{"type":"Point","coordinates":[69.304743,41.3740756]},"properties":{"id":"poi_ae6e389ee0b2455a","name":"Oqtepa Lavash - Boxodir","aliases":[],"brand":"oqtepa-lavash","subtype":"doner_kebab","subtypes":["doner_kebab"],"sources":["osm"],"confidence":0.62,"address":null}},{"type":"Feature","geometry":{"type":"Point","coordinates":[69.2385464,41.3225626]},"properties":{"id":"poi_03e12a27ba1ddeda","name":"Oqtepa Lavash - Chorsu 2","aliases":[],"brand":"oqtepa-lavash","subtype":"doner_kebab","subtypes":["doner_kebab"],"sources":["osm"],"confidence":0.62,"address":null}},{"type":"Feature","geometry":{"type":"Point","coordinates":[69.1722512,41.3399363]},"properties":{"id":"poi_3913897974e73be4","name":"Oqtepa Lavash - Ibn Sino","aliases":[],"brand":"oqtepa-lavash","subtype":"doner_kebab","subtypes":["doner_kebab"],"sources":["osm"],"confidence":0.62,"address":null}},{"type":"Feature","geometry":{"type":"Point","coordinates":[69.36683690000001,41.2685682]},"properties":{"id":"poi_d25652d04887727c","name":"Oqtepa Lavash - Rohat","aliases":[],"brand":"oqtepa-lavash","subtype":"doner_kebab","subtypes":["doner_kebab"],"sources":["osm"],"confidence":0.62,"address":null}},{"type":"Feature","geometry":{"type":"Point","coordinates":[69.1970099,41.2788305]},"properties":{"id":"poi_cc6e97d7f1dd7b93","name":"Oqtepa Lavash - Shuxrat","aliases":[],"brand":"oqtepa-lavash","subtype":"doner_kebab","subtypes":["doner_kebab"],"sources":["osm"],"confidence":0.62,"address":null}},{"type":"Feature","geometry":{"type":"Point","coordinates":[69.33022480000001,41.3266511]},"properties":{"id":"poi_8a1acf02178dbd00","name":"Oqtepa Lavash – Buyuk ipak Yo'li","aliases":[],"brand":"oqtepa-lavash","subtype":"doner_kebab","subtypes":["doner_kebab"],"sources":["osm"],"confidence":0.62,"address":null}},{"type":"Feature","geometry":{"type":"Point","coordinates":[69.1675002,41.2728921]},"properties":{"id":"poi_4612af186df892eb","name":"Oqtepa Lavash – Depo Mall","aliases":[],"brand":"oqtepa-lavash","subtype":"doner_kebab","subtypes":["doner_kebab"],"sources":["osm"],"confidence":0.62,"address":null}},{"type":"Feature","geometry":{"type":"Point","coordinates":[69.1716875,41.2439278]},"properties":{"id":"poi_ce01eba40af5369f","name":"Oqtepa Lavash – Ippodrom bozori","aliases":[],"brand":"oqtepa-lavash","subtype":"doner_kebab","subtypes":["doner_kebab"],"sources":["osm"],"confidence":0.62,"address":null}},{"type":"Feature","geometry":{"type":"Point","coordinates":[69.2786327,41.3280623]},"properties":{"id":"poi_b648560d8af4052e","name":"Oqtepa Lavash – Markaz 5","aliases":[],"brand":"oqtepa-lavash","subtype":"doner_kebab","subtypes":["doner_kebab"],"sources":["osm"],"confidence":0.62,"address":null}},{"type":"Feature","geometry":{"type":"Point","coordinates":[69.3090513,41.2450347]},"properties":{"id":"poi_e4d82d7c476bbc3e","name":"Oqtepa Lavash – Qo'yliq 2","aliases":[],"brand":"oqtepa-lavash","subtype":"doner_kebab","subtypes":["doner_kebab"],"sources":["osm"],"confidence":0.62,"address":null}},{"type":"Feature","geometry":{"type":"Point","coordinates":[69.3698993,41.335281]},"properties":{"id":"poi_5fd65f41ee0b21dc","name":"Oqtepa Lavash – Qorasuv 1","aliases":["Oqtepa Lavash (Qorasu)"],"brand":"oqtepa-lavash","subtype":"doner_kebab","subtypes":["doner_kebab"],"sources":["foursquare","osm"],"confidence":0.82,"address":null}},{"type":"Feature","geometry":{"type":"Point","coordinates":[69.2526425,41.2682231]},"properties":{"id":"poi_df6f203b2294269c","name":"Oqtepa Lavash – Qushbegi","aliases":[],"brand":"oqtepa-lavash","subtype":"doner_kebab","subtypes":["doner_kebab"],"sources":["osm"],"confidence":0.62,"address":null}},{"type":"Feature","geometry":{"type":"Point","coordinates":[69.2221303,41.2220168]},"properties":{"id":"poi_ce412f3ea69fa132","name":"Oqtepa Lavash – Sergeli 8","aliases":[],"brand":"oqtepa-lavash","subtype":"doner_kebab","subtypes":["doner_kebab"],"sources":["osm"],"confidence":0.62,"address":null}},{"type":"Feature","geometry":{"type":"Point","coordinates":[69.185389,41.3637903]},"properties":{"id":"poi_de68595e9fae561d","name":"Oqtepa Lavash – Shifokorlar shaharchasi","aliases":[],"brand":"oqtepa-lavash","subtype":"doner_kebab","subtypes":["doner_kebab"],"sources":["osm"],"confidence":0.62,"address":null}},{"type":"Feature","geometry":{"type":"Point","coordinates":[69.2113461,41.2695306]},"properties":{"id":"poi_86efcd3ab641e2b5","name":"Oqtepa Lavash Head Office","aliases":[],"brand":"oqtepa-lavash","subtype":"doner_kebab","subtypes":["doner_kebab"],"sources":["osm"],"confidence":0.62,"address":null}},{"type":"Feature","geometry":{"type":"Point","coordinates":[69.2862238,41.3676706]},"properties":{"id":"poi_e94f7127f7e8a094","name":"Orange","aliases":[],"brand":null,"subtype":"general_fast_food","subtypes":["general_fast_food"],"sources":["osm"],"confidence":0.62,"address":null}},{"type":"Feature","geometry":{"type":"Point","coordinates":[69.2853591,41.3677525]},"properties":{"id":"poi_65a91c2438cfc81f","name":"Orange","aliases":[],"brand":null,"subtype":"general_fast_food","subtypes":["general_fast_food"],"sources":["osm"],"confidence":0.62,"address":null}},{"type":"Feature","geometry":{"type":"Point","coordinates":[69.27268776325914,41.33819518293818]},"properties":{"id":"poi_cb19771b9d75ae8a","name":"Orange KAFE","aliases":[],"brand":null,"subtype":"general_fast_food","subtypes":["general_fast_food"],"sources":["foursquare"],"confidence":0.62,"address":"Kichik Xalqa Yo'li"}},{"type":"Feature","geometry":{"type":"Point","coordinates":[69.2561817,41.3590463]},"properties":{"id":"poi_45470e45c1443fd2","name":"Orzu Osh Tuzi","aliases":[],"brand":null,"subtype":"general_fast_food","subtypes":["general_fast_food"],"sources":["overture"],"confidence":0.659,"address":"Алмазарский район, Уста-Ширин, 1 - узкая улица, 254"}},{"type":"Feature","geometry":{"type":"Point","coordinates":[69.18831,41.273697]},"properties":{"id":"poi_d0c055d3c43ff9fa","name":"Oscar Foods","aliases":[],"brand":null,"subtype":"hot_dog","subtypes":["hot_dog"],"sources":["foursquare"],"confidence":0.62,"address":"Zargarlik St., 14/1"}},{"type":"Feature","geometry":{"type":"Point","coordinates":[69.327824,41.2422661]},"properties":{"id":"poi_2f351ae315d6dabd","name":"Osiyo Burger","aliases":[],"brand":null,"subtype":"burger","subtypes":["burger"],"sources":["osm"],"confidence":0.62,"address":null}},{"type":"Feature","geometry":{"type":"Point","coordinates":[69.2198647,41.3223699]},"properties":{"id":"poi_6a145f7cb3e7751d","name":"Osiyo Elite Cafe | Кафе Осиё Элит","aliases":[],"brand":null,"subtype":"doner_kebab","subtypes":["doner_kebab"],"sources":["overture"],"confidence":0.659,"address":null}},{"type":"Feature","geometry":{"type":"Point","coordinates":[69.23292087395731,41.31625277905742]},"properties":{"id":"poi_f9ed906c9c0bb615","name":"Osiyo Elite Restaurant","aliases":[],"brand":null,"subtype":"pizza","subtypes":["general_fast_food","pizza"],"sources":["foursquare","overture"],"confidence":0.859,"address":"Qoratosh street 2"}},{"type":"Feature","geometry":{"type":"Point","coordinates":[69.227755,41.2802027]},"properties":{"id":"poi_b0e1e39d52a2f795","name":"Osmo Uzbekistan","aliases":[],"brand":null,"subtype":"general_fast_food","subtypes":["general_fast_food"],"sources":["overture"],"confidence":0.659,"address":"ул. Арнасай 7А"}},{"type":"Feature","geometry":{"type":"Point","coordinates":[69.268075,41.2994277]},"properties":{"id":"poi_e2548de7562489dd","name":"Paisley Salad Bar","aliases":[],"brand":null,"subtype":"burger","subtypes":["burger"],"sources":["overture"],"confidence":0.659,"address":"Mirobod Ko'Chasi 17"}},{"type":"Feature","geometry":{"type":"Point","coordinates":[69.28222595733874,41.30505308657734]},"properties":{"id":"poi_0395bc3ad6d63a55","name":"Palete","aliases":[],"brand":null,"subtype":"pizza","subtypes":["pizza"],"sources":["foursquare"],"confidence":0.62,"address":null}},{"type":"Feature","geometry":{"type":"Point","coordinates":[69.27502155303955,41.30872854575724]},"properties":{"id":"poi_5796d835c97c2f87","name":"Panasia","aliases":[],"brand":null,"subtype":"general_fast_food","subtypes":["general_fast_food"],"sources":["foursquare"],"confidence":0.62,"address":"ул Лабзак, 68"}},{"type":"Feature","geometry":{"type":"Point","coordinates":[69.26023812204114,41.320706049232705]},"properties":{"id":"poi_0b04af0dce1b684e","name":"Panorama Cafe","aliases":[],"brand":null,"subtype":"food_court","subtypes":["food_court"],"sources":["foursquare"],"confidence":0.62,"address":"Шайхантахурский район"}},{"type":"Feature","geometry":{"type":"Point","coordinates":[69.28600449999999,41.3252565]},"properties":{"id":"poi_10e16d8cf3a5346f","name":"Papa John's","aliases":["Papa Johns"],"brand":null,"subtype":"general_fast_food","subtypes":["pizza","general_fast_food"],"sources":["foursquare","overture"],"confidence":0.868,"address":"Yunusobod tumani, Niyozbek yo‘li ko‘chasi, 18-uy"}},{"type":"Feature","geometry":{"type":"Point","coordinates":[69.2529935,41.3169093]},"properties":{"id":"poi_40d7960a2c8bb05b","name":"Papa John's","aliases":[],"brand":null,"subtype":"general_fast_food","subtypes":["general_fast_food"],"sources":["osm"],"confidence":0.62,"address":null}},{"type":"Feature","geometry":{"type":"Point","coordinates":[69.277323,41.3653679]},"properties":{"id":"poi_e3ff8035902a2126","name":"Papa John's","aliases":[],"brand":null,"subtype":"general_fast_food","subtypes":["general_fast_food"],"sources":["overture"],"confidence":0.668,"address":"Yunusobod tumani, 4-daha, 84-uy"}},{"type":"Feature","geometry":{"type":"Point","coordinates":[69.323606,41.335127]},"properties":{"id":"poi_5699e99802c06f7e","name":"Papa John's","aliases":[],"brand":null,"subtype":"general_fast_food","subtypes":["general_fast_food"],"sources":["overture"],"confidence":0.668,"address":"Mirzo Ulug‘bek tumani, Sayram ko‘chasi, 2-uy"}},{"type":"Feature","geometry":{"type":"Point","coordinates":[69.336726,41.327526]},"properties":{"id":"poi_d9eae7c9b6f4efbe","name":"Papa John's","aliases":[],"brand":null,"subtype":"general_fast_food","subtypes":["general_fast_food"],"sources":["overture"],"confidence":0.668,"address":"Mirzo Ulug‘bek tumani, Buyuk ipak yo‘li ko‘chasi, 123-uy"}},{"type":"Feature","geometry":{"type":"Point","coordinates":[69.328732,41.238999]},"properties":{"id":"poi_43ab34957496445f","name":"Papa John's","aliases":[],"brand":null,"subtype":"general_fast_food","subtypes":["general_fast_food"],"sources":["overture"],"confidence":0.668,"address":"Bektemir tumani, Toshkent halqa yo‘li, 17-uy"}},{"type":"Feature","geometry":{"type":"Point","coordinates":[69.27193,41.292881]},"properties":{"id":"poi_b36c4822af2af1fb","name":"Papa John's","aliases":[],"brand":null,"subtype":"general_fast_food","subtypes":["general_fast_food"],"sources":["overture"],"confidence":0.668,"address":"Mirobod tumani, Mirobod ko‘chasi, 39-uy"}},{"type":"Feature","geometry":{"type":"Point","coordinates":[69.295331,41.289882]},"properties":{"id":"poi_cc14f71312024dea","name":"Papa John's","aliases":[],"brand":null,"subtype":"general_fast_food","subtypes":["general_fast_food"],"sources":["overture"],"confidence":0.668,"address":"Mirobod tumani, Tong Yulduzi MFY, Qo'shko'prik ko'chasi 30, xona 2 G 08"}},{"type":"Feature","geometry":{"type":"Point","coordinates":[69.24653793386841,41.29879132116809]},"properties":{"id":"poi_57c734eec315b673","name":"Papa John's","aliases":[],"brand":null,"subtype":"general_fast_food","subtypes":["general_fast_food"],"sources":["overture"],"confidence":0.668,"address":"Olmazor tumani, Seulskaya ko'chasi, 183"}},{"type":"Feature","geometry":{"type":"Point","coordinates":[69.245125,41.304262]},"properties":{"id":"poi_dea2238c9571f709","name":"Papa John's","aliases":[],"brand":null,"subtype":"general_fast_food","subtypes":["general_fast_food"],"sources":["overture"],"confidence":0.668,"address":"Chilonzor tumani, Olmazor mavzesi, 183a-uy"}},{"type":"Feature","geometry":{"type":"Point","coordinates":[69.24671,41.267943]},"properties":{"id":"poi_0dcb00f20cb40ebb","name":"Papa John's","aliases":[],"brand":null,"subtype":"general_fast_food","subtypes":["general_fast_food"],"sources":["overture"],"confidence":0.668,"address":"Yakkasaroy tumani, Kushbegi ko'chasi, 30B"}},{"type":"Feature","geometry":{"type":"Point","coordinates":[69.222262,41.283076]},"properties":{"id":"poi_24de3c16f06f3dac","name":"Papa John's","aliases":[],"brand":null,"subtype":"general_fast_food","subtypes":["general_fast_food"],"sources":["overture"],"confidence":0.668,"address":"Chilonzor tumani, Chilonzor ko'chasi, 12/3"}},{"type":"Feature","geometry":{"type":"Point","coordinates":[69.2169777,41.2813259]},"properties":{"id":"poi_426db1a8147db992","name":"Papa John's","aliases":[],"brand":null,"subtype":"general_fast_food","subtypes":["general_fast_food"],"sources":["overture"],"confidence":0.668,"address":"Chilonzor tumani, Bunyodkor shoh ko‘chasi, Dream Park istirohat bog‘i"}},{"type":"Feature","geometry":{"type":"Point","coordinates":[69.207844,41.223093]},"properties":{"id":"poi_2076c10cb57b075c","name":"Papa John's","aliases":[],"brand":null,"subtype":"general_fast_food","subtypes":["general_fast_food"],"sources":["overture"],"confidence":0.668,"address":"Sergeli tumani, Mirzo Tursunzoda ko'chasi, 14"}},{"type":"Feature","geometry":{"type":"Point","coordinates":[69.2317831,41.3164995]},"properties":{"id":"poi_a7ebd269bcdf9685","name":"Papa John's","aliases":[],"brand":null,"subtype":"general_fast_food","subtypes":["general_fast_food"],"sources":["overture"],"confidence":0.668,"address":"Shayxontoxur tumani, Qoratosh ko‘chasi, 5-uy"}},{"type":"Feature","geometry":{"type":"Point","coordinates":[69.251835,41.312072]},"properties":{"id":"poi_8e1c9e753fef4ceb","name":"Papa John's","aliases":[],"brand":null,"subtype":"general_fast_food","subtypes":["general_fast_food"],"sources":["overture"],"confidence":0.668,"address":"Shayxontohur tumani, Islam Karimov ko'chasi, 1а-4"}},{"type":"Feature","geometry":{"type":"Point","coordinates":[69.252465,41.316271]},"properties":{"id":"poi_c7c6c1cfb8d16932","name":"Papa John's","aliases":[],"brand":null,"subtype":"general_fast_food","subtypes":["general_fast_food"],"sources":["overture"],"confidence":0.668,"address":"Shaykhantakhur district, Botir Zokirov ko'chasi, 7; 3-etaj"}},{"type":"Feature","geometry":{"type":"Point","coordinates":[69.253907,41.339935]},"properties":{"id":"poi_6ace076a12b08035","name":"Papa John's","aliases":[],"brand":null,"subtype":"general_fast_food","subtypes":["general_fast_food"],"sources":["overture"],"confidence":0.668,"address":"Olmazor tumani, Nurafshon ko'chasi, 4"}},{"type":"Feature","geometry":{"type":"Point","coordinates":[69.20520818324107,41.34513213685421]},"properties":{"id":"poi_c68467419a326f37","name":"Papa John's","aliases":[],"brand":null,"subtype":"general_fast_food","subtypes":["general_fast_food"],"sources":["overture"],"confidence":0.668,"address":"Shayoxontoxur tumani, Beruniy ko'chasi 41-uy"}},{"type":"Feature","geometry":{"type":"Point","coordinates":[69.2529792,41.3117768]},"properties":{"id":"poi_e133d897449fd867","name":"Papa Johns Pizza","aliases":[],"brand":null,"subtype":"pizza","subtypes":["pizza"],"sources":["osm"],"confidence":0.62,"address":null}},{"type":"Feature","geometry":{"type":"Point","coordinates":[69.3229634,41.3727267]},"properties":{"id":"poi_4f5c317cd0ce774b","name":"Papa Johns Pizza","aliases":[],"brand":null,"subtype":"pizza","subtypes":["pizza"],"sources":["overture"],"confidence":0.712,"address":"Xalqa Avtomobil Yo'li Tashkent 17"}},{"type":"Feature","geometry":{"type":"Point","coordinates":[69.324458,41.3317732]},"properties":{"id":"poi_0ecd8606da4fd323","name":"Papa Johns Pizza","aliases":[],"brand":null,"subtype":"pizza","subtypes":["pizza"],"sources":["overture"],"confidence":0.712,"address":"Sayram Street Tashkent 2"}},{"type":"Feature","geometry":{"type":"Point","coordinates":[69.2400734,41.2994958]},"properties":{"id":"poi_b0d5ad3c5321b0d5","name":"Papa Johns Pizza","aliases":[],"brand":null,"subtype":"pizza","subtypes":["pizza"],"sources":["overture"],"confidence":0.712,"address":"Niyozbek Tashkent 2A"}},{"type":"Feature","geometry":{"type":"Point","coordinates":[69.2281531,41.3645355]},"properties":{"id":"poi_cd097f88e97f0756","name":"Papa Johns Pizza","aliases":[],"brand":null,"subtype":"pizza","subtypes":["pizza"],"sources":["overture"],"confidence":0.712,"address":"Olmazar Tashkent 2A"}},{"type":"Feature","geometry":{"type":"Point","coordinates":[69.23184037480928,41.31640047058355]},"properties":{"id":"poi_e3cd5e2ef15d401a","name":"PaPa RaZZi - grilled chicken (Samarqand Darvoza)","aliases":[],"brand":null,"subtype":"chicken","subtypes":["chicken"],"sources":["foursquare"],"confidence":0.62,"address":"5A, Karatash Street"}},{"type":"Feature","geometry":{"type":"Point","coordinates":[69.2448521,41.2777742]},"properties":{"id":"poi_6c30272e8ac97155","name":"Papas Fritas","aliases":[],"brand":null,"subtype":"general_fast_food","subtypes":["general_fast_food"],"sources":["overture"],"confidence":0.697,"address":"Qushbegi Ko'Chasi 1"}},{"type":"Feature","geometry":{"type":"Point","coordinates":[69.3472073,41.286849]},"properties":{"id":"poi_cd867d04b4db5faa","name":"Papayes","aliases":[],"brand":null,"subtype":"general_fast_food","subtypes":["general_fast_food"],"sources":["overture"],"confidence":0.734,"address":"Beshariq Ko'Chasi 13"}},{"type":"Feature","geometry":{"type":"Point","coordinates":[69.264269,41.302126]},"properties":{"id":"poi_e56efa9fe20b7242","name":"Paşa Kebap Restaurant","aliases":[],"brand":null,"subtype":"doner_kebab","subtypes":["doner_kebab"],"sources":["foursquare"],"confidence":0.62,"address":null}},{"type":"Feature","geometry":{"type":"Point","coordinates":[69.264209,41.302122]},"properties":{"id":"poi_993465c2876036a8","name":"Paşa Kebap Restoran","aliases":[],"brand":null,"subtype":"doner_kebab","subtypes":["doner_kebab"],"sources":["foursquare"],"confidence":0.62,"address":"Yusuf Hos Hojib Caddesi"}},{"type":"Feature","geometry":{"type":"Point","coordinates":[69.228959,41.329827]},"properties":{"id":"poi_eaa17f88fdd3cc37","name":"Paxta Ko’cha Kabob","aliases":[],"brand":null,"subtype":"doner_kebab","subtypes":["doner_kebab"],"sources":["foursquare"],"confidence":0.62,"address":null}},{"type":"Feature","geometry":{"type":"Point","coordinates":[69.29185,41.30961]},"properties":{"id":"poi_1ea9d3f8474e8099","name":"Pelican Beer & Fish","aliases":[],"brand":null,"subtype":"general_fast_food","subtypes":["general_fast_food"],"sources":["foursquare"],"confidence":0.62,"address":"Sodiq Azimov Street"}},{"type":"Feature","geometry":{"type":"Point","coordinates":[69.30085,41.325504]},"properties":{"id":"poi_5235808f18a75439","name":"People's Food","aliases":[],"brand":null,"subtype":"burger","subtypes":["burger"],"sources":["foursquare"],"confidence":0.62,"address":null}},{"type":"Feature","geometry":{"type":"Point","coordinates":[69.3087127,41.276057025]},"properties":{"id":"poi_522ea292fb0eabd1","name":"Perfetto","aliases":["Perfetto Fast Food"],"brand":null,"subtype":"general_fast_food","subtypes":["general_fast_food"],"sources":["foursquare","osm"],"confidence":0.82,"address":null}},{"type":"Feature","geometry":{"type":"Point","coordinates":[69.2902998,41.3803662]},"properties":{"id":"poi_fcbe291c56f8a44c","name":"Pétrovič Restaurant (Пэтрович)","aliases":[],"brand":null,"subtype":"general_fast_food","subtypes":["general_fast_food"],"sources":["overture"],"confidence":0.697,"address":"Mavlonov Riyoziy kochasi"}},{"type":"Feature","geometry":{"type":"Point","coordinates":[69.2777528,41.3285658]},"properties":{"id":"poi_727af17e599003a3","name":"Piccante","aliases":[],"brand":null,"subtype":"general_fast_food","subtypes":["general_fast_food"],"sources":["overture"],"confidence":0.697,"address":"88/62 Ул. Осиё"}},{"type":"Feature","geometry":{"type":"Point","coordinates":[69.2656446,41.2951233]},"properties":{"id":"poi_c18285cf581cc2a8","name":"Pirogi.uz","aliases":[],"brand":null,"subtype":"pizza","subtypes":["pizza"],"sources":["overture"],"confidence":0.659,"address":"ТЦ Атриум, ул. Махтумкули 3/6"}},{"type":"Feature","geometry":{"type":"Point","coordinates":[69.206268,41.322147]},"properties":{"id":"poi_bc2dfdf2b3ec835b","name":"Pitta Center","aliases":[],"brand":null,"subtype":"general_fast_food","subtypes":["general_fast_food"],"sources":["foursquare"],"confidence":0.62,"address":null}},{"type":"Feature","geometry":{"type":"Point","coordinates":[69.35567628450492,41.292890781437805]},"properties":{"id":"poi_f4ead7837b10a775","name":"Pizza","aliases":[],"brand":null,"subtype":"pizza","subtypes":["pizza"],"sources":["foursquare","overture"],"confidence":0.859,"address":null}},{"type":"Feature","geometry":{"type":"Point","coordinates":[69.2646555,41.3272115]},"properties":{"id":"poi_fb6a027a0af33914","name":"Pizza and More","aliases":[],"brand":null,"subtype":"pizza","subtypes":["pizza"],"sources":["overture"],"confidence":0.734,"address":"Лабзак, 12/3"}},{"type":"Feature","geometry":{"type":"Point","coordinates":[69.27146335953746,41.30984442898464]},"properties":{"id":"poi_cc455633a2ed22ee","name":"PIZZA BAKERY","aliases":[],"brand":null,"subtype":"pizza","subtypes":["pizza"],"sources":["foursquare"],"confidence":0.62,"address":null}},{"type":"Feature","geometry":{"type":"Point","coordinates":[69.278018,41.315772]},"properties":{"id":"poi_191fecace5d9628f","name":"Pizza Bistro&Bar","aliases":[],"brand":null,"subtype":"pizza","subtypes":["pizza"],"sources":["foursquare"],"confidence":0.62,"address":null}},{"type":"Feature","geometry":{"type":"Point","coordinates":[69.3222821,41.3228667]},"properties":{"id":"poi_1b3441f860cad896","name":"Pizza Express Tashkent","aliases":[],"brand":null,"subtype":"pizza","subtypes":["pizza"],"sources":["overture"],"confidence":0.659,"address":"Проспект Мирзо Улугбека 49/36"}},{"type":"Feature","geometry":{"type":"Point","coordinates":[69.22256251642213,41.284464426426894]},"properties":{"id":"poi_da97204e2ddd703f","name":"Pizza Fusion","aliases":[],"brand":null,"subtype":"pizza","subtypes":["pizza"],"sources":["foursquare"],"confidence":0.62,"address":"Ул.Чиланзар,55Б"}},{"type":"Feature","geometry":{"type":"Point","coordinates":[69.29827880859375,41.3256721496582]},"properties":{"id":"poi_c349b64d9fe1e955","name":"Pizza Hot","aliases":[],"brand":null,"subtype":"burger","subtypes":["burger"],"sources":["foursquare"],"confidence":0.62,"address":null}},{"type":"Feature","geometry":{"type":"Point","coordinates":[69.28692990610149,41.36947330229524]},"properties":{"id":"poi_a96ec7011b36948a","name":"Pizza Hut","aliases":[],"brand":null,"subtype":"pizza","subtypes":["pizza"],"sources":["foursquare"],"confidence":0.62,"address":null}},{"type":"Feature","geometry":{"type":"Point","coordinates":[69.2597348,41.2990906]},"properties":{"id":"poi_410d2aab7b325683","name":"Pizza Moscow","aliases":[],"brand":null,"subtype":"pizza","subtypes":["pizza"],"sources":["osm"],"confidence":0.62,"address":null}},{"type":"Feature","geometry":{"type":"Point","coordinates":[69.2599005423855,41.323797204004535]},"properties":{"id":"poi_68af3ab4b960c487","name":"Pizza Nova","aliases":[],"brand":null,"subtype":"pizza","subtypes":["pizza"],"sources":["foursquare"],"confidence":0.62,"address":null}},{"type":"Feature","geometry":{"type":"Point","coordinates":[69.28731404006838,41.29971059933255]},"properties":{"id":"poi_7a1d1b78f2fab31f","name":"Pizza Papa Johns","aliases":[],"brand":null,"subtype":"pizza","subtypes":["pizza"],"sources":["foursquare"],"confidence":0.62,"address":null}},{"type":"Feature","geometry":{"type":"Point","coordinates":[69.27172,41.292828]},"properties":{"id":"poi_26bd92dd3b86722b","name":"Pizza Papa Johns","aliases":[],"brand":null,"subtype":"pizza","subtypes":["pizza"],"sources":["foursquare"],"confidence":0.62,"address":null}},{"type":"Feature","geometry":{"type":"Point","coordinates":[69.28704743635254,41.339775285524105]},"properties":{"id":"poi_cc33640637645d81","name":"Pizza Planet","aliases":[],"brand":null,"subtype":"pizza","subtypes":["pizza"],"sources":["foursquare","osm"],"confidence":0.82,"address":"ул. Богишамол д. 3 кв. 63"}},{"type":"Feature","geometry":{"type":"Point","coordinates":[69.24319824209118,41.29268294841263]},"properties":{"id":"poi_7e0f29a7a408c4ed","name":"Pizza Village","aliases":[],"brand":null,"subtype":"pizza","subtypes":["pizza"],"sources":["foursquare","overture"],"confidence":0.859,"address":"ул. Урикзор, 108"}},{"type":"Feature","geometry":{"type":"Point","coordinates":[69.2500374,41.3311188]},"properties":{"id":"poi_764445af19831866","name":"pizza_nice_fastfood","aliases":[],"brand":null,"subtype":"pizza","subtypes":["pizza"],"sources":["overture"],"confidence":0.697,"address":"Ул.Себзор дом №4Б, Алмазарский район"}},{"type":"Feature","geometry":{"type":"Point","coordinates":[69.22092113186429,41.225146222106396]},"properties":{"id":"poi_294dbef0d2a45e6c","name":"PizzaMania","aliases":[],"brand":null,"subtype":"pizza","subtypes":["pizza"],"sources":["foursquare"],"confidence":0.62,"address":"Yangi Sirgali kochasi"}},{"type":"Feature","geometry":{"type":"Point","coordinates":[69.240631,41.302263]},"properties":{"id":"poi_c4eb81a6f3e301f5","name":"Pizzeria","aliases":[],"brand":null,"subtype":"pizza","subtypes":["pizza"],"sources":["foursquare"],"confidence":0.62,"address":"Magic City"}},{"type":"Feature","geometry":{"type":"Point","coordinates":[69.2476635,41.2795248]},"properties":{"id":"poi_7a8fd082de5449ea","name":"Pizzeria Bella Napoli","aliases":[],"brand":null,"subtype":"pizza","subtypes":["pizza"],"sources":["overture"],"confidence":0.734,"address":"Shota Rustaveli Ko'Chasi 51"}},{"type":"Feature","geometry":{"type":"Point","coordinates":[69.343501,41.2900717]},"properties":{"id":"poi_806e09a39328672c","name":"Pizzeria da Daniele","aliases":[],"brand":null,"subtype":"pizza","subtypes":["pizza"],"sources":["overture"],"confidence":0.734,"address":"Aviasozlar Ko'Chasi 36"}},{"type":"Feature","geometry":{"type":"Point","coordinates":[69.23088575,41.3162847]},"properties":{"id":"poi_cfe5b5849297c91c","name":"Planet Burger","aliases":[],"brand":null,"subtype":"burger","subtypes":["burger"],"sources":["foursquare","overture"],"confidence":0.934,"address":"Шайхантохурский р-н"}},{"type":"Feature","geometry":{"type":"Point","coordinates":[69.23133399402992,41.31700200819992]},"properties":{"id":"poi_1ac3ec0dd28d615c","name":"PLANET BURGER ( Samarqand Darvoza  ТРЦ)","aliases":[],"brand":null,"subtype":"burger","subtypes":["burger"],"sources":["foursquare"],"confidence":0.62,"address":null}},{"type":"Feature","geometry":{"type":"Point","coordinates":[69.28053347578089,41.292454995466315]},"properties":{"id":"poi_8bed76db8c682d92","name":"Pollo-city","aliases":[],"brand":null,"subtype":"general_fast_food","subtypes":["general_fast_food"],"sources":["foursquare"],"confidence":0.62,"address":"Ул. Усмана Насыра"}},{"type":"Feature","geometry":{"type":"Point","coordinates":[69.21981523331135,41.22623589237804]},"properties":{"id":"poi_eba2fbc871b08346","name":"Polo Fritto","aliases":[],"brand":null,"subtype":"chicken","subtypes":["chicken"],"sources":["foursquare"],"confidence":0.62,"address":"Сергели 6"}},{"type":"Feature","geometry":{"type":"Point","coordinates":[69.333466,41.31086]},"properties":{"id":"poi_5969182dbee4a889","name":"Pomod'oro","aliases":[],"brand":null,"subtype":"pizza","subtypes":["pizza"],"sources":["foursquare"],"confidence":0.62,"address":"Parkent ko’chasi, 170"}},{"type":"Feature","geometry":{"type":"Point","coordinates":[69.28811645507812,41.36239242553711]},"properties":{"id":"poi_781de9cd67e00665","name":"popcorn universam","aliases":[],"brand":null,"subtype":"street_food","subtypes":["street_food"],"sources":["foursquare"],"confidence":0.62,"address":null}},{"type":"Feature","geometry":{"type":"Point","coordinates":[69.2492646,41.2980041]},"properties":{"id":"poi_5d5b502be035c95e","name":"Puro","aliases":[],"brand":null,"subtype":"general_fast_food","subtypes":["general_fast_food"],"sources":["osm"],"confidence":0.62,"address":null}},{"type":"Feature","geometry":{"type":"Point","coordinates":[69.343503,41.328365]},"properties":{"id":"poi_e75503dbb487b3f9","name":"Qamish Xorazm Burger","aliases":[],"brand":null,"subtype":"burger","subtypes":["burger"],"sources":["foursquare"],"confidence":0.62,"address":null}},{"type":"Feature","geometry":{"type":"Point","coordinates":[69.20433349999999,41.285693800000004]},"properties":{"id":"poi_3a4321a1e12d9a3f","name":"Qamish Xorazm Gamburgeri","aliases":[],"brand":null,"subtype":"burger","subtypes":["burger"],"sources":["foursquare","overture"],"confidence":0.897,"address":null}},{"type":"Feature","geometry":{"type":"Point","coordinates":[69.2453256,41.277027]},"properties":{"id":"poi_c445b7d221d007b2","name":"Qanotchi","aliases":[],"brand":null,"subtype":"chicken","subtypes":["chicken"],"sources":["overture"],"confidence":0.734,"address":null}},{"type":"Feature","geometry":{"type":"Point","coordinates":[69.22747,41.21562]},"properties":{"id":"poi_869dfe502ddfe472","name":"Qarsillama Somsa","aliases":[],"brand":null,"subtype":"food_court","subtypes":["food_court"],"sources":["foursquare"],"confidence":0.62,"address":"Sergeli"}},{"type":"Feature","geometry":{"type":"Point","coordinates":[69.288483,41.375658]},"properties":{"id":"poi_368450664e791dc2","name":"Qashqadaryo Tandir Gõsht | Тандир Гушт Уч Кахрамон","aliases":[],"brand":null,"subtype":"doner_kebab","subtypes":["doner_kebab"],"sources":["foursquare"],"confidence":0.62,"address":null}},{"type":"Feature","geometry":{"type":"Point","coordinates":[69.2503154,41.2933102]},"properties":{"id":"poi_798303e475efc5f2","name":"Qatlama somsa","aliases":[],"brand":null,"subtype":"general_fast_food","subtypes":["general_fast_food"],"sources":["osm"],"confidence":0.62,"address":null}},{"type":"Feature","geometry":{"type":"Point","coordinates":[69.2677506,41.2949147]},"properties":{"id":"poi_28e2fd7668b47c32","name":"Qatlamali Somsa","aliases":[],"brand":null,"subtype":"general_fast_food","subtypes":["general_fast_food"],"sources":["osm"],"confidence":0.62,"address":null}},{"type":"Feature","geometry":{"type":"Point","coordinates":[69.1932792127519,41.30228869754999]},"properties":{"id":"poi_2dfb04ab2844694c","name":"Qodirbek","aliases":[],"brand":null,"subtype":"chicken","subtypes":["chicken"],"sources":["foursquare"],"confidence":0.62,"address":null}},{"type":"Feature","geometry":{"type":"Point","coordinates":[69.216351,41.361328]},"properties":{"id":"poi_e3fce1cdbb4c2606","name":"Qora qamish tabaka","aliases":[],"brand":null,"subtype":"chicken","subtypes":["chicken"],"sources":["foursquare"],"confidence":0.62,"address":null}},{"type":"Feature","geometry":{"type":"Point","coordinates":[69.301704,41.248869]},"properties":{"id":"poi_5b2d92f19b730da5","name":"Qotepa Lavash","aliases":[],"brand":null,"subtype":"doner_kebab","subtypes":["doner_kebab"],"sources":["foursquare"],"confidence":0.62,"address":null}},{"type":"Feature","geometry":{"type":"Point","coordinates":[69.251227,41.241854]},"properties":{"id":"poi_c63d439ffa557171","name":"Qum Ariq Mosque","aliases":[],"brand":null,"subtype":"general_fast_food","subtypes":["general_fast_food"],"sources":["overture"],"confidence":0.697,"address":"Qum Ariq"}},{"type":"Feature","geometry":{"type":"Point","coordinates":[69.244961,41.2735717]},"properties":{"id":"poi_c3cea0b20b582678","name":"Qushbegi Zigir Osh Markazi","aliases":[],"brand":null,"subtype":"general_fast_food","subtypes":["general_fast_food"],"sources":["overture"],"confidence":0.738,"address":"Payshanba Zig'ir osh"}},{"type":"Feature","geometry":{"type":"Point","coordinates":[69.22904654736067,41.32258026562477]},"properties":{"id":"poi_6e5c077111a06c1f","name":"Rahyon Milliy Taomlar","aliases":[],"brand":null,"subtype":"food_court","subtypes":["food_court"],"sources":["foursquare"],"confidence":0.62,"address":null}},{"type":"Feature","geometry":{"type":"Point","coordinates":[69.2861985,41.3107065]},"properties":{"id":"poi_8f6ca04cad8ae3b5","name":"Raj Kapoor Restaurant","aliases":[],"brand":null,"subtype":"general_fast_food","subtypes":["general_fast_food"],"sources":["overture"],"confidence":0.697,"address":"Le Grande Plaza Hotel, O'zbekiston Ovozi Ko'Chasi 2, Toshkent, O'zbekiston"}},{"type":"Feature","geometry":{"type":"Point","coordinates":[69.2356313,41.3299316]},"properties":{"id":"poi_2111813b93e4b56f","name":"Ramazon","aliases":[],"brand":null,"subtype":"general_fast_food","subtypes":["general_fast_food"],"sources":["osm"],"confidence":0.62,"address":null}},{"type":"Feature","geometry":{"type":"Point","coordinates":[69.22727712020793,41.30063286785121]},"properties":{"id":"poi_488c3248975af7a4","name":"Red Burger","aliases":[],"brand":null,"subtype":"burger","subtypes":["burger"],"sources":["foursquare"],"confidence":0.62,"address":null}},{"type":"Feature","geometry":{"type":"Point","coordinates":[69.24901063985808,41.32892337564307]},"properties":{"id":"poi_e1f0359c52f0c349","name":"Red Burger","aliases":[],"brand":null,"subtype":"burger","subtypes":["burger"],"sources":["foursquare"],"confidence":0.62,"address":null}},{"type":"Feature","geometry":{"type":"Point","coordinates":[69.19276117599297,41.32239798645761]},"properties":{"id":"poi_9dd360ab810c7d17","name":"Red Burger Gulzar","aliases":[],"brand":null,"subtype":"burger","subtypes":["burger"],"sources":["foursquare"],"confidence":0.62,"address":null}},{"type":"Feature","geometry":{"type":"Point","coordinates":[69.27319412751605,41.29880484349153]},"properties":{"id":"poi_363dd5640f9ca73c","name":"Redbus","aliases":[],"brand":null,"subtype":"street_food","subtypes":["street_food"],"sources":["foursquare"],"confidence":0.62,"address":null}},{"type":"Feature","geometry":{"type":"Point","coordinates":[69.16216755843115,41.31326047067989]},"properties":{"id":"poi_4535ae100f8ce3b5","name":"Restaran \"Malika\"","aliases":[],"brand":null,"subtype":"chicken","subtypes":["chicken"],"sources":["foursquare"],"confidence":0.62,"address":"Farrobiy Ko'cha"}},{"type":"Feature","geometry":{"type":"Point","coordinates":[69.241855,41.299537]},"properties":{"id":"poi_a0e227fcd44e04a7","name":"Restaurant \"Lazgi\"","aliases":[],"brand":null,"subtype":"food_court","subtypes":["food_court"],"sources":["foursquare"],"confidence":0.62,"address":"Байналминал"}},{"type":"Feature","geometry":{"type":"Point","coordinates":[69.2098014,41.3412475]},"properties":{"id":"poi_cea30e5b83891b36","name":"Restaurant Asr","aliases":[],"brand":null,"subtype":"general_fast_food","subtypes":["general_fast_food"],"sources":["overture"],"confidence":0.697,"address":null}},{"type":"Feature","geometry":{"type":"Point","coordinates":[69.1591797,41.3058662]},"properties":{"id":"poi_ad8968ce924dc0fb","name":"Restaurant GRAND. Nazarbek.","aliases":[],"brand":null,"subtype":"general_fast_food","subtypes":["general_fast_food"],"sources":["overture"],"confidence":0.659,"address":null}},{"type":"Feature","geometry":{"type":"Point","coordinates":[69.25,41.3167]},"properties":{"id":"poi_0e7e0bfaad4b3dbf","name":"Restoran AFRUZ","aliases":[],"brand":null,"subtype":"general_fast_food","subtypes":["general_fast_food"],"sources":["overture"],"confidence":0.659,"address":"Lutfiy Ko'Chasi 40"}},{"type":"Feature","geometry":{"type":"Point","coordinates":[69.2512081,41.2880999]},"properties":{"id":"poi_aff3dc8ed4e5640a","name":"Restoran Bobur","aliases":[],"brand":null,"subtype":"general_fast_food","subtypes":["general_fast_food"],"sources":["overture"],"confidence":0.734,"address":"Babur Street 34"}},{"type":"Feature","geometry":{"type":"Point","coordinates":[69.3051191,41.3838563]},"properties":{"id":"poi_6e7725b8e7a3df17","name":"Restoran Chashma","aliases":[],"brand":null,"subtype":"general_fast_food","subtypes":["general_fast_food"],"sources":["overture"],"confidence":0.697,"address":"Uzbekistan"}},{"type":"Feature","geometry":{"type":"Point","coordinates":[69.2026852,41.2820968]},"properties":{"id":"poi_39333fe109012c6d","name":"Restoran Oqshom","aliases":[],"brand":null,"subtype":"general_fast_food","subtypes":["general_fast_food"],"sources":["overture"],"confidence":0.734,"address":"Chilanzar"}},{"type":"Feature","geometry":{"type":"Point","coordinates":[69.3177804,41.3184687]},"properties":{"id":"poi_3f03235ef40e0a69","name":"Restoran Sayyor","aliases":[],"brand":null,"subtype":"general_fast_food","subtypes":["general_fast_food"],"sources":["overture"],"confidence":0.734,"address":"Mirzo Ulugbek Avenue 11"}},{"type":"Feature","geometry":{"type":"Point","coordinates":[69.2584221752393,41.28976284660455]},"properties":{"id":"poi_52b93a5fe3afd10e","name":"Restoriya","aliases":[],"brand":null,"subtype":"general_fast_food","subtypes":["general_fast_food"],"sources":["foursquare"],"confidence":0.62,"address":null}},{"type":"Feature","geometry":{"type":"Point","coordinates":[69.22445418047529,41.28339146439108]},"properties":{"id":"poi_7bdf908bf2415b63","name":"Restoriya","aliases":[],"brand":null,"subtype":"general_fast_food","subtypes":["general_fast_food"],"sources":["foursquare"],"confidence":0.62,"address":"Торговый центр улица Гагарина"}},{"type":"Feature","geometry":{"type":"Point","coordinates":[69.16135265077175,41.261841921107916]},"properties":{"id":"poi_5f60637cf7b92b32","name":"restourant Karomat","aliases":[],"brand":null,"subtype":"chicken","subtypes":["chicken"],"sources":["foursquare"],"confidence":0.62,"address":null}},{"type":"Feature","geometry":{"type":"Point","coordinates":[69.2512733,41.3276672]},"properties":{"id":"poi_955a39cf28107946","name":"Retro Non Kabob","aliases":[],"brand":null,"subtype":"general_fast_food","subtypes":["general_fast_food"],"sources":["osm"],"confidence":0.62,"address":null}},{"type":"Feature","geometry":{"type":"Point","coordinates":[69.332504,41.326858]},"properties":{"id":"poi_81802bf0101038e6","name":"Rich Burger","aliases":[],"brand":null,"subtype":"burger","subtypes":["burger"],"sources":["foursquare","overture"],"confidence":0.859,"address":null}},{"type":"Feature","geometry":{"type":"Point","coordinates":[69.302897,41.316316]},"properties":{"id":"poi_c4ab9f08bc609d98","name":"Rico’s Pizza Italiano","aliases":[],"brand":null,"subtype":"pizza","subtypes":["pizza"],"sources":["foursquare"],"confidence":0.62,"address":"Asaka Street 26/20"}},{"type":"Feature","geometry":{"type":"Point","coordinates":[69.2149542,41.334279]},"properties":{"id":"poi_8edeec622d741c1a","name":"RIO - Doner, Gril, Mangal","aliases":[],"brand":null,"subtype":"doner_kebab","subtypes":["doner_kebab"],"sources":["osm"],"confidence":0.62,"address":null}},{"type":"Feature","geometry":{"type":"Point","coordinates":[69.21550750732422,41.334007263183594]},"properties":{"id":"poi_3a23426ab2269652","name":"RIO ( Fast Food)","aliases":[],"brand":null,"subtype":"burger","subtypes":["burger"],"sources":["foursquare"],"confidence":0.62,"address":null}},{"type":"Feature","geometry":{"type":"Point","coordinates":[69.2716847,41.295021]},"properties":{"id":"poi_79338e07de910dad","name":"Ristorante Semo de'Roma","aliases":[],"brand":null,"subtype":"pizza","subtypes":["pizza"],"sources":["overture"],"confidence":0.659,"address":"Chekhov Light, Shahrisabz Ko'Chasi 22"}},{"type":"Feature","geometry":{"type":"Point","coordinates":[69.2249984741211,41.284019470214844]},"properties":{"id":"poi_5f5136194333dcc7","name":"Robin Bobin","aliases":[],"brand":null,"subtype":"general_fast_food","subtypes":["general_fast_food"],"sources":["foursquare"],"confidence":0.62,"address":null}},{"type":"Feature","geometry":{"type":"Point","coordinates":[69.2472497,41.290607]},"properties":{"id":"poi_d64d91a0f9566e06","name":"Rokat somsa","aliases":[],"brand":null,"subtype":"general_fast_food","subtypes":["general_fast_food"],"sources":["osm"],"confidence":0.62,"address":null}},{"type":"Feature","geometry":{"type":"Point","coordinates":[69.22687769999999,41.2894419]},"properties":{"id":"poi_ca71cb48dafbf083","name":"Roma pizza","aliases":["Roma Pizza"],"brand":null,"subtype":"pizza","subtypes":["pizza"],"sources":["osm","overture"],"confidence":0.934,"address":"Mukimi Street"}},{"type":"Feature","geometry":{"type":"Point","coordinates":[69.255171,41.34887]},"properties":{"id":"poi_48b94d7e7d9844f8","name":"Roma Pizza","aliases":[],"brand":null,"subtype":"pizza","subtypes":["pizza"],"sources":["foursquare"],"confidence":0.62,"address":null}},{"type":"Feature","geometry":{"type":"Point","coordinates":[69.28766,41.339764]},"properties":{"id":"poi_333ff30dae4a3a67","name":"Roma Pizza","aliases":[],"brand":null,"subtype":"pizza","subtypes":["pizza"],"sources":["foursquare"],"confidence":0.62,"address":"ул. Богишамол, 3"}},{"type":"Feature","geometry":{"type":"Point","coordinates":[69.2462724,41.3035939]},"properties":{"id":"poi_fe1e39c1bd8d9e9c","name":"Roma Pizza","aliases":[],"brand":null,"subtype":"pizza","subtypes":["pizza"],"sources":["osm"],"confidence":0.62,"address":null}},{"type":"Feature","geometry":{"type":"Point","coordinates":[69.2823333,41.3080074]},"properties":{"id":"poi_2c3dda5904eec5a2","name":"Roni Napoletana","aliases":[],"brand":null,"subtype":"general_fast_food","subtypes":["general_fast_food"],"sources":["osm"],"confidence":0.62,"address":null}},{"type":"Feature","geometry":{"type":"Point","coordinates":[69.28052550000001,41.2976302]},"properties":{"id":"poi_2b024f5123153e73","name":"Roni Napoletana","aliases":[],"brand":null,"subtype":"general_fast_food","subtypes":["general_fast_food"],"sources":["osm"],"confidence":0.62,"address":null}},{"type":"Feature","geometry":{"type":"Point","coordinates":[69.2454092,41.3172344]},"properties":{"id":"poi_364bb1a7a1b0cb82","name":"Roni Napolitana","aliases":["Roni Pizza Napoletana"],"brand":null,"subtype":"general_fast_food","subtypes":["pizza","general_fast_food"],"sources":["foursquare","osm","overture"],"confidence":0.98,"address":"Ukchi Street, 6"}},{"type":"Feature","geometry":{"type":"Point","coordinates":[69.28257735,41.30803305]},"properties":{"id":"poi_fc1526ca217e8205","name":"Roni Pizza Napoletana","aliases":[],"brand":null,"subtype":"pizza","subtypes":["pizza"],"sources":["foursquare","overture"],"confidence":0.939,"address":"Istiqbol Street, 8"}},{"type":"Feature","geometry":{"type":"Point","coordinates":[69.2814434,41.29689505]},"properties":{"id":"poi_49c7968327f03b6c","name":"RONI Pizza Napoletana","aliases":["Roni Pizza Napoletena&Bar"],"brand":null,"subtype":"pizza","subtypes":["pizza"],"sources":["foursquare","overture"],"confidence":0.934,"address":"Тараса Шевченко улица, 21А"}},{"type":"Feature","geometry":{"type":"Point","coordinates":[69.1991743,41.2790587]},"properties":{"id":"poi_045d10284e1bb61f","name":"Rosh Chec","aliases":[],"brand":null,"subtype":"general_fast_food","subtypes":["general_fast_food"],"sources":["overture"],"confidence":0.734,"address":"Магазин Шухрат"}},{"type":"Feature","geometry":{"type":"Point","coordinates":[69.24482577271306,41.278590727953556]},"properties":{"id":"poi_8fe294ce86f6a30c","name":"ROYAL  Chicken food","aliases":[],"brand":null,"subtype":"chicken","subtypes":["chicken"],"sources":["foursquare"],"confidence":0.62,"address":null}},{"type":"Feature","geometry":{"type":"Point","coordinates":[69.202336093065,41.27026588561994]},"properties":{"id":"poi_7ad8fe58e401bc2d","name":"Rozi Food","aliases":[],"brand":null,"subtype":"general_fast_food","subtypes":["general_fast_food"],"sources":["foursquare"],"confidence":0.62,"address":"Chilanzar"}},{"type":"Feature","geometry":{"type":"Point","coordinates":[69.2746604,41.3053558]},"properties":{"id":"poi_f7124331843b5912","name":"rukkola","aliases":[],"brand":null,"subtype":"general_fast_food","subtypes":["general_fast_food"],"sources":["overture"],"confidence":0.734,"address":"Тарас Шевченко өтпесі 8"}},{"type":"Feature","geometry":{"type":"Point","coordinates":[69.2475166,41.3048535]},"properties":{"id":"poi_a32c28d7676f84b1","name":"Saad","aliases":[],"brand":null,"subtype":"general_fast_food","subtypes":["general_fast_food"],"sources":["osm"],"confidence":0.62,"address":null}},{"type":"Feature","geometry":{"type":"Point","coordinates":[69.2864854,41.3181993]},"properties":{"id":"poi_a242df1825f611b3","name":"Saad doner","aliases":[],"brand":null,"subtype":"doner_kebab","subtypes":["doner_kebab"],"sources":["osm"],"confidence":0.62,"address":null}},{"type":"Feature","geometry":{"type":"Point","coordinates":[69.24762,41.3048259]},"properties":{"id":"poi_51e3a9973e6c1fe3","name":"SAAD Doner Beshyog'och","aliases":[],"brand":null,"subtype":"doner_kebab","subtypes":["doner_kebab"],"sources":["overture"],"confidence":0.734,"address":"Furqat Ko'Chasi 165"}},{"type":"Feature","geometry":{"type":"Point","coordinates":[69.2606397253064,41.25937994752997]},"properties":{"id":"poi_f3584513aa5b30ad","name":"Sab-Bax Chicken","aliases":[],"brand":null,"subtype":"chicken","subtypes":["chicken"],"sources":["foursquare"],"confidence":0.62,"address":null}},{"type":"Feature","geometry":{"type":"Point","coordinates":[69.2618373,41.2824853]},"properties":{"id":"poi_38b7d16489a321c4","name":"SAFIA cafe&bakery","aliases":[],"brand":null,"subtype":"general_fast_food","subtypes":["general_fast_food"],"sources":["overture"],"confidence":0.697,"address":"ул нукус"}},{"type":"Feature","geometry":{"type":"Point","coordinates":[69.2270094,41.3492412]},"properties":{"id":"poi_abc12a0c369a7734","name":"Sag'bon Osh Markazi","aliases":[],"brand":null,"subtype":"general_fast_food","subtypes":["general_fast_food"],"sources":["overture"],"confidence":0.697,"address":"Sag'bon Guzari"}},{"type":"Feature","geometry":{"type":"Point","coordinates":[69.229314,41.3184401]},"properties":{"id":"poi_c2f960d3cd2f1d40","name":"Salima ona somsalari","aliases":[],"brand":null,"subtype":"general_fast_food","subtypes":["general_fast_food"],"sources":["osm"],"confidence":0.62,"address":null}},{"type":"Feature","geometry":{"type":"Point","coordinates":[69.2108163,41.3225378]},"properties":{"id":"poi_6ce6cc297909420b","name":"Salima ona somsalari","aliases":[],"brand":null,"subtype":"street_food","subtypes":["street_food"],"sources":["overture"],"confidence":0.734,"address":null}},{"type":"Feature","geometry":{"type":"Point","coordinates":[69.2626124,41.2922529]},"properties":{"id":"poi_3af7ac35eacaf22f","name":"Salvador Dali","aliases":[],"brand":null,"subtype":"general_fast_food","subtypes":["general_fast_food"],"sources":["overture"],"confidence":0.659,"address":null}},{"type":"Feature","geometry":{"type":"Point","coordinates":[69.3214,41.31514]},"properties":{"id":"poi_d5e861eb1c7e86c8","name":"Sam Osh","aliases":[],"brand":null,"subtype":"general_fast_food","subtypes":["general_fast_food"],"sources":["overture"],"confidence":0.697,"address":"Parkent ko'chasi"}},{"type":"Feature","geometry":{"type":"Point","coordinates":[69.33365948146421,41.32339912331981]},"properties":{"id":"poi_c20294843af2ea55","name":"Samar kafe","aliases":[],"brand":null,"subtype":"general_fast_food","subtypes":["general_fast_food"],"sources":["foursquare"],"confidence":0.62,"address":null}},{"type":"Feature","geometry":{"type":"Point","coordinates":[69.22529815278678,41.3071493804624]},"properties":{"id":"poi_c8dddf28d184bf4e","name":"Samarqand","aliases":[],"brand":null,"subtype":"general_fast_food","subtypes":["general_fast_food"],"sources":["foursquare"],"confidence":0.62,"address":null}},{"type":"Feature","geometry":{"type":"Point","coordinates":[69.20976257324219,41.30035400390625]},"properties":{"id":"poi_302e81c47e56ae85","name":"SAMO Food","aliases":[],"brand":null,"subtype":"general_fast_food","subtypes":["general_fast_food"],"sources":["foursquare"],"confidence":0.62,"address":"ул. Лутфий, 2"}},{"type":"Feature","geometry":{"type":"Point","coordinates":[69.269255,41.340581]},"properties":{"id":"poi_678cefaaed018d03","name":"Sandwich Master.","aliases":[],"brand":null,"subtype":"sandwich","subtypes":["sandwich"],"sources":["foursquare"],"confidence":0.62,"address":null}},{"type":"Feature","geometry":{"type":"Point","coordinates":[69.28175572619588,41.32009762934004]},"properties":{"id":"poi_101e08781ba46bbe","name":"Santafe","aliases":[],"brand":null,"subtype":"pizza","subtypes":["pizza"],"sources":["foursquare"],"confidence":0.62,"address":"Amir Timur"}},{"type":"Feature","geometry":{"type":"Point","coordinates":[69.2315886,41.3161787]},"properties":{"id":"poi_47b0429044b59d10","name":"Sariq Bola Pizza","aliases":[],"brand":null,"subtype":"pizza","subtypes":["pizza"],"sources":["osm"],"confidence":0.62,"address":null}},{"type":"Feature","geometry":{"type":"Point","coordinates":[69.20532695,41.344643899999994]},"properties":{"id":"poi_b17aee688c3a26ac","name":"Sariq Bola Pizza","aliases":["Sariq bola pizza"],"brand":null,"subtype":"pizza","subtypes":["pizza"],"sources":["osm","overture"],"confidence":0.934,"address":"Beruni Ave"}},{"type":"Feature","geometry":{"type":"Point","coordinates":[69.2543363,41.3395433]},"properties":{"id":"poi_5d882d3ba25030e1","name":"Sariq Bola Pizza","aliases":[],"brand":null,"subtype":"pizza","subtypes":["pizza"],"sources":["osm"],"confidence":0.62,"address":null}},{"type":"Feature","geometry":{"type":"Point","coordinates":[69.34078755,41.2955148]},"properties":{"id":"poi_21aba9a6d1a048ef","name":"Sariq Bola Pizza","aliases":["Sariq bola pizza"],"brand":null,"subtype":"pizza","subtypes":["pizza"],"sources":["osm","overture"],"confidence":0.934,"address":"Қарасу көшесі 27а"}},{"type":"Feature","geometry":{"type":"Point","coordinates":[69.2450741,41.32478135]},"properties":{"id":"poi_2c22f24b0dd0a738","name":"Sariq Bola Pizza","aliases":[],"brand":null,"subtype":"pizza","subtypes":["pizza"],"sources":["osm","overture"],"confidence":0.934,"address":"Ташкент Массив Хадра 1"}},{"type":"Feature","geometry":{"type":"Point","coordinates":[69.22603140000001,41.2160786]},"properties":{"id":"poi_537d20b7431fc955","name":"Sariq Bola Pizza","aliases":[],"brand":null,"subtype":"pizza","subtypes":["pizza"],"sources":["osm","overture"],"confidence":0.934,"address":"Birlik St 18"}},{"type":"Feature","geometry":{"type":"Point","coordinates":[69.2106647,41.2921529]},"properties":{"id":"poi_d9c940f8a662e789","name":"Sariq Bola Pizza","aliases":[],"brand":null,"subtype":"pizza","subtypes":["pizza"],"sources":["osm"],"confidence":0.62,"address":null}},{"type":"Feature","geometry":{"type":"Point","coordinates":[69.346422,41.2889646]},"properties":{"id":"poi_13deff7a9d5fa686","name":"Sayram","aliases":[],"brand":null,"subtype":"general_fast_food","subtypes":["general_fast_food"],"sources":["overture"],"confidence":0.697,"address":null}},{"type":"Feature","geometry":{"type":"Point","coordinates":[69.353795,41.331782]},"properties":{"id":"poi_d6b76e82ebee56a1","name":"Sazanchik","aliases":[],"brand":null,"subtype":"doner_kebab","subtypes":["doner_kebab"],"sources":["foursquare"],"confidence":0.62,"address":"Oyshakhanum Street"}},{"type":"Feature","geometry":{"type":"Point","coordinates":[69.2778481,41.31602065]},"properties":{"id":"poi_338eb08743a32c59","name":"Se7Te","aliases":[],"brand":null,"subtype":"pizza","subtypes":["pizza"],"sources":["foursquare","overture"],"confidence":0.897,"address":"Hyatt Regency Tashkent"}},{"type":"Feature","geometry":{"type":"Point","coordinates":[69.266522,41.308398]},"properties":{"id":"poi_777d3ae033ea2043","name":"Selfie Pizza","aliases":[],"brand":null,"subtype":"pizza","subtypes":["pizza"],"sources":["foursquare"],"confidence":0.62,"address":null}},{"type":"Feature","geometry":{"type":"Point","coordinates":[69.29610834659962,41.32506252904637]},"properties":{"id":"poi_660a3147d757bb5f","name":"Senior Pizza","aliases":[],"brand":null,"subtype":"pizza","subtypes":["pizza"],"sources":["foursquare"],"confidence":0.62,"address":null}},{"type":"Feature","geometry":{"type":"Point","coordinates":[69.3091721,41.3694422]},"properties":{"id":"poi_e875371b1dd196d0","name":"Seryozniy Burger","aliases":[],"brand":null,"subtype":"burger","subtypes":["burger"],"sources":["overture"],"confidence":0.734,"address":"Yangi Yunusobod Street 40a"}},{"type":"Feature","geometry":{"type":"Point","coordinates":[69.2232639,41.3377873]},"properties":{"id":"poi_cbc413514f1bb260","name":"Shahar Outlet","aliases":[],"brand":null,"subtype":"general_fast_food","subtypes":["general_fast_food"],"sources":["overture"],"confidence":0.697,"address":"ул. Нурафшан, 7"}},{"type":"Feature","geometry":{"type":"Point","coordinates":[69.285975,41.3393978]},"properties":{"id":"poi_400f70920278946c","name":"Shahnoz Burger","aliases":[],"brand":null,"subtype":"burger","subtypes":["burger"],"sources":["osm"],"confidence":0.62,"address":null}},{"type":"Feature","geometry":{"type":"Point","coordinates":[69.28575134277344,41.339595794677734]},"properties":{"id":"poi_62d33be8c6a85fbe","name":"Shahnoza","aliases":[],"brand":null,"subtype":"burger","subtypes":["burger"],"sources":["foursquare"],"confidence":0.62,"address":null}},{"type":"Feature","geometry":{"type":"Point","coordinates":[69.277486,41.31193]},"properties":{"id":"poi_4be11687ff837b3b","name":"Shak Shuk Arabian food","aliases":[],"brand":null,"subtype":"doner_kebab","subtypes":["doner_kebab"],"sources":["foursquare"],"confidence":0.62,"address":"Sayilgoh ko'chasi 35"}},{"type":"Feature","geometry":{"type":"Point","coordinates":[69.24578031941778,41.3109760102627]},"properties":{"id":"poi_67e6ab3d69bc8985","name":"Shakespeare Bistro","aliases":[],"brand":null,"subtype":"chicken","subtypes":["chicken"],"sources":["foursquare"],"confidence":0.62,"address":"Узбекистан, 79"}},{"type":"Feature","geometry":{"type":"Point","coordinates":[69.2499375,41.3166582]},"properties":{"id":"poi_ecb4ebbe88b1c21b","name":"Shanghai Continent","aliases":[],"brand":null,"subtype":"pizza","subtypes":["pizza"],"sources":["overture"],"confidence":0.659,"address":"Umniy Tashkent, Shahrisabz Ko'Chasi 7"}},{"type":"Feature","geometry":{"type":"Point","coordinates":[69.2940795,41.3119057]},"properties":{"id":"poi_11904c5d7a749f12","name":"Shashleek","aliases":[],"brand":null,"subtype":"general_fast_food","subtypes":["general_fast_food"],"sources":["osm"],"confidence":0.62,"address":null}},{"type":"Feature","geometry":{"type":"Point","coordinates":[69.3450165,41.3536184]},"properties":{"id":"poi_2a52d713af91fa2a","name":"Shef Burger","aliases":[],"brand":null,"subtype":"burger","subtypes":["burger"],"sources":["overture"],"confidence":0.659,"address":"ул. Темура Малика,66"}},{"type":"Feature","geometry":{"type":"Point","coordinates":[69.2488041,41.3140781]},"properties":{"id":"poi_2db1aa97244fd2d3","name":"Shosh Restaurant and Terrace","aliases":[],"brand":null,"subtype":"general_fast_food","subtypes":["general_fast_food"],"sources":["overture"],"confidence":0.739,"address":"Floor 1, Ukchi St 1"}},{"type":"Feature","geometry":{"type":"Point","coordinates":[69.1683038,41.2394545]},"properties":{"id":"poi_1cf4573feaebf672","name":"Shox Burger","aliases":[],"brand":null,"subtype":"burger","subtypes":["burger"],"sources":["osm"],"confidence":0.62,"address":null}},{"type":"Feature","geometry":{"type":"Point","coordinates":[69.20855,41.3036]},"properties":{"id":"poi_31998966d2ec94df","name":"Shox_makon","aliases":[],"brand":null,"subtype":"general_fast_food","subtypes":["general_fast_food"],"sources":["overture"],"confidence":0.697,"address":"Nurafshon Ko'Chasi 11"}},{"type":"Feature","geometry":{"type":"Point","coordinates":[69.2935518,41.2735652]},"properties":{"id":"poi_50eedec4bb0a3f27","name":"SHoXJ","aliases":[],"brand":null,"subtype":"general_fast_food","subtypes":["general_fast_food"],"sources":["osm"],"confidence":0.62,"address":null}},{"type":"Feature","geometry":{"type":"Point","coordinates":[69.2426752,41.2790666]},"properties":{"id":"poi_575aa9044c433d8b","name":"Sir Richard's Pub","aliases":[],"brand":null,"subtype":"general_fast_food","subtypes":["general_fast_food"],"sources":["overture"],"confidence":0.734,"address":"Ул. Мукуми 3а"}},{"type":"Feature","geometry":{"type":"Point","coordinates":[69.2439584,41.3167344]},"properties":{"id":"poi_29314ad080104280","name":"Sirali Kebap","aliases":[],"brand":null,"subtype":"doner_kebab","subtypes":["doner_kebab"],"sources":["overture"],"confidence":0.734,"address":"Ташкент, ул. Фурката, 2А"}},{"type":"Feature","geometry":{"type":"Point","coordinates":[69.21635627746582,41.22598964188705]},"properties":{"id":"poi_30cf3505acb27e2f","name":"Sirg'ali Burger","aliases":[],"brand":null,"subtype":"burger","subtypes":["burger"],"sources":["foursquare"],"confidence":0.62,"address":"M. Alaviya"}},{"type":"Feature","geometry":{"type":"Point","coordinates":[69.244031,41.316866]},"properties":{"id":"poi_bcff0bf27a706217","name":"Sıralı Kebap","aliases":[],"brand":null,"subtype":"doner_kebab","subtypes":["doner_kebab"],"sources":["foursquare"],"confidence":0.62,"address":null}},{"type":"Feature","geometry":{"type":"Point","coordinates":[69.20388770000001,41.2872061]},"properties":{"id":"poi_5985d318e9e75c28","name":"Smash burger","aliases":[],"brand":null,"subtype":"burger","subtypes":["burger"],"sources":["osm"],"confidence":0.62,"address":null}},{"type":"Feature","geometry":{"type":"Point","coordinates":[69.3852764,41.3588078]},"properties":{"id":"poi_aa929feaf1c78833","name":"Smash Burger","aliases":[],"brand":null,"subtype":"burger","subtypes":["burger"],"sources":["osm"],"confidence":0.62,"address":null}},{"type":"Feature","geometry":{"type":"Point","coordinates":[69.2740142,41.3281352]},"properties":{"id":"poi_7328403292494a42","name":"Smeg","aliases":[],"brand":null,"subtype":"general_fast_food","subtypes":["general_fast_food"],"sources":["overture"],"confidence":0.734,"address":"Sharaf Rashidov st"}},{"type":"Feature","geometry":{"type":"Point","coordinates":[69.233199,41.285308]},"properties":{"id":"poi_cf04c82e1e2f95e6","name":"Smile Burger","aliases":[],"brand":null,"subtype":"burger","subtypes":["burger"],"sources":["foursquare"],"confidence":0.62,"address":"Muqimiy St."}},{"type":"Feature","geometry":{"type":"Point","coordinates":[69.225381,41.2830443]},"properties":{"id":"poi_7aea36e3e5dde54d","name":"SMMUZI","aliases":[],"brand":null,"subtype":"general_fast_food","subtypes":["general_fast_food"],"sources":["overture"],"confidence":0.734,"address":"Uzbekistan, Tashkent, Chilonzor-1, Gagarina Str. 66"}},{"type":"Feature","geometry":{"type":"Point","coordinates":[69.27396240392402,41.312791392940376]},"properties":{"id":"poi_9d27a9f7ac7aca2c","name":"Sms burger","aliases":[],"brand":null,"subtype":"burger","subtypes":["burger"],"sources":["foursquare"],"confidence":0.62,"address":null}},{"type":"Feature","geometry":{"type":"Point","coordinates":[69.25,41.3167]},"properties":{"id":"poi_1f78eeec79679ca2","name":"Smurfland","aliases":[],"brand":null,"subtype":"pizza","subtypes":["pizza"],"sources":["overture"],"confidence":0.659,"address":"массив Себзар, Ц-17/18, ул. Г.Гуляма, дом 4б"}},{"type":"Feature","geometry":{"type":"Point","coordinates":[69.2802501,41.297309]},"properties":{"id":"poi_0751bc3b2f13578f","name":"Socials Cafe","aliases":[],"brand":null,"subtype":"general_fast_food","subtypes":["general_fast_food"],"sources":["overture"],"confidence":0.738,"address":"Taras Shevchenko Ko'Chasi 36"}},{"type":"Feature","geometry":{"type":"Point","coordinates":[69.1926973,41.3719515]},"properties":{"id":"poi_7e67e6c41c102712","name":"Sokin Soy Choyxona","aliases":[],"brand":null,"subtype":"general_fast_food","subtypes":["general_fast_food"],"sources":["overture"],"confidence":0.734,"address":"Tashkent Ring Automobile Road"}},{"type":"Feature","geometry":{"type":"Point","coordinates":[69.26730399257526,41.28458962724046]},"properties":{"id":"poi_7382db95ea84e4ee","name":"Somsa","aliases":[],"brand":null,"subtype":"burger","subtypes":["burger"],"sources":["foursquare"],"confidence":0.62,"address":"Ko'k darvozali uy"}},{"type":"Feature","geometry":{"type":"Point","coordinates":[69.3018478,41.2473153]},"properties":{"id":"poi_ea329f72f2d82e7b","name":"Somsa","aliases":[],"brand":null,"subtype":"general_fast_food","subtypes":["general_fast_food"],"sources":["osm"],"confidence":0.62,"address":null}},{"type":"Feature","geometry":{"type":"Point","coordinates":[69.2924237,41.3331053]},"properties":{"id":"poi_092edb0596224a51","name":"Somsa","aliases":[],"brand":null,"subtype":"general_fast_food","subtypes":["general_fast_food"],"sources":["osm"],"confidence":0.62,"address":null}},{"type":"Feature","geometry":{"type":"Point","coordinates":[69.2292269,41.333705]},"properties":{"id":"poi_620c8da47e374782","name":"Somsa","aliases":[],"brand":null,"subtype":"general_fast_food","subtypes":["general_fast_food"],"sources":["osm"],"confidence":0.62,"address":null}},{"type":"Feature","geometry":{"type":"Point","coordinates":[69.22999870000001,41.3325696]},"properties":{"id":"poi_2ad65d1a3ba1fa4e","name":"Somsa","aliases":[],"brand":null,"subtype":"general_fast_food","subtypes":["general_fast_food"],"sources":["osm"],"confidence":0.62,"address":null}},{"type":"Feature","geometry":{"type":"Point","coordinates":[69.2642827,41.2937841]},"properties":{"id":"poi_cb84f33988d3fe8e","name":"Somsa Markazi Grand","aliases":[],"brand":null,"subtype":"general_fast_food","subtypes":["general_fast_food"],"sources":["overture"],"confidence":0.697,"address":null}},{"type":"Feature","geometry":{"type":"Point","coordinates":[69.25658460000001,41.2839779]},"properties":{"id":"poi_7e555920228668e0","name":"Somsa zavodskaya","aliases":[],"brand":null,"subtype":"general_fast_food","subtypes":["general_fast_food"],"sources":["osm"],"confidence":0.62,"address":null}},{"type":"Feature","geometry":{"type":"Point","coordinates":[69.24888259127583,41.28122476764712]},"properties":{"id":"poi_af0dd974bbb061f0","name":"Sparta","aliases":[],"brand":null,"subtype":"general_fast_food","subtypes":["general_fast_food"],"sources":["foursquare"],"confidence":0.62,"address":null}},{"type":"Feature","geometry":{"type":"Point","coordinates":[69.3172073,41.3134349]},"properties":{"id":"poi_3e528032a80d4d8f","name":"Sport Bar GOAL","aliases":[],"brand":null,"subtype":"general_fast_food","subtypes":["general_fast_food"],"sources":["overture"],"confidence":0.659,"address":"Яшнабадский район, улица Султанали Машхадий 57"}},{"type":"Feature","geometry":{"type":"Point","coordinates":[69.21787426996728,41.35070775918634]},"properties":{"id":"poi_ff7cd52fff1efbb9","name":"Star Chicken ***","aliases":[],"brand":null,"subtype":"chicken","subtypes":["chicken"],"sources":["foursquare"],"confidence":0.62,"address":"Кичик халка йули"}},{"type":"Feature","geometry":{"type":"Point","coordinates":[69.26182125300828,41.330473027115154]},"properties":{"id":"poi_9f2d238f5dd93943","name":"star food","aliases":[],"brand":null,"subtype":"general_fast_food","subtypes":["general_fast_food"],"sources":["foursquare"],"confidence":0.62,"address":null}},{"type":"Feature","geometry":{"type":"Point","coordinates":[69.29346,41.31927]},"properties":{"id":"poi_209562c340ac8c5f","name":"Steak & Burger","aliases":[],"brand":null,"subtype":"burger","subtypes":["burger"],"sources":["foursquare"],"confidence":0.62,"address":"9 Kari-Niyazov str."}},{"type":"Feature","geometry":{"type":"Point","coordinates":[69.290757,41.315122]},"properties":{"id":"poi_24d40b38d444cccb","name":"Street 77","aliases":[],"brand":null,"subtype":"burger","subtypes":["burger"],"sources":["foursquare"],"confidence":0.62,"address":null}},{"type":"Feature","geometry":{"type":"Point","coordinates":[69.249371,41.29822]},"properties":{"id":"poi_60327fa096f00af3","name":"Street 77","aliases":[],"brand":null,"subtype":"sandwich","subtypes":["sandwich"],"sources":["foursquare"],"confidence":0.62,"address":null}},{"type":"Feature","geometry":{"type":"Point","coordinates":[69.32901,41.238827]},"properties":{"id":"poi_804eef5dc0529a65","name":"Street 77","aliases":[],"brand":null,"subtype":"burger","subtypes":["burger"],"sources":["foursquare"],"confidence":0.62,"address":null}},{"type":"Feature","geometry":{"type":"Point","coordinates":[69.230603,41.31701]},"properties":{"id":"poi_370f16c982423e79","name":"Street 77","aliases":[],"brand":null,"subtype":"sandwich","subtypes":["sandwich"],"sources":["foursquare"],"confidence":0.62,"address":"Samarqand Darvoza"}},{"type":"Feature","geometry":{"type":"Point","coordinates":[69.29333573333334,41.3669964]},"properties":{"id":"poi_90423ffd85a35e97","name":"Street 77","aliases":["Street 77 (Mega Polis)"],"brand":null,"subtype":"general_fast_food","subtypes":["general_fast_food"],"sources":["foursquare","osm","overture"],"confidence":0.98,"address":"A.Donish"}},{"type":"Feature","geometry":{"type":"Point","coordinates":[69.202529,41.3468798]},"properties":{"id":"poi_06623d8d704ff0d3","name":"Street 77","aliases":[],"brand":null,"subtype":"general_fast_food","subtypes":["general_fast_food"],"sources":["osm"],"confidence":0.62,"address":null}},{"type":"Feature","geometry":{"type":"Point","coordinates":[69.2195524,41.2262152]},"properties":{"id":"poi_220f15680841cc83","name":"Street 77","aliases":[],"brand":null,"subtype":"general_fast_food","subtypes":["general_fast_food"],"sources":["osm"],"confidence":0.62,"address":null}},{"type":"Feature","geometry":{"type":"Point","coordinates":[69.2909271,41.3672396]},"properties":{"id":"poi_f03eba1df2237ae1","name":"Street 77","aliases":[],"brand":null,"subtype":"general_fast_food","subtypes":["general_fast_food"],"sources":["osm"],"confidence":0.62,"address":null}},{"type":"Feature","geometry":{"type":"Point","coordinates":[69.3536697,41.3540417]},"properties":{"id":"poi_b3d64b52c9aec4d0","name":"Street 77","aliases":[],"brand":null,"subtype":"general_fast_food","subtypes":["general_fast_food"],"sources":["osm"],"confidence":0.62,"address":null}},{"type":"Feature","geometry":{"type":"Point","coordinates":[69.22192720000001,41.2934124]},"properties":{"id":"poi_bfa67fe1d40b6532","name":"Street 77","aliases":[],"brand":null,"subtype":"general_fast_food","subtypes":["general_fast_food"],"sources":["osm"],"confidence":0.62,"address":null}},{"type":"Feature","geometry":{"type":"Point","coordinates":[69.2310414,41.3164507]},"properties":{"id":"poi_98c92b0ab83dcdb9","name":"Street 77","aliases":[],"brand":null,"subtype":"general_fast_food","subtypes":["general_fast_food"],"sources":["osm"],"confidence":0.62,"address":null}},{"type":"Feature","geometry":{"type":"Point","coordinates":[69.2012715,41.2813722]},"properties":{"id":"poi_1e232009427962b8","name":"Street 77","aliases":[],"brand":null,"subtype":"general_fast_food","subtypes":["general_fast_food"],"sources":["osm"],"confidence":0.62,"address":null}},{"type":"Feature","geometry":{"type":"Point","coordinates":[69.30921305,41.2722841]},"properties":{"id":"poi_200be264eb02608d","name":"Street 77","aliases":["Street 77 Pizza"],"brand":null,"subtype":"general_fast_food","subtypes":["general_fast_food","pizza"],"sources":["osm","overture"],"confidence":0.897,"address":"Abdurauf Fitrat Ko'Chasi 27"}},{"type":"Feature","geometry":{"type":"Point","coordinates":[69.265141,41.327519]},"properties":{"id":"poi_a2e23caff3dbe432","name":"Street 77","aliases":[],"brand":null,"subtype":"general_fast_food","subtypes":["general_fast_food"],"sources":["osm"],"confidence":0.62,"address":null}},{"type":"Feature","geometry":{"type":"Point","coordinates":[69.28956645586378,41.31022445392597]},"properties":{"id":"poi_f8f8264b70fc3b56","name":"Street Burger","aliases":[],"brand":null,"subtype":"burger","subtypes":["burger"],"sources":["foursquare","osm","overture"],"confidence":0.98,"address":"38, Yahyo Gulyamov St"}},{"type":"Feature","geometry":{"type":"Point","coordinates":[69.248213,41.293156]},"properties":{"id":"poi_40b9153918eafe1f","name":"Street Burger","aliases":[],"brand":null,"subtype":"burger","subtypes":["burger"],"sources":["foursquare"],"confidence":0.62,"address":"Б.Бобоев 140/1"}},{"type":"Feature","geometry":{"type":"Point","coordinates":[69.24286640000001,41.2875346]},"properties":{"id":"poi_c6bd9c6dfc013b4d","name":"Street Hot Dog","aliases":[],"brand":null,"subtype":"hot_dog","subtypes":["hot_dog"],"sources":["osm"],"confidence":0.62,"address":null}},{"type":"Feature","geometry":{"type":"Point","coordinates":[69.2905492,41.3153165]},"properties":{"id":"poi_a7d4152741997ea0","name":"Street77","aliases":[],"brand":null,"subtype":"burger","subtypes":["burger"],"sources":["overture"],"confidence":0.734,"address":"Shastri St 19а"}},{"type":"Feature","geometry":{"type":"Point","coordinates":[69.277041,41.328177]},"properties":{"id":"poi_06f654f939b5995d","name":"Stuzzico","aliases":[],"brand":null,"subtype":"pizza","subtypes":["pizza"],"sources":["foursquare"],"confidence":0.62,"address":null}},{"type":"Feature","geometry":{"type":"Point","coordinates":[69.291288,41.312974]},"properties":{"id":"poi_6591ecef4f5d42ec","name":"Stuzzico","aliases":[],"brand":null,"subtype":"pizza","subtypes":["pizza"],"sources":["foursquare"],"confidence":0.62,"address":null}},{"type":"Feature","geometry":{"type":"Point","coordinates":[69.26759556747137,41.3005626857987]},"properties":{"id":"poi_6a48131bfb30fcdd","name":"STUZZICO","aliases":["stuzzico"],"brand":null,"subtype":"pizza","subtypes":["pizza"],"sources":["foursquare","overture"],"confidence":0.939,"address":"4 Mirobod ko'chasi"}},{"type":"Feature","geometry":{"type":"Point","coordinates":[69.25045,41.296333]},"properties":{"id":"poi_5f05218325b8f64b","name":"Subway","aliases":[],"brand":null,"subtype":"sandwich","subtypes":["sandwich"],"sources":["foursquare"],"confidence":0.62,"address":null}},{"type":"Feature","geometry":{"type":"Point","coordinates":[69.3248511,41.3512734]},"properties":{"id":"poi_f2ccc51abcb9b3e9","name":"Subway","aliases":[],"brand":null,"subtype":"general_fast_food","subtypes":["general_fast_food"],"sources":["osm"],"confidence":0.62,"address":null}},{"type":"Feature","geometry":{"type":"Point","coordinates":[69.20011339999999,41.34754465]},"properties":{"id":"poi_3e0e0915e5b87ff3","name":"Subway","aliases":[],"brand":null,"subtype":"general_fast_food","subtypes":["general_fast_food"],"sources":["osm"],"confidence":0.62,"address":null}},{"type":"Feature","geometry":{"type":"Point","coordinates":[69.26511555588775,41.3199784799004]},"properties":{"id":"poi_9acc599d47a7a2c6","name":"Subway Restaurant","aliases":[],"brand":null,"subtype":"sandwich","subtypes":["sandwich"],"sources":["foursquare"],"confidence":0.62,"address":null}},{"type":"Feature","geometry":{"type":"Point","coordinates":[69.25,41.3167]},"properties":{"id":"poi_d3e14bc4187e3e1a","name":"Sultan","aliases":[],"brand":null,"subtype":"doner_kebab","subtypes":["doner_kebab"],"sources":["overture"],"confidence":0.697,"address":"Boshliq"}},{"type":"Feature","geometry":{"type":"Point","coordinates":[69.2247716,41.2925359]},"properties":{"id":"poi_af264a88952bd615","name":"Sultan Ahmet Restaurant","aliases":[],"brand":null,"subtype":"general_fast_food","subtypes":["general_fast_food"],"sources":["overture"],"confidence":0.697,"address":null}},{"type":"Feature","geometry":{"type":"Point","coordinates":[69.2237775,41.3598875]},"properties":{"id":"poi_f7420f08b84195b4","name":"Sultan Said","aliases":[],"brand":null,"subtype":"general_fast_food","subtypes":["general_fast_food"],"sources":["overture"],"confidence":0.734,"address":"Qora qamish"}},{"type":"Feature","geometry":{"type":"Point","coordinates":[69.24576285820397,41.3113295588367]},"properties":{"id":"poi_42ca816ee776500f","name":"Super Chicken","aliases":[],"brand":null,"subtype":"chicken","subtypes":["chicken"],"sources":["foursquare"],"confidence":0.62,"address":"Uzbekistan Ave 8"}},{"type":"Feature","geometry":{"type":"Point","coordinates":[69.27287578582764,41.35690421571941]},"properties":{"id":"poi_f3b73ef4312bc1a6","name":"Super Hot Dog возле 7 Горбольницы","aliases":[],"brand":null,"subtype":"hot_dog","subtypes":["hot_dog"],"sources":["foursquare"],"confidence":0.62,"address":null}},{"type":"Feature","geometry":{"type":"Point","coordinates":[69.2493398,41.2978208]},"properties":{"id":"poi_f8d8e6b68f9c2db7","name":"Sushi & Wok","aliases":[],"brand":null,"subtype":"general_fast_food","subtypes":["general_fast_food"],"sources":["osm"],"confidence":0.62,"address":null}},{"type":"Feature","geometry":{"type":"Point","coordinates":[69.323122,41.336427]},"properties":{"id":"poi_31cd01480323d80e","name":"Sushi Time","aliases":[],"brand":null,"subtype":"pizza","subtypes":["pizza"],"sources":["foursquare"],"confidence":0.62,"address":"Sayram ko’chasi, 2"}},{"type":"Feature","geometry":{"type":"Point","coordinates":[69.2748999,41.3278812]},"properties":{"id":"poi_0e7a70995edf80fc","name":"Sushi Yummy","aliases":[],"brand":null,"subtype":"general_fast_food","subtypes":["general_fast_food"],"sources":["overture"],"confidence":0.738,"address":"Sharaf Rashidov Avenue 60"}},{"type":"Feature","geometry":{"type":"Point","coordinates":[69.264583,41.2920391]},"properties":{"id":"poi_d4808649e7de45d6","name":"SV","aliases":[],"brand":null,"subtype":"hot_dog","subtypes":["hot_dog"],"sources":["overture"],"confidence":0.659,"address":null}},{"type":"Feature","geometry":{"type":"Point","coordinates":[69.256073,41.34784]},"properties":{"id":"poi_a226d3c8399a3be4","name":"Tabaka","aliases":[],"brand":null,"subtype":"chicken","subtypes":["chicken"],"sources":["foursquare"],"confidence":0.62,"address":null}},{"type":"Feature","geometry":{"type":"Point","coordinates":[69.24387357584925,41.321823474783855]},"properties":{"id":"poi_49441f4cbade50bd","name":"tabaka uzbekcha","aliases":[],"brand":null,"subtype":"chicken","subtypes":["chicken"],"sources":["foursquare"],"confidence":0.62,"address":"Navoi Ave"}},{"type":"Feature","geometry":{"type":"Point","coordinates":[69.38012789147321,41.35534715312396]},"properties":{"id":"poi_459ab6f1f9650000","name":"Tabassum","aliases":[],"brand":null,"subtype":"general_fast_food","subtypes":["general_fast_food"],"sources":["foursquare"],"confidence":0.62,"address":null}},{"type":"Feature","geometry":{"type":"Point","coordinates":[69.25438284828508,41.28496365249846]},"properties":{"id":"poi_ae417e0082ad21dd","name":"Taco Food","aliases":[],"brand":null,"subtype":"general_fast_food","subtypes":["general_fast_food"],"sources":["foursquare"],"confidence":0.62,"address":"Bobur str."}},{"type":"Feature","geometry":{"type":"Point","coordinates":[69.33388,41.355278]},"properties":{"id":"poi_aecdb1a02a4e8eea","name":"Tajburger","aliases":[],"brand":null,"subtype":"burger","subtypes":["burger"],"sources":["foursquare"],"confidence":0.62,"address":null}},{"type":"Feature","geometry":{"type":"Point","coordinates":[69.29070870000001,41.31197615]},"properties":{"id":"poi_42e5be73c878de36","name":"Taksim Kebab","aliases":[],"brand":null,"subtype":"doner_kebab","subtypes":["doner_kebab"],"sources":["foursquare","overture"],"confidence":0.934,"address":"Uzbekiston Ovozi Street 21"}},{"type":"Feature","geometry":{"type":"Point","coordinates":[69.2446336,41.2840781]},"properties":{"id":"poi_7cd36243be331d7e","name":"Tammiq","aliases":[],"brand":null,"subtype":"general_fast_food","subtypes":["general_fast_food"],"sources":["osm"],"confidence":0.62,"address":null}},{"type":"Feature","geometry":{"type":"Point","coordinates":[69.158833,41.3049841]},"properties":{"id":"poi_cb0135fabe6dd29a","name":"Taqachi Burger","aliases":[],"brand":null,"subtype":"burger","subtypes":["burger"],"sources":["overture"],"confidence":0.688,"address":"Sharof ko'chasi"}},{"type":"Feature","geometry":{"type":"Point","coordinates":[69.1571007,41.2986225]},"properties":{"id":"poi_d71be97367e1b8b5","name":"Taqachi Burger","aliases":[],"brand":null,"subtype":"burger","subtypes":["burger"],"sources":["overture"],"confidence":0.697,"address":"Uchtepa taqachi 648"}},{"type":"Feature","geometry":{"type":"Point","coordinates":[69.293236,41.339223]},"properties":{"id":"poi_c3412f357a5a889f","name":"TARB","aliases":[],"brand":null,"subtype":"general_fast_food","subtypes":["general_fast_food"],"sources":["foursquare"],"confidence":0.62,"address":null}},{"type":"Feature","geometry":{"type":"Point","coordinates":[69.2674610704033,41.26188206216041]},"properties":{"id":"poi_2be0f22c475c5fab","name":"Tas Burger","aliases":[],"brand":null,"subtype":"burger","subtypes":["burger"],"sources":["foursquare","overture"],"confidence":0.897,"address":"Tashkent Airport"}},{"type":"Feature","geometry":{"type":"Point","coordinates":[69.33318806269087,41.323938816786566]},"properties":{"id":"poi_9e6caaeb8b5a5ce8","name":"Tashkent Fried Chicken","aliases":[],"brand":null,"subtype":"chicken","subtypes":["chicken"],"sources":["foursquare"],"confidence":0.62,"address":null}},{"type":"Feature","geometry":{"type":"Point","coordinates":[69.3018052,41.249196]},"properties":{"id":"poi_611dd51f3d1f3338","name":"TASTEA","aliases":[],"brand":null,"subtype":"general_fast_food","subtypes":["general_fast_food"],"sources":["osm"],"confidence":0.62,"address":null}},{"type":"Feature","geometry":{"type":"Point","coordinates":[69.315934,41.312524]},"properties":{"id":"poi_5b61ddfc1beb5a37","name":"Tatiana","aliases":[],"brand":null,"subtype":"food_court","subtypes":["food_court"],"sources":["foursquare"],"confidence":0.62,"address":null}},{"type":"Feature","geometry":{"type":"Point","coordinates":[69.2048215,41.226905]},"properties":{"id":"poi_9b85bf7037155475","name":"Tayyor pizza","aliases":[],"brand":null,"subtype":"pizza","subtypes":["pizza"],"sources":["overture"],"confidence":0.734,"address":"Sulola Ko'Chasi 42"}},{"type":"Feature","geometry":{"type":"Point","coordinates":[69.1839068,41.2883445]},"properties":{"id":"poi_7c9821f30e032ed5","name":"Techno box","aliases":[],"brand":null,"subtype":"general_fast_food","subtypes":["general_fast_food"],"sources":["osm"],"confidence":0.62,"address":null}},{"type":"Feature","geometry":{"type":"Point","coordinates":[69.240027,41.336776]},"properties":{"id":"poi_6c8ab604f92126ce","name":"Telyashayakh Masjidi","aliases":[],"brand":null,"subtype":"general_fast_food","subtypes":["general_fast_food"],"sources":["overture"],"confidence":0.697,"address":"Khast Imom"}},{"type":"Feature","geometry":{"type":"Point","coordinates":[69.265532,41.294101]},"properties":{"id":"poi_d319068379629653","name":"Tepito Taqueria & Cocteleria","aliases":[],"brand":null,"subtype":"general_fast_food","subtypes":["general_fast_food"],"sources":["foursquare"],"confidence":0.62,"address":"Улица Шота Руставели 13А"}},{"type":"Feature","geometry":{"type":"Point","coordinates":[69.2717705,41.2950794]},"properties":{"id":"poi_34723f9feb1ec64b","name":"Teriyaki","aliases":[],"brand":null,"subtype":"general_fast_food","subtypes":["general_fast_food"],"sources":["overture"],"confidence":0.738,"address":"Bon! Chehov Streeat, Fidokor Ko'Chasi 40"}},{"type":"Feature","geometry":{"type":"Point","coordinates":[69.2990112,41.3000564]},"properties":{"id":"poi_09e2475d9889dd27","name":"Tesko","aliases":[],"brand":null,"subtype":"general_fast_food","subtypes":["general_fast_food"],"sources":["overture"],"confidence":0.659,"address":" г. Янгиюль, ул. Самарканд, 136        г. Ташкент, Абу Сахий, новый гипермаркет, ор-р: 9-этажная стоянка, 2 этаж            "}},{"type":"Feature","geometry":{"type":"Point","coordinates":[69.2903947,41.3062769]},"properties":{"id":"poi_67ef5e6e27b3919e","name":"Testo","aliases":[],"brand":null,"subtype":"burger","subtypes":["burger"],"sources":["overture"],"confidence":0.734,"address":"Sadik Azimov Street 54"}},{"type":"Feature","geometry":{"type":"Point","coordinates":[69.20426350000001,41.3667301]},"properties":{"id":"poi_21152f7da74db755","name":"Tez tayyorlanadigan ovqat kafesi","aliases":[],"brand":null,"subtype":"general_fast_food","subtypes":["general_fast_food"],"sources":["osm"],"confidence":0.62,"address":null}},{"type":"Feature","geometry":{"type":"Point","coordinates":[69.2477696,41.3219939]},"properties":{"id":"poi_de46a561a8092aef","name":"Tez tayyorlanadigan ovqat kaioski","aliases":[],"brand":null,"subtype":"general_fast_food","subtypes":["general_fast_food"],"sources":["osm"],"confidence":0.62,"address":null}},{"type":"Feature","geometry":{"type":"Point","coordinates":[69.1724666,41.239344]},"properties":{"id":"poi_98eb6fd4de66fe05","name":"Tez tayyorlanadigan ovqat kaioski","aliases":[],"brand":null,"subtype":"general_fast_food","subtypes":["general_fast_food"],"sources":["osm"],"confidence":0.62,"address":null}},{"type":"Feature","geometry":{"type":"Point","coordinates":[69.33422401974298,41.32698422004219]},"properties":{"id":"poi_0117591511518796","name":"TFC","aliases":[],"brand":null,"subtype":"general_fast_food","subtypes":["general_fast_food"],"sources":["foursquare"],"confidence":0.62,"address":"Buyuk Ipak Yuli St."}},{"type":"Feature","geometry":{"type":"Point","coordinates":[69.251614,41.315447]},"properties":{"id":"poi_38db1220d002ed96","name":"The Burger","aliases":[],"brand":null,"subtype":"burger","subtypes":["burger"],"sources":["foursquare"],"confidence":0.62,"address":"City Mall, Tashkent, Uzbekistan"}},{"type":"Feature","geometry":{"type":"Point","coordinates":[69.26268848199226,41.29254028851981]},"properties":{"id":"poi_eaf77dde822ed712","name":"The Burger","aliases":[],"brand":null,"subtype":"burger","subtypes":["burger"],"sources":["foursquare"],"confidence":0.62,"address":null}},{"type":"Feature","geometry":{"type":"Point","coordinates":[69.2826544,41.30762105]},"properties":{"id":"poi_d9c976dc4f9238cb","name":"The Burger","aliases":[],"brand":null,"subtype":"burger","subtypes":["burger"],"sources":["osm","overture"],"confidence":0.939,"address":"Istiqbol Ko'Chasi 8"}},{"type":"Feature","geometry":{"type":"Point","coordinates":[69.2456755,41.3111292]},"properties":{"id":"poi_c3519b785449f582","name":"The diner","aliases":[],"brand":null,"subtype":"general_fast_food","subtypes":["general_fast_food"],"sources":["osm"],"confidence":0.62,"address":null}},{"type":"Feature","geometry":{"type":"Point","coordinates":[69.2830351,41.2917699]},"properties":{"id":"poi_5004f7e164ae910a","name":"The Host","aliases":[],"brand":null,"subtype":"general_fast_food","subtypes":["general_fast_food"],"sources":["overture"],"confidence":0.734,"address":"Aybek Street 65"}},{"type":"Feature","geometry":{"type":"Point","coordinates":[69.2715454,41.2998629]},"properties":{"id":"poi_adae1deb7373e719","name":"The Kitchen","aliases":[],"brand":null,"subtype":"general_fast_food","subtypes":["general_fast_food"],"sources":["overture"],"confidence":0.659,"address":"Afrosiab 12b"}},{"type":"Feature","geometry":{"type":"Point","coordinates":[69.2760422,41.328064]},"properties":{"id":"poi_46816a2a07909003","name":"The MART","aliases":[],"brand":null,"subtype":"general_fast_food","subtypes":["general_fast_food"],"sources":["osm"],"confidence":0.62,"address":null}},{"type":"Feature","geometry":{"type":"Point","coordinates":[69.1679977,41.2847797]},"properties":{"id":"poi_d59eec1f4403dd9c","name":"The Pizzeria","aliases":[],"brand":null,"subtype":"pizza","subtypes":["pizza"],"sources":["overture"],"confidence":0.734,"address":"Учтепинский Эко-Парк, Учтепинский район, массив Чиланзар - 25 кв"}},{"type":"Feature","geometry":{"type":"Point","coordinates":[69.2899662,41.3594532]},"properties":{"id":"poi_7e6114860411f0c8","name":"The Plov","aliases":[],"brand":null,"subtype":"general_fast_food","subtypes":["general_fast_food"],"sources":["overture"],"confidence":0.734,"address":"улица Хушнаво 4"}},{"type":"Feature","geometry":{"type":"Point","coordinates":[69.30060150829591,41.3121247232879]},"properties":{"id":"poi_2737151269d9172a","name":"The Silk Road Art Cafe \"Moy Mir\"","aliases":[],"brand":null,"subtype":"burger","subtypes":["burger"],"sources":["foursquare"],"confidence":0.62,"address":null}},{"type":"Feature","geometry":{"type":"Point","coordinates":[69.21804338693619,41.34998820310684]},"properties":{"id":"poi_8ef16b0d24f791aa","name":"TIMEFOOD.UZ","aliases":[],"brand":null,"subtype":"general_fast_food","subtypes":["general_fast_food"],"sources":["foursquare"],"confidence":0.62,"address":"Sofiya avenyu 19, NUKUS cinema bus stration"}},{"type":"Feature","geometry":{"type":"Point","coordinates":[69.25,41.3167]},"properties":{"id":"poi_86bfd14ba12b9fde","name":"Tomato","aliases":[],"brand":null,"subtype":"pizza","subtypes":["pizza"],"sources":["overture"],"confidence":0.697,"address":"Яшнабадский район, Массив Тузель-2, ул. Гузаль"}},{"type":"Feature","geometry":{"type":"Point","coordinates":[69.2848557,41.3625038]},"properties":{"id":"poi_271b397d111fade9","name":"tonirovka.uz","aliases":[],"brand":null,"subtype":"general_fast_food","subtypes":["general_fast_food"],"sources":["overture"],"confidence":0.659,"address":"Yunusobod Ahmad Donish kochasi"}},{"type":"Feature","geometry":{"type":"Point","coordinates":[69.28523429883772,41.3148392295081]},"properties":{"id":"poi_ed9047f1ee9a4533","name":"Torento","aliases":[],"brand":null,"subtype":"general_fast_food","subtypes":["general_fast_food"],"sources":["foursquare"],"confidence":0.62,"address":"Shakhrisabz St."}},{"type":"Feature","geometry":{"type":"Point","coordinates":[69.28291254999999,41.30762015]},"properties":{"id":"poi_35cceb039160f2d2","name":"Torero burgers","aliases":["Torero Burgers"],"brand":null,"subtype":"burger","subtypes":["burger"],"sources":["foursquare","overture"],"confidence":0.859,"address":"Istiqbol"}},{"type":"Feature","geometry":{"type":"Point","coordinates":[69.2578026,41.3414354]},"properties":{"id":"poi_fbac76a30f55909a","name":"Toshkent Restaurant","aliases":[],"brand":null,"subtype":"general_fast_food","subtypes":["general_fast_food"],"sources":["overture"],"confidence":0.734,"address":"Sebzor St 3"}},{"type":"Feature","geometry":{"type":"Point","coordinates":[69.2173679,41.3211165]},"properties":{"id":"poi_bd62ec54d9228f19","name":"Toshkent Shahar Perinatal Markazi","aliases":[],"brand":null,"subtype":"general_fast_food","subtypes":["general_fast_food"],"sources":["overture"],"confidence":0.659,"address":"Koratosh st"}},{"type":"Feature","geometry":{"type":"Point","coordinates":[69.2988756,41.3121381]},"properties":{"id":"poi_ec0c7c303c2eded4","name":"Trend Dog","aliases":[],"brand":null,"subtype":"hot_dog","subtypes":["hot_dog"],"sources":["overture"],"confidence":0.734,"address":"Khamidulla Oripov St 21"}},{"type":"Feature","geometry":{"type":"Point","coordinates":[69.325572,41.325654]},"properties":{"id":"poi_81b588456319b59d","name":"Troy","aliases":[],"brand":null,"subtype":"general_fast_food","subtypes":["general_fast_food"],"sources":["foursquare"],"confidence":0.62,"address":null}},{"type":"Feature","geometry":{"type":"Point","coordinates":[69.38772002539964,41.35805175663013]},"properties":{"id":"poi_a6f8c0e00b899a11","name":"TTZ Burger","aliases":[],"brand":null,"subtype":"burger","subtypes":["burger"],"sources":["foursquare"],"confidence":0.62,"address":null}},{"type":"Feature","geometry":{"type":"Point","coordinates":[69.2324635,41.355929]},"properties":{"id":"poi_8335d7e5e8247d83","name":"Tumaris","aliases":[],"brand":null,"subtype":"general_fast_food","subtypes":["general_fast_food"],"sources":["osm"],"confidence":0.62,"address":null}},{"type":"Feature","geometry":{"type":"Point","coordinates":[69.21912259111282,41.35074250287298]},"properties":{"id":"poi_3ed73e73b746dad7","name":"turin burger","aliases":[],"brand":null,"subtype":"burger","subtypes":["burger"],"sources":["foursquare"],"confidence":0.62,"address":null}},{"type":"Feature","geometry":{"type":"Point","coordinates":[69.2809234,41.317304]},"properties":{"id":"poi_376bc1860f9a2d27","name":"Turk uaz","aliases":[],"brand":null,"subtype":"general_fast_food","subtypes":["general_fast_food"],"sources":["overture"],"confidence":0.659,"address":"Dedeman Hotel"}},{"type":"Feature","geometry":{"type":"Point","coordinates":[69.2707393,41.2862782]},"properties":{"id":"poi_c90da9784f6888e6","name":"Turka Saray","aliases":[],"brand":null,"subtype":"doner_kebab","subtypes":["doner_kebab"],"sources":["overture"],"confidence":0.738,"address":"Nukus Street 83а"}},{"type":"Feature","geometry":{"type":"Point","coordinates":[69.27843236627201,41.31275148010935]},"properties":{"id":"poi_3486e0fa9b1e03ac","name":"Ugolok","aliases":[],"brand":null,"subtype":"chicken","subtypes":["chicken"],"sources":["foursquare"],"confidence":0.62,"address":"Sayilgoh Street, 35/1"}},{"type":"Feature","geometry":{"type":"Point","coordinates":[69.2784622,41.3127333]},"properties":{"id":"poi_a0264893bae55b9a","name":"Ugolok Restaurant","aliases":[],"brand":null,"subtype":"chicken","subtypes":["chicken"],"sources":["overture"],"confidence":0.734,"address":null}},{"type":"Feature","geometry":{"type":"Point","coordinates":[69.3268268,41.3117525]},"properties":{"id":"poi_0fa8eb7b736c85b2","name":"Ummon Toy Xona","aliases":[],"brand":null,"subtype":"general_fast_food","subtypes":["general_fast_food"],"sources":["overture"],"confidence":0.659,"address":null}},{"type":"Feature","geometry":{"type":"Point","coordinates":[69.2073476,41.3502928]},"properties":{"id":"poi_e60462293390c3fb","name":"Univer Food","aliases":[],"brand":null,"subtype":"general_fast_food","subtypes":["general_fast_food"],"sources":["overture"],"confidence":0.659,"address":"Вуз Городок"}},{"type":"Feature","geometry":{"type":"Point","coordinates":[69.280876,41.30449]},"properties":{"id":"poi_175f8055e04b1142","name":"Urban Food","aliases":[],"brand":null,"subtype":"general_fast_food","subtypes":["general_fast_food"],"sources":["foursquare"],"confidence":0.62,"address":null}},{"type":"Feature","geometry":{"type":"Point","coordinates":[69.2774959,41.3315655]},"properties":{"id":"poi_86968935e4cef447","name":"Uskudar Kavurma","aliases":[],"brand":null,"subtype":"doner_kebab","subtypes":["doner_kebab"],"sources":["overture"],"confidence":0.734,"address":"Sharof Rashidov Shoh Ko'Chasi 3"}},{"type":"Feature","geometry":{"type":"Point","coordinates":[69.337524,41.3593027]},"properties":{"id":"poi_285161ab2df6f28b","name":"UZ Burger","aliases":[],"brand":null,"subtype":"burger","subtypes":["burger"],"sources":["osm"],"confidence":0.62,"address":null}},{"type":"Feature","geometry":{"type":"Point","coordinates":[69.2743981,41.3261785]},"properties":{"id":"poi_df9f66b8a713a7f4","name":"Uz Corn","aliases":[],"brand":null,"subtype":"general_fast_food","subtypes":["general_fast_food"],"sources":["osm"],"confidence":0.62,"address":null}},{"type":"Feature","geometry":{"type":"Point","coordinates":[69.28272971908403,41.31178644712935]},"properties":{"id":"poi_25e247edf07157de","name":"Uzbechka","aliases":[],"brand":null,"subtype":"general_fast_food","subtypes":["general_fast_food"],"sources":["foursquare","osm","overture"],"confidence":0.98,"address":"Mustakillik Av."}},{"type":"Feature","geometry":{"type":"Point","coordinates":[69.2353532,41.3450078]},"properties":{"id":"poi_42b63a0ecc1541cc","name":"Uzbekistan Tashkent","aliases":[],"brand":null,"subtype":"general_fast_food","subtypes":["general_fast_food"],"sources":["overture"],"confidence":0.659,"address":"hhamidov443@gmail.com"}},{"type":"Feature","geometry":{"type":"Point","coordinates":[69.305021,41.328864]},"properties":{"id":"poi_11b8bc8ae84511ff","name":"Valentine’s Pizza Grand","aliases":[],"brand":null,"subtype":"pizza","subtypes":["pizza"],"sources":["foursquare"],"confidence":0.62,"address":"Akkurgan Street"}},{"type":"Feature","geometry":{"type":"Point","coordinates":[69.3247455,41.3284043]},"properties":{"id":"poi_b57361722cdf080c","name":"VEAGAT","aliases":[],"brand":null,"subtype":"general_fast_food","subtypes":["general_fast_food"],"sources":["osm"],"confidence":0.62,"address":null}},{"type":"Feature","geometry":{"type":"Point","coordinates":[69.319292,41.310001]},"properties":{"id":"poi_def1d5884ccfce9f","name":"Viktoriya","aliases":[],"brand":null,"subtype":"food_court","subtypes":["food_court"],"sources":["foursquare"],"confidence":0.62,"address":null}},{"type":"Feature","geometry":{"type":"Point","coordinates":[69.2277569,41.220238]},"properties":{"id":"poi_eab41d172e1a1767","name":"Villa Brasserie","aliases":[],"brand":null,"subtype":"general_fast_food","subtypes":["general_fast_food"],"sources":["overture"],"confidence":0.738,"address":null}},{"type":"Feature","geometry":{"type":"Point","coordinates":[69.2778656,41.2733286]},"properties":{"id":"poi_4055efdcadf3c56d","name":"WantedUz","aliases":[],"brand":null,"subtype":"general_fast_food","subtypes":["general_fast_food"],"sources":["overture"],"confidence":0.659,"address":"улица Алишера Навои , напротив \"Химико-технологического\" института"}},{"type":"Feature","geometry":{"type":"Point","coordinates":[69.3396532,41.327267]},"properties":{"id":"poi_a303ef7953683611","name":"Well","aliases":[],"brand":null,"subtype":"general_fast_food","subtypes":["general_fast_food"],"sources":["osm"],"confidence":0.62,"address":null}},{"type":"Feature","geometry":{"type":"Point","coordinates":[69.28053033333333,41.297149]},"properties":{"id":"poi_085ba0805ee734dd","name":"Wendy's","aliases":["Wendy’s"],"brand":null,"subtype":"general_fast_food","subtypes":["burger","general_fast_food"],"sources":["foursquare","osm","overture"],"confidence":0.98,"address":"Taras Shevchenko Street, 38"}},{"type":"Feature","geometry":{"type":"Point","coordinates":[69.293728,41.31357935]},"properties":{"id":"poi_977904d8f2e00ce4","name":"Wendy's","aliases":[],"brand":null,"subtype":"general_fast_food","subtypes":["general_fast_food"],"sources":["foursquare","osm"],"confidence":0.82,"address":null}},{"type":"Feature","geometry":{"type":"Point","coordinates":[69.2312418,41.31608675]},"properties":{"id":"poi_230b02859f8131a2","name":"Wendy's","aliases":[],"brand":null,"subtype":"general_fast_food","subtypes":["general_fast_food"],"sources":["foursquare","osm"],"confidence":0.82,"address":null}},{"type":"Feature","geometry":{"type":"Point","coordinates":[69.20376593333333,41.2762723]},"properties":{"id":"poi_6ada46ebaed8f212","name":"Wendy's","aliases":["Wendy's Chilanzar"],"brand":null,"subtype":"general_fast_food","subtypes":["burger","general_fast_food"],"sources":["foursquare","osm","overture"],"confidence":0.98,"address":"Бунёдкор просп., 52D"}},{"type":"Feature","geometry":{"type":"Point","coordinates":[69.20523645,41.344101550000005]},"properties":{"id":"poi_18c8187e68758772","name":"Wendy's","aliases":[],"brand":null,"subtype":"general_fast_food","subtypes":["general_fast_food"],"sources":["osm","overture"],"confidence":0.934,"address":"Проспект Беруни, 47"}},{"type":"Feature","geometry":{"type":"Point","coordinates":[69.2463165,41.298674]},"properties":{"id":"poi_89869f77179ae0eb","name":"Wendy's","aliases":[],"brand":null,"subtype":"general_fast_food","subtypes":["general_fast_food"],"sources":["osm"],"confidence":0.62,"address":null}},{"type":"Feature","geometry":{"type":"Point","coordinates":[69.253258,41.3168718]},"properties":{"id":"poi_28f773692a07fb37","name":"Wendy's","aliases":[],"brand":null,"subtype":"general_fast_food","subtypes":["general_fast_food"],"sources":["osm"],"confidence":0.62,"address":null}},{"type":"Feature","geometry":{"type":"Point","coordinates":[69.3289742,41.2388505]},"properties":{"id":"poi_68c47245053a95e4","name":"Wendy's","aliases":[],"brand":null,"subtype":"burger","subtypes":["burger"],"sources":["overture"],"confidence":0.659,"address":"\"Mirabad District, 17, Tashkent Ring Automobile Roa\""}},{"type":"Feature","geometry":{"type":"Point","coordinates":[69.251527,41.315877]},"properties":{"id":"poi_261ed12f4e3de783","name":"Wendy’s","aliases":[],"brand":null,"subtype":"general_fast_food","subtypes":["general_fast_food"],"sources":["foursquare"],"confidence":0.62,"address":null}},{"type":"Feature","geometry":{"type":"Point","coordinates":[69.2934994,41.3137838]},"properties":{"id":"poi_6ddb1d66cc076912","name":"Wendy's Ecopark","aliases":[],"brand":null,"subtype":"general_fast_food","subtypes":["general_fast_food"],"sources":["overture"],"confidence":0.734,"address":"Buyuk Ipak Yo'Li Daxasi 31a"}},{"type":"Feature","geometry":{"type":"Point","coordinates":[69.268731,41.297232]},"properties":{"id":"poi_9c4ae74d417b9038","name":"West Cheesesteak & Burger","aliases":[],"brand":null,"subtype":"burger","subtypes":["burger"],"sources":["foursquare"],"confidence":0.62,"address":null}},{"type":"Feature","geometry":{"type":"Point","coordinates":[69.31441670000001,41.2536293]},"properties":{"id":"poi_102ba6ad79d2a620","name":"WFC","aliases":[],"brand":null,"subtype":"general_fast_food","subtypes":["general_fast_food"],"sources":["osm"],"confidence":0.62,"address":null}},{"type":"Feature","geometry":{"type":"Point","coordinates":[69.24292,41.2875355]},"properties":{"id":"poi_a3bee0b190924ae7","name":"WINGS","aliases":[],"brand":null,"subtype":"burger","subtypes":["burger"],"sources":["overture"],"confidence":0.659,"address":"Имам Ат-Термизий, Ракат\\n\\nImam At-Termiziy, Rakat"}},{"type":"Feature","geometry":{"type":"Point","coordinates":[69.3091585,41.2722955]},"properties":{"id":"poi_f9f0206e09ca049b","name":"WOK","aliases":[],"brand":null,"subtype":"general_fast_food","subtypes":["general_fast_food"],"sources":["osm"],"confidence":0.62,"address":null}},{"type":"Feature","geometry":{"type":"Point","coordinates":[69.2410541,41.3255712]},"properties":{"id":"poi_76480a706fbbfe62","name":"WOK Lagman","aliases":[],"brand":null,"subtype":"general_fast_food","subtypes":["general_fast_food"],"sources":["overture"],"confidence":0.659,"address":"Tashkent, Uzbekistan"}},{"type":"Feature","geometry":{"type":"Point","coordinates":[69.248922,41.32871]},"properties":{"id":"poi_163f57ae89d2f601","name":"Wopper","aliases":["Wopper Burger"],"brand":null,"subtype":"burger","subtypes":["burger"],"sources":["foursquare","overture"],"confidence":0.859,"address":"Шайхонтохурский район"}},{"type":"Feature","geometry":{"type":"Point","coordinates":[69.2477745088828,41.32615970257262]},"properties":{"id":"poi_babe6a94cec0aa60","name":"Wow Burger","aliases":[],"brand":null,"subtype":"burger","subtypes":["burger"],"sources":["foursquare"],"confidence":0.62,"address":null}},{"type":"Feature","geometry":{"type":"Point","coordinates":[69.2920188,41.3271211]},"properties":{"id":"poi_68d91fe76fb51289","name":"Xon Xonim","aliases":[],"brand":null,"subtype":"general_fast_food","subtypes":["general_fast_food"],"sources":["overture"],"confidence":0.738,"address":"Osiyo Street 21"}},{"type":"Feature","geometry":{"type":"Point","coordinates":[69.23153090000001,41.3317312]},"properties":{"id":"poi_68b75450cef99c22","name":"Xonim","aliases":[],"brand":null,"subtype":"general_fast_food","subtypes":["general_fast_food"],"sources":["osm"],"confidence":0.62,"address":null}},{"type":"Feature","geometry":{"type":"Point","coordinates":[69.187741,41.302008]},"properties":{"id":"poi_4e1f55aa5df6810b","name":"Xonim xola uyi","aliases":[],"brand":null,"subtype":"general_fast_food","subtypes":["general_fast_food"],"sources":["osm"],"confidence":0.62,"address":null}},{"type":"Feature","geometry":{"type":"Point","coordinates":[69.2441138,41.3184393]},"properties":{"id":"poi_2914b0330022ee13","name":"Xorazm Burger","aliases":[],"brand":null,"subtype":"burger","subtypes":["burger"],"sources":["osm"],"confidence":0.62,"address":null}},{"type":"Feature","geometry":{"type":"Point","coordinates":[69.1796929,41.292131]},"properties":{"id":"poi_b6f5a0d704a8e19d","name":"Yaponamama","aliases":[],"brand":null,"subtype":"general_fast_food","subtypes":["general_fast_food"],"sources":["overture"],"confidence":0.734,"address":"Uchtepa Outlet Centre, Ташкент массив Чиланзар 31а MediaPark"}},{"type":"Feature","geometry":{"type":"Point","coordinates":[69.226989,41.2901541]},"properties":{"id":"poi_b8e45cc83dbcbf47","name":"Yaponamama Novza","aliases":[],"brand":null,"subtype":"general_fast_food","subtypes":["general_fast_food"],"sources":["overture"],"confidence":0.734,"address":"ЖК Novza, Mukimi Street 20Б-3"}},{"type":"Feature","geometry":{"type":"Point","coordinates":[69.3011289,41.24505]},"properties":{"id":"poi_fedcf5cc28a6059a","name":"Yaponamama Sushi Point Kuylyuk","aliases":[],"brand":null,"subtype":"general_fast_food","subtypes":["general_fast_food"],"sources":["overture"],"confidence":0.734,"address":"Сергелийский р-н, Yangi Qo'yliq ko'chasi 77"}},{"type":"Feature","geometry":{"type":"Point","coordinates":[69.24258329077148,41.326824232299806]},"properties":{"id":"poi_a0ae60032732085c","name":"Yashullilar kafesi","aliases":["Yashulli"],"brand":null,"subtype":"general_fast_food","subtypes":["food_court","general_fast_food"],"sources":["foursquare","overture"],"confidence":0.859,"address":"Алмазарский район, ул. Заркайнар 6"}},{"type":"Feature","geometry":{"type":"Point","coordinates":[69.2742276,41.3717284]},"properties":{"id":"poi_74e595ba6bb0497e","name":"Yassi_beshbarmoq","aliases":[],"brand":null,"subtype":"burger","subtypes":["burger"],"sources":["overture"],"confidence":0.697,"address":"Юнусабадский район, 7-й квартал, 18Б"}},{"type":"Feature","geometry":{"type":"Point","coordinates":[69.2508,41.3169]},"properties":{"id":"poi_30327f0e99fb4512","name":"YOKO PIZZA","aliases":[],"brand":null,"subtype":"pizza","subtypes":["pizza"],"sources":["overture"],"confidence":0.688,"address":"Юусабад 5, 1"}},{"type":"Feature","geometry":{"type":"Point","coordinates":[69.28259611129761,41.32237119281928]},"properties":{"id":"poi_16f05b966a2eae33","name":"Yulduz Burger","aliases":[],"brand":null,"subtype":"burger","subtypes":["burger"],"sources":["foursquare"],"confidence":0.62,"address":"Amir Temur avenue"}},{"type":"Feature","geometry":{"type":"Point","coordinates":[69.1850533,41.2873582]},"properties":{"id":"poi_7753b935b0ddc71b","name":"Yummy food","aliases":[],"brand":null,"subtype":"general_fast_food","subtypes":["general_fast_food"],"sources":["osm"],"confidence":0.62,"address":null}},{"type":"Feature","geometry":{"type":"Point","coordinates":[69.21620068472428,41.296580706580116]},"properties":{"id":"poi_20a18d58089cb065","name":"Yumshoq Jo'jalar","aliases":[],"brand":null,"subtype":"chicken","subtypes":["chicken"],"sources":["foursquare"],"confidence":0.62,"address":null}},{"type":"Feature","geometry":{"type":"Point","coordinates":[69.2850099,41.3677783]},"properties":{"id":"poi_a9296b521437f963","name":"Yunusabad Restaurant","aliases":[],"brand":null,"subtype":"burger","subtypes":["burger"],"sources":["overture"],"confidence":0.734,"address":"Юнусабадский район, массив Юнусабад-8, ул. Кулоктепа, д. 8Д"}},{"type":"Feature","geometry":{"type":"Point","coordinates":[69.35750579833984,41.31788635253906]},"properties":{"id":"poi_1a7a1ffc86b48406","name":"Zabegalovka","aliases":[],"brand":null,"subtype":"general_fast_food","subtypes":["general_fast_food"],"sources":["foursquare"],"confidence":0.62,"address":null}},{"type":"Feature","geometry":{"type":"Point","coordinates":[69.23406961198107,41.33139596192446]},"properties":{"id":"poi_29c4950361b27137","name":"Zamin pizza & burger","aliases":[],"brand":null,"subtype":"burger","subtypes":["burger"],"sources":["foursquare"],"confidence":0.62,"address":null}},{"type":"Feature","geometry":{"type":"Point","coordinates":[69.2257833,41.3560451]},"properties":{"id":"poi_3d0ac09220880603","name":"Zeb Ziynat","aliases":[],"brand":null,"subtype":"general_fast_food","subtypes":["general_fast_food"],"sources":["overture"],"confidence":0.734,"address":null}},{"type":"Feature","geometry":{"type":"Point","coordinates":[69.2215061,41.2224713]},"properties":{"id":"poi_6ae994be5d24a515","name":"Ziyafet et-Lokantası","aliases":[],"brand":null,"subtype":"doner_kebab","subtypes":["doner_kebab"],"sources":["overture"],"confidence":0.659,"address":"Сергели-8 21А"}},{"type":"Feature","geometry":{"type":"Point","coordinates":[69.2188751,41.227891]},"properties":{"id":"poi_1044fd5e3ca6739c","name":"Zo'r lavash","aliases":[],"brand":null,"subtype":"doner_kebab","subtypes":["doner_kebab"],"sources":["osm"],"confidence":0.62,"address":null}},{"type":"Feature","geometry":{"type":"Point","coordinates":[69.232078,41.3312791]},"properties":{"id":"poi_fae9e1d622bc5c88","name":"Zo'r somsa","aliases":[],"brand":null,"subtype":"general_fast_food","subtypes":["general_fast_food"],"sources":["osm"],"confidence":0.62,"address":null}},{"type":"Feature","geometry":{"type":"Point","coordinates":[69.29799,41.2989]},"properties":{"id":"poi_06912edf13bb7e9f","name":"Zo'r TV","aliases":[],"brand":null,"subtype":"burger","subtypes":["burger"],"sources":["overture"],"confidence":0.659,"address":null}},{"type":"Feature","geometry":{"type":"Point","coordinates":[69.2188720703125,41.22787857055664]},"properties":{"id":"poi_673d5987c35d1c09","name":"Zo'r-zo'r food","aliases":[],"brand":null,"subtype":"burger","subtypes":["burger"],"sources":["foursquare"],"confidence":0.62,"address":"Новосергелийская, 23"}},{"type":"Feature","geometry":{"type":"Point","coordinates":[69.226875,41.290165]},"properties":{"id":"poi_e91e52c7e83f1e2d","name":"Zohid Kebab","aliases":[],"brand":null,"subtype":"doner_kebab","subtypes":["doner_kebab"],"sources":["foursquare"],"confidence":0.62,"address":null}},{"type":"Feature","geometry":{"type":"Point","coordinates":[69.26764625,41.3046516]},"properties":{"id":"poi_93902647851a2144","name":"Zohid Kebab","aliases":[],"brand":null,"subtype":"doner_kebab","subtypes":["doner_kebab"],"sources":["foursquare","overture"],"confidence":0.934,"address":null}},{"type":"Feature","geometry":{"type":"Point","coordinates":[69.24919107192936,41.29796639161438]},"properties":{"id":"poi_ece526637d776492","name":"ZorBurger","aliases":[],"brand":null,"subtype":"burger","subtypes":["burger"],"sources":["foursquare"],"confidence":0.62,"address":null}},{"type":"Feature","geometry":{"type":"Point","coordinates":[69.19266804576819,41.32283750554497]},"properties":{"id":"poi_4a568fe3be9e3b89","name":"Zoti Sher","aliases":[],"brand":null,"subtype":"general_fast_food","subtypes":["general_fast_food"],"sources":["foursquare"],"confidence":0.62,"address":null}},{"type":"Feature","geometry":{"type":"Point","coordinates":[69.2383487,41.2973553]},"properties":{"id":"poi_6e2ae9ce161e43b5","name":"Zumrasha Somsa Markazi","aliases":[],"brand":null,"subtype":"general_fast_food","subtypes":["general_fast_food"],"sources":["osm"],"confidence":0.62,"address":null}},{"type":"Feature","geometry":{"type":"Point","coordinates":[69.27446876765924,41.33851847484954]},"properties":{"id":"poi_31ad26f2789f59ea","name":"Айрон Истиклол | Istiqlol Ayron","aliases":[],"brand":null,"subtype":"general_fast_food","subtypes":["general_fast_food"],"sources":["foursquare"],"confidence":0.62,"address":"Zakhidov St"}},{"type":"Feature","geometry":{"type":"Point","coordinates":[69.25083824094439,41.29929749099575]},"properties":{"id":"poi_3b77df097fe33818","name":"амара фуд","aliases":[],"brand":null,"subtype":"burger","subtypes":["burger"],"sources":["foursquare"],"confidence":0.62,"address":null}},{"type":"Feature","geometry":{"type":"Point","coordinates":[69.26692075,41.28264375]},"properties":{"id":"poi_0a71686b419b3ee7","name":"Ариранг","aliases":[],"brand":null,"subtype":"general_fast_food","subtypes":["general_fast_food"],"sources":["osm","overture"],"confidence":0.897,"address":null}},{"type":"Feature","geometry":{"type":"Point","coordinates":[69.37427,41.3552523]},"properties":{"id":"poi_41fe2eae3585e456","name":"армянский домик","aliases":[],"brand":null,"subtype":"general_fast_food","subtypes":["general_fast_food"],"sources":["overture"],"confidence":0.659,"address":null}},{"type":"Feature","geometry":{"type":"Point","coordinates":[69.3426293,41.3023343]},"properties":{"id":"poi_5d0b73b54f957add","name":"Аромат Востока","aliases":[],"brand":null,"subtype":"general_fast_food","subtypes":["general_fast_food"],"sources":["overture"],"confidence":0.697,"address":"Яшнабадский район,ул.Паркент"}},{"type":"Feature","geometry":{"type":"Point","coordinates":[69.330319,41.308014]},"properties":{"id":"poi_aca872e45ca67334","name":"Ашотский Магаз","aliases":[],"brand":null,"subtype":"general_fast_food","subtypes":["general_fast_food"],"sources":["foursquare"],"confidence":0.62,"address":"Возле Колледжа"}},{"type":"Feature","geometry":{"type":"Point","coordinates":[69.265342,41.2891735]},"properties":{"id":"poi_21f1cb31ff8eb4c6","name":"Багратион","aliases":[],"brand":null,"subtype":"general_fast_food","subtypes":["general_fast_food"],"sources":["overture"],"confidence":0.697,"address":"ул. Ивлева 5"}},{"type":"Feature","geometry":{"type":"Point","coordinates":[69.2788478,41.3037153]},"properties":{"id":"poi_6495a2129e152070","name":"Базилик","aliases":[],"brand":null,"subtype":"pizza","subtypes":["pizza"],"sources":["overture"],"confidence":0.697,"address":null}},{"type":"Feature","geometry":{"type":"Point","coordinates":[69.2873304,41.3443282]},"properties":{"id":"poi_0456a2ab8cac161b","name":"Бас Сэндвич","aliases":[],"brand":null,"subtype":"general_fast_food","subtypes":["general_fast_food"],"sources":["osm"],"confidence":0.62,"address":null}},{"type":"Feature","geometry":{"type":"Point","coordinates":[69.3057218,41.3745931]},"properties":{"id":"poi_7f7ab7727d78e9cf","name":"Бахор Ресторан","aliases":[],"brand":null,"subtype":"general_fast_food","subtypes":["general_fast_food"],"sources":["overture"],"confidence":0.697,"address":null}},{"type":"Feature","geometry":{"type":"Point","coordinates":[69.20479,41.344297]},"properties":{"id":"poi_dcc60e0fb21b1677","name":"Беруни","aliases":[],"brand":null,"subtype":"pizza","subtypes":["pizza"],"sources":["overture"],"confidence":0.668,"address":"47 улица Беруни"}},{"type":"Feature","geometry":{"type":"Point","coordinates":[69.2044598,41.3409902]},"properties":{"id":"poi_480aba877db0a2aa","name":"Бест бургер","aliases":[],"brand":null,"subtype":"general_fast_food","subtypes":["general_fast_food"],"sources":["osm"],"confidence":0.62,"address":null}},{"type":"Feature","geometry":{"type":"Point","coordinates":[69.2329113404043,41.348998588618215]},"properties":{"id":"poi_67a9704dec1c4356","name":"Бистро","aliases":[],"brand":null,"subtype":"general_fast_food","subtypes":["general_fast_food"],"sources":["foursquare"],"confidence":0.62,"address":null}},{"type":"Feature","geometry":{"type":"Point","coordinates":[69.2240525658739,41.28033416006415]},"properties":{"id":"poi_606d31aac882c6a1","name":"Блинофф","aliases":[],"brand":null,"subtype":"general_fast_food","subtypes":["general_fast_food"],"sources":["foursquare"],"confidence":0.62,"address":null}},{"type":"Feature","geometry":{"type":"Point","coordinates":[69.3332592882313,41.3239704986897]},"properties":{"id":"poi_db9693d3809a31c1","name":"Блинофф","aliases":[],"brand":null,"subtype":"general_fast_food","subtypes":["general_fast_food"],"sources":["foursquare"],"confidence":0.62,"address":null}},{"type":"Feature","geometry":{"type":"Point","coordinates":[69.2915807,41.3074175]},"properties":{"id":"poi_75407f099f76ef17","name":"Блэкстар бургер","aliases":[],"brand":null,"subtype":"general_fast_food","subtypes":["general_fast_food"],"sources":["osm"],"confidence":0.62,"address":null}},{"type":"Feature","geometry":{"type":"Point","coordinates":[69.28324,41.30778]},"properties":{"id":"poi_180250a1673b22fc","name":"Бро","aliases":[],"brand":null,"subtype":"burger","subtypes":["burger"],"sources":["foursquare"],"confidence":0.62,"address":null}},{"type":"Feature","geometry":{"type":"Point","coordinates":[69.21785736083984,41.29206085205078]},"properties":{"id":"poi_4805b874c6ff4ef8","name":"Булочки","aliases":[],"brand":null,"subtype":"street_food","subtypes":["street_food"],"sources":["foursquare"],"confidence":0.62,"address":null}},{"type":"Feature","geometry":{"type":"Point","coordinates":[69.2136723,41.1943059]},"properties":{"id":"poi_15fcfc07a8658c1f","name":"Бургер Дустлик","aliases":[],"brand":null,"subtype":"general_fast_food","subtypes":["general_fast_food"],"sources":["osm"],"confidence":0.62,"address":null}},{"type":"Feature","geometry":{"type":"Point","coordinates":[69.22684310000001,41.3580208]},"properties":{"id":"poi_c5f71c2e1f9c6435","name":"Бургер Роом","aliases":[],"brand":null,"subtype":"general_fast_food","subtypes":["general_fast_food"],"sources":["osm"],"confidence":0.62,"address":null}},{"type":"Feature","geometry":{"type":"Point","coordinates":[69.29050070000001,41.3116815]},"properties":{"id":"poi_dba19d813fe416c9","name":"Бургер Сити","aliases":[],"brand":null,"subtype":"general_fast_food","subtypes":["general_fast_food"],"sources":["osm"],"confidence":0.62,"address":null}},{"type":"Feature","geometry":{"type":"Point","coordinates":[69.21818970000001,41.2783161]},"properties":{"id":"poi_e31379cf7360ffe6","name":"Бургер Уз","aliases":[],"brand":null,"subtype":"general_fast_food","subtypes":["general_fast_food"],"sources":["osm"],"confidence":0.62,"address":null}},{"type":"Feature","geometry":{"type":"Point","coordinates":[69.2226394,41.2820842]},"properties":{"id":"poi_05bb61c72e0329cb","name":"Буфет","aliases":[],"brand":null,"subtype":"general_fast_food","subtypes":["general_fast_food"],"sources":["osm"],"confidence":0.62,"address":null}},{"type":"Feature","geometry":{"type":"Point","coordinates":[69.22835,41.2953622]},"properties":{"id":"poi_8a393c0050d23102","name":"Буфет","aliases":[],"brand":null,"subtype":"general_fast_food","subtypes":["general_fast_food"],"sources":["osm"],"confidence":0.62,"address":null}},{"type":"Feature","geometry":{"type":"Point","coordinates":[69.26722250829937,41.28303934733744]},"properties":{"id":"poi_ac5a8b691af263f1","name":"Бухара","aliases":[],"brand":null,"subtype":"general_fast_food","subtypes":["general_fast_food"],"sources":["foursquare"],"confidence":0.62,"address":"Абдурауф Фитрат"}},{"type":"Feature","geometry":{"type":"Point","coordinates":[69.26821195986048,41.292151346975366]},"properties":{"id":"poi_1b4ff1692821941e","name":"Бухоро","aliases":[],"brand":null,"subtype":"doner_kebab","subtypes":["doner_kebab"],"sources":["foursquare"],"confidence":0.62,"address":"Shota Rustavelli Street"}},{"type":"Feature","geometry":{"type":"Point","coordinates":[69.29201,41.326697]},"properties":{"id":"poi_f3e327346b4dd3a7","name":"Буше","aliases":[],"brand":null,"subtype":"burger","subtypes":["burger"],"sources":["foursquare"],"confidence":0.62,"address":null}},{"type":"Feature","geometry":{"type":"Point","coordinates":[69.337805,41.327666]},"properties":{"id":"poi_b518b46c1797ba9e","name":"Буюк Ипак Йули","aliases":[],"brand":null,"subtype":"pizza","subtypes":["pizza"],"sources":["overture"],"confidence":0.668,"address":"123 улица Буюк Ипак Йули"}},{"type":"Feature","geometry":{"type":"Point","coordinates":[69.267704,41.310064]},"properties":{"id":"poi_597a89afc4ec0324","name":"В Автобусе","aliases":[],"brand":null,"subtype":"street_food","subtypes":["street_food"],"sources":["foursquare"],"confidence":0.62,"address":null}},{"type":"Feature","geometry":{"type":"Point","coordinates":[69.221604,41.329641]},"properties":{"id":"poi_27ea491d326c9e73","name":"Веранда #1","aliases":[],"brand":null,"subtype":"chicken","subtypes":["chicken"],"sources":["foursquare"],"confidence":0.62,"address":null}},{"type":"Feature","geometry":{"type":"Point","coordinates":[69.2902626,41.2834331]},"properties":{"id":"poi_943cbcf3c091acfd","name":"геташен","aliases":[],"brand":null,"subtype":"general_fast_food","subtypes":["general_fast_food"],"sources":["overture"],"confidence":0.697,"address":null}},{"type":"Feature","geometry":{"type":"Point","coordinates":[69.26281131581577,41.29270479061824]},"properties":{"id":"poi_ff9a71084efc9820","name":"Гирос","aliases":[],"brand":null,"subtype":"general_fast_food","subtypes":["general_fast_food"],"sources":["foursquare","overture"],"confidence":0.859,"address":"Усмана Носира 21"}},{"type":"Feature","geometry":{"type":"Point","coordinates":[69.2687506,41.2682475]},"properties":{"id":"poi_f0374b48ad0f37b7","name":"Голодовка/Лакистрайк","aliases":[],"brand":null,"subtype":"general_fast_food","subtypes":["general_fast_food"],"sources":["osm"],"confidence":0.62,"address":null}},{"type":"Feature","geometry":{"type":"Point","coordinates":[69.3545359,41.3204234]},"properties":{"id":"poi_5e26bd4e20544791","name":"Грилль","aliases":[],"brand":null,"subtype":"general_fast_food","subtypes":["general_fast_food"],"sources":["osm"],"confidence":0.62,"address":null}},{"type":"Feature","geometry":{"type":"Point","coordinates":[69.3559337,41.3374646]},"properties":{"id":"poi_e460e3e982f30a83","name":"Гриль","aliases":[],"brand":null,"subtype":"general_fast_food","subtypes":["general_fast_food"],"sources":["osm"],"confidence":0.62,"address":null}},{"type":"Feature","geometry":{"type":"Point","coordinates":[69.1528419,41.2580621]},"properties":{"id":"poi_edf345cf717fd0c0","name":"Гумма","aliases":[],"brand":null,"subtype":"general_fast_food","subtypes":["general_fast_food"],"sources":["osm"],"confidence":0.62,"address":null}},{"type":"Feature","geometry":{"type":"Point","coordinates":[69.2761214,41.2924081]},"properties":{"id":"poi_c0328c09ff49ede3","name":"Гумма","aliases":[],"brand":null,"subtype":"general_fast_food","subtypes":["general_fast_food"],"sources":["osm"],"confidence":0.62,"address":null}},{"type":"Feature","geometry":{"type":"Point","coordinates":[69.26613993098537,41.30808043004995]},"properties":{"id":"poi_d715cbb58a054e13","name":"Гумма - центр (ЦУМ)","aliases":[],"brand":null,"subtype":"general_fast_food","subtypes":["general_fast_food"],"sources":["foursquare"],"confidence":0.62,"address":null}},{"type":"Feature","geometry":{"type":"Point","coordinates":[69.21824,41.33283]},"properties":{"id":"poi_de50e679f9a8e3d1","name":"Гунча Королевский Хот Дог","aliases":[],"brand":null,"subtype":"hot_dog","subtypes":["hot_dog"],"sources":["foursquare"],"confidence":0.62,"address":null}},{"type":"Feature","geometry":{"type":"Point","coordinates":[69.1861765,41.3635203]},"properties":{"id":"poi_baf2ed94ec6f713a","name":"гурман","aliases":[],"brand":null,"subtype":"general_fast_food","subtypes":["general_fast_food"],"sources":["osm"],"confidence":0.62,"address":null}},{"type":"Feature","geometry":{"type":"Point","coordinates":[69.386431,41.3585347]},"properties":{"id":"poi_e43c4691564c66df","name":"Диадора","aliases":[],"brand":null,"subtype":"general_fast_food","subtypes":["general_fast_food"],"sources":["osm"],"confidence":0.62,"address":null}},{"type":"Feature","geometry":{"type":"Point","coordinates":[69.2804588,41.2959055]},"properties":{"id":"poi_7fcd5c749d4588e6","name":"Додо Пицца","aliases":[],"brand":null,"subtype":"general_fast_food","subtypes":["general_fast_food"],"sources":["osm"],"confidence":0.62,"address":null}},{"type":"Feature","geometry":{"type":"Point","coordinates":[69.281156,41.296293]},"properties":{"id":"poi_6c5a1ffabfb789f8","name":"додо пицца ташкент","aliases":[],"brand":null,"subtype":"pizza","subtypes":["pizza"],"sources":["foursquare"],"confidence":0.62,"address":"Улица саид Барака, 16б"}},{"type":"Feature","geometry":{"type":"Point","coordinates":[69.34292520000001,41.2543386]},"properties":{"id":"poi_1784d47f69f020e4","name":"Донер+Лаваш","aliases":[],"brand":null,"subtype":"general_fast_food","subtypes":["general_fast_food"],"sources":["osm"],"confidence":0.62,"address":null}},{"type":"Feature","geometry":{"type":"Point","coordinates":[69.24472100534838,41.278508631528105]},"properties":{"id":"poi_59368d5a043ef49f","name":"Дружба","aliases":[],"brand":null,"subtype":"general_fast_food","subtypes":["general_fast_food"],"sources":["foursquare"],"confidence":0.62,"address":null}},{"type":"Feature","geometry":{"type":"Point","coordinates":[69.2363924,41.3064417]},"properties":{"id":"poi_040e43673a9b1c35","name":"дружба бургер","aliases":[],"brand":null,"subtype":"general_fast_food","subtypes":["general_fast_food"],"sources":["osm"],"confidence":0.62,"address":null}},{"type":"Feature","geometry":{"type":"Point","coordinates":[69.21333117841306,41.33433200388353]},"properties":{"id":"poi_5f3f48b3d96b86c0","name":"Дружба Бургер","aliases":[],"brand":null,"subtype":"burger","subtypes":["burger"],"sources":["foursquare","overture"],"confidence":0.859,"address":null}},{"type":"Feature","geometry":{"type":"Point","coordinates":[69.31007,41.371037]},"properties":{"id":"poi_1a0b15f0588a5354","name":"Жужа","aliases":[],"brand":null,"subtype":"chicken","subtypes":["chicken"],"sources":["foursquare"],"confidence":0.62,"address":null}},{"type":"Feature","geometry":{"type":"Point","coordinates":[69.2303794366216,41.21199919526646]},"properties":{"id":"poi_977d1a9e7840393e","name":"Заказ сомса","aliases":[],"brand":null,"subtype":"general_fast_food","subtypes":["general_fast_food"],"sources":["foursquare"],"confidence":0.62,"address":null}},{"type":"Feature","geometry":{"type":"Point","coordinates":[69.2438363,41.3062816]},"properties":{"id":"poi_e0368c0ac5a28c30","name":"Зал торжеств Навруз","aliases":[],"brand":null,"subtype":"general_fast_food","subtypes":["general_fast_food"],"sources":["overture"],"confidence":0.659,"address":null}},{"type":"Feature","geometry":{"type":"Point","coordinates":[69.272602,41.312227]},"properties":{"id":"poi_de0d070dd1752929","name":"Заравшан Обед","aliases":[],"brand":null,"subtype":"general_fast_food","subtypes":["general_fast_food"],"sources":["foursquare"],"confidence":0.62,"address":null}},{"type":"Feature","geometry":{"type":"Point","coordinates":[69.2736521,41.3127697]},"properties":{"id":"poi_a9b5dccfb78b88a2","name":"Зарафшон ККЗ","aliases":[],"brand":null,"subtype":"general_fast_food","subtypes":["general_fast_food"],"sources":["overture"],"confidence":0.659,"address":"Umniy Tashkent, Shahrisabz Ko'Chasi 7"}},{"type":"Feature","geometry":{"type":"Point","coordinates":[69.2596927,41.3118113]},"properties":{"id":"poi_84eb2e36f97d3886","name":"Здравствуйте По знез за е.з р-н будет его","aliases":[],"brand":null,"subtype":"general_fast_food","subtypes":["general_fast_food"],"sources":["osm"],"confidence":0.62,"address":null}},{"type":"Feature","geometry":{"type":"Point","coordinates":[69.17977526905614,41.29755200510806]},"properties":{"id":"poi_efc46dc7cab43631","name":"Илон Шурва Place","aliases":[],"brand":null,"subtype":"general_fast_food","subtypes":["general_fast_food"],"sources":["foursquare"],"confidence":0.62,"address":"Foziltepa Str"}},{"type":"Feature","geometry":{"type":"Point","coordinates":[69.27382271733987,41.33646505999179]},"properties":{"id":"poi_10d1368d4d543943","name":"Истиклол Бургер | Istiqlol Burger","aliases":[],"brand":null,"subtype":"burger","subtypes":["burger"],"sources":["foursquare"],"confidence":0.62,"address":"Little Ring Rd, Tashkent"}},{"type":"Feature","geometry":{"type":"Point","coordinates":[69.2233132,41.3598201]},"properties":{"id":"poi_2e53af53c23d0919","name":"Кара-Камыш","aliases":[],"brand":null,"subtype":"general_fast_food","subtypes":["general_fast_food"],"sources":["overture"],"confidence":0.659,"address":null}},{"type":"Feature","geometry":{"type":"Point","coordinates":[69.355921,41.320359]},"properties":{"id":"poi_458444c7ef6cd7f3","name":"Карасу 6","aliases":[],"brand":null,"subtype":"burger","subtypes":["burger"],"sources":["overture"],"confidence":0.697,"address":"Magnit, Abdurauf Fitrat Ko'Chasi 2"}},{"type":"Feature","geometry":{"type":"Point","coordinates":[69.256528,41.281323]},"properties":{"id":"poi_c6579d867594ee06","name":"Кафе \"НУР\"","aliases":[],"brand":null,"subtype":"general_fast_food","subtypes":["general_fast_food"],"sources":["foursquare"],"confidence":0.62,"address":null}},{"type":"Feature","geometry":{"type":"Point","coordinates":[69.35678786398985,41.33877836287838]},"properties":{"id":"poi_92de3c3a0739593e","name":"Кафе \"табака\"","aliases":[],"brand":null,"subtype":"chicken","subtypes":["chicken"],"sources":["foursquare"],"confidence":0.62,"address":null}},{"type":"Feature","geometry":{"type":"Point","coordinates":[69.35667728652763,41.338755082439825]},"properties":{"id":"poi_e074f37f916c9b78","name":"Кафе \"Табака\"","aliases":[],"brand":null,"subtype":"chicken","subtypes":["chicken"],"sources":["foursquare"],"confidence":0.62,"address":null}},{"type":"Feature","geometry":{"type":"Point","coordinates":[69.2857182,41.2789756]},"properties":{"id":"poi_afb9ff094411d93c","name":"Кафе Sunrise","aliases":[],"brand":null,"subtype":"general_fast_food","subtypes":["general_fast_food"],"sources":["overture"],"confidence":0.697,"address":"Саракульская,2 тупик,дом 5"}},{"type":"Feature","geometry":{"type":"Point","coordinates":[69.2213345,41.2818539]},"properties":{"id":"poi_ae73692d7c9b18a7","name":"Кафе Азия","aliases":[],"brand":null,"subtype":"general_fast_food","subtypes":["general_fast_food"],"sources":["overture"],"confidence":0.697,"address":"Чиланзар 3. ориентир торговый центр"}},{"type":"Feature","geometry":{"type":"Point","coordinates":[69.338999,41.342869]},"properties":{"id":"poi_c2b1fc6ab396e244","name":"Кафе Академ городок","aliases":[],"brand":null,"subtype":"doner_kebab","subtypes":["doner_kebab"],"sources":["foursquare"],"confidence":0.62,"address":"Muminov street, 1"}},{"type":"Feature","geometry":{"type":"Point","coordinates":[69.3036775138297,41.33266783321949]},"properties":{"id":"poi_dc9e7c346bb12e32","name":"Кафе Дустлар","aliases":[],"brand":null,"subtype":"general_fast_food","subtypes":["general_fast_food"],"sources":["foursquare"],"confidence":0.62,"address":null}},{"type":"Feature","geometry":{"type":"Point","coordinates":[69.26834582677598,41.30407085143318]},"properties":{"id":"poi_e250d83f00e167c5","name":"Кафе Пельменная","aliases":[],"brand":null,"subtype":"general_fast_food","subtypes":["general_fast_food"],"sources":["foursquare"],"confidence":0.62,"address":"Afrosiyob Str"}},{"type":"Feature","geometry":{"type":"Point","coordinates":[69.2252761,41.2658129]},"properties":{"id":"poi_58185bb9b8c46a63","name":"Кафе Сирень","aliases":[],"brand":null,"subtype":"general_fast_food","subtypes":["general_fast_food"],"sources":["overture"],"confidence":0.697,"address":null}},{"type":"Feature","geometry":{"type":"Point","coordinates":[69.31684,41.32316]},"properties":{"id":"poi_74f45b741bdf7a8a","name":"Кафе Уголок","aliases":[],"brand":null,"subtype":"chicken","subtypes":["chicken"],"sources":["overture"],"confidence":0.697,"address":"Mustaqillik Shoh Ko'Chasi 42"}},{"type":"Feature","geometry":{"type":"Point","coordinates":[69.28220970461118,41.32404331857275]},"properties":{"id":"poi_09eef603904014b9","name":"Кафе-бистро La Bella | La Bella Café Bistro","aliases":[],"brand":null,"subtype":"pizza","subtypes":["pizza"],"sources":["foursquare"],"confidence":0.62,"address":"Amir Timur Avenue, 46A"}},{"type":"Feature","geometry":{"type":"Point","coordinates":[69.2318472,41.2903808]},"properties":{"id":"poi_5c4f80999228684c","name":"Квас Узбекфильм","aliases":[],"brand":null,"subtype":"general_fast_food","subtypes":["general_fast_food"],"sources":["osm"],"confidence":0.62,"address":null}},{"type":"Feature","geometry":{"type":"Point","coordinates":[69.37123871,41.33469009]},"properties":{"id":"poi_52c211b6c0a8220e","name":"Корасу","aliases":[],"brand":null,"subtype":"pizza","subtypes":["pizza"],"sources":["overture"],"confidence":0.668,"address":"24В 1-й квартал"}},{"type":"Feature","geometry":{"type":"Point","coordinates":[69.1721673,41.2445917]},"properties":{"id":"poi_c03ac27035b55fff","name":"Корейский Базар (Ипподром)","aliases":[],"brand":null,"subtype":"burger","subtypes":["burger"],"sources":["overture"],"confidence":0.697,"address":"Ипподром"}},{"type":"Feature","geometry":{"type":"Point","coordinates":[69.3230522,41.323611]},"properties":{"id":"poi_06e4bc8b01db4410","name":"Корица","aliases":[],"brand":null,"subtype":"pizza","subtypes":["pizza"],"sources":["overture"],"confidence":0.697,"address":"ташкент, мирзо улугбекский район, массив Феруза , улица Кадырова 4"}},{"type":"Feature","geometry":{"type":"Point","coordinates":[69.29245909544564,41.33304323161659]},"properties":{"id":"poi_2926bf0293b094c8","name":"Крутейшая Самса В Мире","aliases":[],"brand":null,"subtype":"general_fast_food","subtypes":["general_fast_food"],"sources":["foursquare"],"confidence":0.62,"address":null}},{"type":"Feature","geometry":{"type":"Point","coordinates":[69.2588266,41.320593]},"properties":{"id":"poi_b67d8efeea243c49","name":"Кува","aliases":[],"brand":null,"subtype":"general_fast_food","subtypes":["general_fast_food"],"sources":["osm"],"confidence":0.62,"address":null}},{"type":"Feature","geometry":{"type":"Point","coordinates":[69.30123138,41.25101089]},"properties":{"id":"poi_bce7032f2461b8f2","name":"Куйлюк","aliases":[],"brand":null,"subtype":"pizza","subtypes":["pizza"],"sources":["overture"],"confidence":0.668,"address":"52 улица Янги Куйлюк"}},{"type":"Feature","geometry":{"type":"Point","coordinates":[69.194695,41.22692]},"properties":{"id":"poi_adc628452d692690","name":"Куриные шашлыки","aliases":[],"brand":null,"subtype":"chicken","subtypes":["chicken"],"sources":["foursquare"],"confidence":0.62,"address":null}},{"type":"Feature","geometry":{"type":"Point","coordinates":[69.347865,41.2871296]},"properties":{"id":"poi_ba8a46aa811eeec8","name":"Курица гриль, шашлык","aliases":[],"brand":null,"subtype":"general_fast_food","subtypes":["general_fast_food"],"sources":["osm"],"confidence":0.62,"address":null}},{"type":"Feature","geometry":{"type":"Point","coordinates":[69.37266434688038,41.3367684599219]},"properties":{"id":"poi_9f5fc0f481e6da18","name":"Куры Гриль (Супермаркет \"Dunyo\")","aliases":[],"brand":null,"subtype":"chicken","subtypes":["chicken"],"sources":["foursquare"],"confidence":0.62,"address":null}},{"type":"Feature","geometry":{"type":"Point","coordinates":[69.2432804,41.3107673]},"properties":{"id":"poi_2ded42f68f51732f","name":"Ла-бистро","aliases":[],"brand":null,"subtype":"general_fast_food","subtypes":["general_fast_food"],"sources":["osm"],"confidence":0.62,"address":null}},{"type":"Feature","geometry":{"type":"Point","coordinates":[69.156169,41.314981]},"properties":{"id":"poi_610bac9a53dac071","name":"Лабзак Таомлари","aliases":[],"brand":null,"subtype":"chicken","subtypes":["chicken"],"sources":["foursquare"],"confidence":0.62,"address":null}},{"type":"Feature","geometry":{"type":"Point","coordinates":[69.3550663,41.3205552]},"properties":{"id":"poi_c707537d0331a867","name":"Лаваш","aliases":[],"brand":null,"subtype":"general_fast_food","subtypes":["general_fast_food"],"sources":["osm"],"confidence":0.62,"address":null}},{"type":"Feature","geometry":{"type":"Point","coordinates":[69.292349,41.332692]},"properties":{"id":"poi_5bebabf04d493411","name":"Лаваш 15","aliases":[],"brand":null,"subtype":"burger","subtypes":["burger"],"sources":["foursquare"],"confidence":0.62,"address":null}},{"type":"Feature","geometry":{"type":"Point","coordinates":[69.291674,41.307078]},"properties":{"id":"poi_5a098fd7be06d933","name":"Лаваш напротив Snob's","aliases":[],"brand":null,"subtype":"general_fast_food","subtypes":["general_fast_food"],"sources":["foursquare"],"confidence":0.62,"address":null}},{"type":"Feature","geometry":{"type":"Point","coordinates":[69.29898,41.363729]},"properties":{"id":"poi_7278fbd342b4985b","name":"Лаваш Напротив Фаст Фуд Центра","aliases":[],"brand":null,"subtype":"burger","subtypes":["burger"],"sources":["foursquare"],"confidence":0.62,"address":null}},{"type":"Feature","geometry":{"type":"Point","coordinates":[69.32093110760434,41.322196150881666]},"properties":{"id":"poi_1c1640eb3869fca5","name":"Лаваш центер (ЭВАС)","aliases":[],"brand":null,"subtype":"burger","subtypes":["burger"],"sources":["foursquare"],"confidence":0.62,"address":null}},{"type":"Feature","geometry":{"type":"Point","coordinates":[69.235008,41.348515]},"properties":{"id":"poi_8dc273988a35adeb","name":"Лаваш Центр","aliases":[],"brand":null,"subtype":"burger","subtypes":["burger"],"sources":["foursquare"],"confidence":0.62,"address":null}},{"type":"Feature","geometry":{"type":"Point","coordinates":[69.277284,41.360172]},"properties":{"id":"poi_f38e90a4ba63cd6c","name":"Лаваш Центр","aliases":[],"brand":null,"subtype":"burger","subtypes":["burger"],"sources":["foursquare"],"confidence":0.62,"address":null}},{"type":"Feature","geometry":{"type":"Point","coordinates":[69.27272033691406,41.29150390625]},"properties":{"id":"poi_7cb7f18bbc48baff","name":"Лавашная будка","aliases":[],"brand":null,"subtype":"burger","subtypes":["burger"],"sources":["foursquare"],"confidence":0.62,"address":null}},{"type":"Feature","geometry":{"type":"Point","coordinates":[69.30921936035156,41.27616500854492]},"properties":{"id":"poi_a4d7e2f86760eb40","name":"лаззат лаваш","aliases":[],"brand":null,"subtype":"general_fast_food","subtypes":["general_fast_food"],"sources":["foursquare"],"confidence":0.62,"address":null}},{"type":"Feature","geometry":{"type":"Point","coordinates":[69.25551199931024,41.28781582248232]},"properties":{"id":"poi_6a69d6ae9b05e062","name":"Лесная Поляна","aliases":[],"brand":null,"subtype":"chicken","subtypes":["chicken"],"sources":["foursquare","overture"],"confidence":0.859,"address":null}},{"type":"Feature","geometry":{"type":"Point","coordinates":[69.341918,41.298321]},"properties":{"id":"poi_608e6e88815b0860","name":"Лисунова","aliases":[],"brand":null,"subtype":"pizza","subtypes":["pizza"],"sources":["overture"],"confidence":0.668,"address":"35 улица Корасув"}},{"type":"Feature","geometry":{"type":"Point","coordinates":[69.17799995625269,41.34929316467964]},"properties":{"id":"poi_767cf644f890d88a","name":"Макро ТМА","aliases":[],"brand":null,"subtype":"burger","subtypes":["burger"],"sources":["foursquare"],"confidence":0.62,"address":null}},{"type":"Feature","geometry":{"type":"Point","coordinates":[69.2258785,41.3136002]},"properties":{"id":"poi_95e4815c75448736","name":"Малыш Сомса","aliases":[],"brand":null,"subtype":"general_fast_food","subtypes":["general_fast_food"],"sources":["osm"],"confidence":0.62,"address":null}},{"type":"Feature","geometry":{"type":"Point","coordinates":[69.24269980000001,41.2878976]},"properties":{"id":"poi_c06972f000a6d736","name":"Мангал","aliases":[],"brand":null,"subtype":"general_fast_food","subtypes":["general_fast_food"],"sources":["osm"],"confidence":0.62,"address":null}},{"type":"Feature","geometry":{"type":"Point","coordinates":[69.3461371,41.3294269]},"properties":{"id":"poi_aab211b9477398c8","name":"Мангал","aliases":[],"brand":null,"subtype":"general_fast_food","subtypes":["general_fast_food"],"sources":["overture"],"confidence":0.697,"address":null}},{"type":"Feature","geometry":{"type":"Point","coordinates":[69.272068,41.2925513]},"properties":{"id":"poi_37ea24f0b68fed7a","name":"Мангр","aliases":[],"brand":null,"subtype":"general_fast_food","subtypes":["general_fast_food"],"sources":["osm"],"confidence":0.62,"address":null}},{"type":"Feature","geometry":{"type":"Point","coordinates":[69.2809632,41.3277721]},"properties":{"id":"poi_6ca677039a0855a7","name":"Минор Метро","aliases":[],"brand":null,"subtype":"sandwich","subtypes":["sandwich"],"sources":["overture"],"confidence":0.697,"address":"Юнусабад"}},{"type":"Feature","geometry":{"type":"Point","coordinates":[69.289845,41.27873]},"properties":{"id":"poi_5d3bf6a21f710618","name":"Мир Фуд","aliases":[],"brand":null,"subtype":"general_fast_food","subtypes":["general_fast_food"],"sources":["osm"],"confidence":0.62,"address":null}},{"type":"Feature","geometry":{"type":"Point","coordinates":[69.31717717120357,41.31458100811007]},"properties":{"id":"poi_33088847439f42aa","name":"Мирный лаваш","aliases":[],"brand":null,"subtype":"general_fast_food","subtypes":["general_fast_food"],"sources":["foursquare"],"confidence":0.62,"address":null}},{"type":"Feature","geometry":{"type":"Point","coordinates":[69.313842,41.330567]},"properties":{"id":"poi_373eb2e14aaf3d05","name":"Мойка Истиклол","aliases":[],"brand":null,"subtype":"burger","subtypes":["burger"],"sources":["overture"],"confidence":0.659,"address":null}},{"type":"Feature","geometry":{"type":"Point","coordinates":[69.268565,41.304689]},"properties":{"id":"poi_98521ad3831b81bb","name":"Молоко","aliases":[],"brand":null,"subtype":"sandwich","subtypes":["sandwich"],"sources":["foursquare"],"confidence":0.62,"address":"ул. Якуба Коласа, 3"}},{"type":"Feature","geometry":{"type":"Point","coordinates":[69.37072280000001,41.3350703]},"properties":{"id":"poi_6c024ad27a447cf4","name":"Мороженное Корона","aliases":[],"brand":null,"subtype":"general_fast_food","subtypes":["general_fast_food"],"sources":["osm"],"confidence":0.62,"address":null}},{"type":"Feature","geometry":{"type":"Point","coordinates":[69.2483129770341,41.293178782353216]},"properties":{"id":"poi_d6f4415a6a50b416","name":"Московская пицца","aliases":["Московская Пицца"],"brand":null,"subtype":"pizza","subtypes":["pizza"],"sources":["foursquare","overture"],"confidence":0.897,"address":"Улица Урикзор, 140"}},{"type":"Feature","geometry":{"type":"Point","coordinates":[69.2492789,41.2933246]},"properties":{"id":"poi_b2b144de0ffc42c2","name":"Московская пицца","aliases":[],"brand":null,"subtype":"general_fast_food","subtypes":["general_fast_food"],"sources":["osm"],"confidence":0.62,"address":null}},{"type":"Feature","geometry":{"type":"Point","coordinates":[69.2598675122885,41.298902321098645]},"properties":{"id":"poi_2611243fba381234","name":"Московская Пицца","aliases":[],"brand":null,"subtype":"pizza","subtypes":["pizza"],"sources":["foursquare"],"confidence":0.62,"address":"ул. Юсуф Хос Ходжиб, 34"}},{"type":"Feature","geometry":{"type":"Point","coordinates":[69.2644558,41.2848636]},"properties":{"id":"poi_6b6d590400923475","name":"Московская Пицца","aliases":[],"brand":null,"subtype":"pizza","subtypes":["pizza"],"sources":["overture"],"confidence":0.697,"address":"41 Glinka Street, Tashkent, Uzbekistan"}},{"type":"Feature","geometry":{"type":"Point","coordinates":[69.2605053,41.2997344]},"properties":{"id":"poi_b064e1b252f449ac","name":"Московская Пицца","aliases":[],"brand":null,"subtype":"pizza","subtypes":["pizza"],"sources":["overture"],"confidence":0.73,"address":"Chilanzar street, 55B\\n"}},{"type":"Feature","geometry":{"type":"Point","coordinates":[69.238709,41.244341]},"properties":{"id":"poi_e6489f35910f226a","name":"Мост Кумарик","aliases":[],"brand":null,"subtype":"general_fast_food","subtypes":["general_fast_food"],"sources":["overture"],"confidence":0.659,"address":"Сергели"}},{"type":"Feature","geometry":{"type":"Point","coordinates":[69.1872299,41.3494147]},"properties":{"id":"poi_f6ab9375ae65f0f4","name":"На Свадьбе Ресторан Фаравон","aliases":[],"brand":null,"subtype":"general_fast_food","subtypes":["general_fast_food"],"sources":["overture"],"confidence":0.697,"address":null}},{"type":"Feature","geometry":{"type":"Point","coordinates":[69.2181363,41.3506975]},"properties":{"id":"poi_1a8fbc10c5e4aebb","name":"Нихол Табака","aliases":[],"brand":null,"subtype":"chicken","subtypes":["chicken"],"sources":["overture"],"confidence":0.697,"address":"ул. Хамидханов,   ( Ор-р  к/т Нукус)"}},{"type":"Feature","geometry":{"type":"Point","coordinates":[69.22523499,41.28999329]},"properties":{"id":"poi_ddd91ebcd76987f2","name":"Новза","aliases":[],"brand":null,"subtype":"pizza","subtypes":["pizza"],"sources":["overture"],"confidence":0.668,"address":"3/1 квартал Е"}},{"type":"Feature","geometry":{"type":"Point","coordinates":[69.29798126,41.32409286]},"properties":{"id":"poi_a2974759dba41f2a","name":"Новомосковская","aliases":[],"brand":null,"subtype":"pizza","subtypes":["pizza"],"sources":["overture"],"confidence":0.668,"address":"61 улица Кары-Ниязи"}},{"type":"Feature","geometry":{"type":"Point","coordinates":[69.2180002,41.3505878]},"properties":{"id":"poi_f90f6d34520fb30a","name":"Нукс","aliases":[],"brand":null,"subtype":"general_fast_food","subtypes":["general_fast_food"],"sources":["overture"],"confidence":0.659,"address":"Ашхабадский переулок"}},{"type":"Feature","geometry":{"type":"Point","coordinates":[69.308914,41.368622]},"properties":{"id":"poi_fc9630225a26d791","name":"Ням Burger","aliases":[],"brand":null,"subtype":"burger","subtypes":["burger"],"sources":["foursquare"],"confidence":0.62,"address":null}},{"type":"Feature","geometry":{"type":"Point","coordinates":[69.244415,41.350789]},"properties":{"id":"poi_e75fa09b5cea05cf","name":"Олмазор","aliases":[],"brand":null,"subtype":"pizza","subtypes":["pizza"],"sources":["overture"],"confidence":0.668,"address":"7A улица Янги Олмазор"}},{"type":"Feature","geometry":{"type":"Point","coordinates":[69.25373077392578,41.28055191040039]},"properties":{"id":"poi_340225f7a5bfab96","name":"Остановка \"Лаваш + Куры По Московски\"","aliases":[],"brand":null,"subtype":"burger","subtypes":["burger"],"sources":["foursquare"],"confidence":0.62,"address":null}},{"type":"Feature","geometry":{"type":"Point","coordinates":[69.1950953,41.2827458]},"properties":{"id":"poi_3ffb9d1a1061b2a3","name":"ОХУ Restaurant","aliases":[],"brand":null,"subtype":"general_fast_food","subtypes":["general_fast_food"],"sources":["overture"],"confidence":0.659,"address":null}},{"type":"Feature","geometry":{"type":"Point","coordinates":[69.2748514,41.3049319]},"properties":{"id":"poi_f397fd82c3873b8a","name":"Ош Макон (Osh Makon)","aliases":[],"brand":null,"subtype":"general_fast_food","subtypes":["general_fast_food"],"sources":["overture"],"confidence":0.659,"address":"Ул. Тараса Шевченко"}},{"type":"Feature","geometry":{"type":"Point","coordinates":[69.2797652034685,41.30652550561478]},"properties":{"id":"poi_26216fd11b526f9c","name":"Ошхона","aliases":[],"brand":null,"subtype":"hot_dog","subtypes":["hot_dog"],"sources":["foursquare"],"confidence":0.62,"address":null}},{"type":"Feature","geometry":{"type":"Point","coordinates":[69.3354893,41.3273585]},"properties":{"id":"poi_ae9046ce67ac2142","name":"Пельмешки Да Мантышки","aliases":[],"brand":null,"subtype":"general_fast_food","subtypes":["general_fast_food"],"sources":["overture"],"confidence":0.659,"address":"Метро Буюк Ипак Йули , здание Media Park 3 этаж."}},{"type":"Feature","geometry":{"type":"Point","coordinates":[69.22195210000001,41.2923414]},"properties":{"id":"poi_3f5cbe60bcc9f5b2","name":"Пирожки","aliases":[],"brand":null,"subtype":"general_fast_food","subtypes":["general_fast_food"],"sources":["osm"],"confidence":0.62,"address":null}},{"type":"Feature","geometry":{"type":"Point","coordinates":[69.2759474,41.2917816]},"properties":{"id":"poi_fc893934b414b438","name":"ПИРОЖКИ","aliases":[],"brand":null,"subtype":"general_fast_food","subtypes":["general_fast_food"],"sources":["osm"],"confidence":0.62,"address":null}},{"type":"Feature","geometry":{"type":"Point","coordinates":[69.3468615,41.2861067]},"properties":{"id":"poi_2c317c93961a3ca4","name":"Пирожки, Самса","aliases":[],"brand":null,"subtype":"general_fast_food","subtypes":["general_fast_food"],"sources":["osm"],"confidence":0.62,"address":null}},{"type":"Feature","geometry":{"type":"Point","coordinates":[69.2764128,41.3006104]},"properties":{"id":"poi_debca8f6680a3fa9","name":"Пирожковая","aliases":[],"brand":null,"subtype":"general_fast_food","subtypes":["general_fast_food"],"sources":["osm"],"confidence":0.62,"address":null}},{"type":"Feature","geometry":{"type":"Point","coordinates":[69.2216777987593,41.293235458627954]},"properties":{"id":"poi_e3b043e6799cd929","name":"Пирожковая на Хамзе","aliases":[],"brand":null,"subtype":"general_fast_food","subtypes":["general_fast_food"],"sources":["foursquare"],"confidence":0.62,"address":null}},{"type":"Feature","geometry":{"type":"Point","coordinates":[69.2716435,41.3100495]},"properties":{"id":"poi_f39ff1e7215e61a8","name":"Пицца Ташкента \"NEW World\"тел.2560445","aliases":[],"brand":null,"subtype":"pizza","subtypes":["pizza"],"sources":["overture"],"confidence":0.659,"address":"улица Бухаро 26А"}},{"type":"Feature","geometry":{"type":"Point","coordinates":[69.34731890228396,41.34643759302189]},"properties":{"id":"poi_ab134ec601cd68b8","name":"Пиццерия \"Рататуй\"","aliases":[],"brand":null,"subtype":"pizza","subtypes":["pizza"],"sources":["foursquare"],"confidence":0.62,"address":null}},{"type":"Feature","geometry":{"type":"Point","coordinates":[69.31521225,41.2546749]},"properties":{"id":"poi_07f82dc8c22764ba","name":"Плов","aliases":[],"brand":null,"subtype":"general_fast_food","subtypes":["general_fast_food"],"sources":["osm"],"confidence":0.62,"address":null}},{"type":"Feature","geometry":{"type":"Point","coordinates":[69.3010619,41.2901329]},"properties":{"id":"poi_9cf83d4c0feeef04","name":"Плов у Шавкат-ака","aliases":[],"brand":null,"subtype":"general_fast_food","subtypes":["general_fast_food"],"sources":["osm"],"confidence":0.62,"address":null}},{"type":"Feature","geometry":{"type":"Point","coordinates":[69.2677222,41.2948961]},"properties":{"id":"poi_a5ea685a00d22cc8","name":"ПоллоСити","aliases":[],"brand":null,"subtype":"general_fast_food","subtypes":["general_fast_food"],"sources":["osm"],"confidence":0.62,"address":null}},{"type":"Feature","geometry":{"type":"Point","coordinates":[69.18888,41.268095]},"properties":{"id":"poi_37ed44fbf525aee1","name":"Помойка","aliases":[],"brand":null,"subtype":"general_fast_food","subtypes":["general_fast_food"],"sources":["foursquare"],"confidence":0.62,"address":null}},{"type":"Feature","geometry":{"type":"Point","coordinates":[69.274839,41.371286]},"properties":{"id":"poi_64da83a431b3d14d","name":"Посольство США","aliases":[],"brand":null,"subtype":"pizza","subtypes":["pizza"],"sources":["overture"],"confidence":0.668,"address":"84 4-й квартал"}},{"type":"Feature","geometry":{"type":"Point","coordinates":[69.2692307,41.2887187]},"properties":{"id":"poi_b81a2c303032411c","name":"Просто пицца","aliases":[],"brand":null,"subtype":"general_fast_food","subtypes":["general_fast_food"],"sources":["osm"],"confidence":0.62,"address":null}},{"type":"Feature","geometry":{"type":"Point","coordinates":[69.2706227,41.2871266]},"properties":{"id":"poi_6c50a32fcb94b491","name":"Путешественник","aliases":[],"brand":null,"subtype":"pizza","subtypes":["pizza"],"sources":["overture"],"confidence":0.659,"address":"Улица Нукусская 4 проезд, дом 90 \"A\""}},{"type":"Feature","geometry":{"type":"Point","coordinates":[69.2471314,41.2933556]},"properties":{"id":"poi_4ef97a45753e0898","name":"Ракат сомса","aliases":[],"brand":null,"subtype":"general_fast_food","subtypes":["general_fast_food"],"sources":["osm"],"confidence":0.62,"address":null}},{"type":"Feature","geometry":{"type":"Point","coordinates":[69.25,41.3167]},"properties":{"id":"poi_13af56959b185697","name":"Ренессанс - Чиланзар","aliases":[],"brand":null,"subtype":"general_fast_food","subtypes":["general_fast_food"],"sources":["overture"],"confidence":0.697,"address":"ул. Фархадская 1а (Ориентир: метро Чилонзар)"}},{"type":"Feature","geometry":{"type":"Point","coordinates":[69.3063885,41.3203748]},"properties":{"id":"poi_46a3e9077e96ee06","name":"Ресторан \"Status project\"","aliases":[],"brand":null,"subtype":"general_fast_food","subtypes":["general_fast_food"],"sources":["overture"],"confidence":0.659,"address":"Cаракульская ул.14, Ташкент, Узбекистан"}},{"type":"Feature","geometry":{"type":"Point","coordinates":[69.25703111165369,41.269698721168034]},"properties":{"id":"poi_e76b80bed6105529","name":"Ресторан Alexandra","aliases":[],"brand":null,"subtype":"chicken","subtypes":["chicken"],"sources":["foursquare"],"confidence":0.62,"address":null}},{"type":"Feature","geometry":{"type":"Point","coordinates":[69.179437,41.3120299]},"properties":{"id":"poi_3757e1a1b8683c66","name":"Ресторан Charog'on","aliases":[],"brand":null,"subtype":"general_fast_food","subtypes":["general_fast_food"],"sources":["overture"],"confidence":0.697,"address":null}},{"type":"Feature","geometry":{"type":"Point","coordinates":[69.2285851,41.2127675]},"properties":{"id":"poi_098c3cb9946a9d5d","name":"Ресторан Grand Aziya","aliases":[],"brand":null,"subtype":"pizza","subtypes":["pizza"],"sources":["overture"],"confidence":0.697,"address":"Сергели 2 д1а"}},{"type":"Feature","geometry":{"type":"Point","coordinates":[69.2560029,41.3387733]},"properties":{"id":"poi_ff94d5e2ddb4e164","name":"Ресторан Ipak Yuli","aliases":[],"brand":null,"subtype":"general_fast_food","subtypes":["general_fast_food"],"sources":["overture"],"confidence":0.659,"address":null}},{"type":"Feature","geometry":{"type":"Point","coordinates":[69.223401,41.3483259]},"properties":{"id":"poi_11f0dd75426c06b4","name":"Ресторан Sim Sim","aliases":[],"brand":null,"subtype":"general_fast_food","subtypes":["general_fast_food"],"sources":["overture"],"confidence":0.697,"address":"улица Мукими"}},{"type":"Feature","geometry":{"type":"Point","coordinates":[69.2757556,41.31806]},"properties":{"id":"poi_8a255fce54117b3f","name":"Ресторан Sushiko","aliases":[],"brand":null,"subtype":"general_fast_food","subtypes":["general_fast_food"],"sources":["overture"],"confidence":0.659,"address":"Magnit, Abdurauf Fitrat Ko'Chasi 2"}},{"type":"Feature","geometry":{"type":"Point","coordinates":[69.2197021,41.2820876]},"properties":{"id":"poi_5df9a006aef4b8ee","name":"Ресторан Боги Диёр","aliases":[],"brand":null,"subtype":"general_fast_food","subtypes":["general_fast_food"],"sources":["overture"],"confidence":0.697,"address":"Ташкентт, Чиланзарский район, ориентир Торговый Центр Чиланзар"}},{"type":"Feature","geometry":{"type":"Point","coordinates":[69.205868,41.3800542]},"properties":{"id":"poi_7421c78ecaf93c35","name":"Ресторан Замона","aliases":[],"brand":null,"subtype":"general_fast_food","subtypes":["general_fast_food"],"sources":["overture"],"confidence":0.697,"address":null}},{"type":"Feature","geometry":{"type":"Point","coordinates":[69.2890394,41.3606189]},"properties":{"id":"poi_f13dc131f44d4602","name":"Ресторан Марварид","aliases":[],"brand":null,"subtype":"general_fast_food","subtypes":["general_fast_food"],"sources":["overture"],"confidence":0.697,"address":"юнус абад"}},{"type":"Feature","geometry":{"type":"Point","coordinates":[69.28300125631756,41.29183268728918]},"properties":{"id":"poi_ea6424f4216ec72c","name":"Русский трактир","aliases":[],"brand":null,"subtype":"general_fast_food","subtypes":["general_fast_food"],"sources":["foursquare"],"confidence":0.62,"address":null}},{"type":"Feature","geometry":{"type":"Point","coordinates":[69.20856411806754,41.25685632985528]},"properties":{"id":"poi_dc9b91d93b8d28b8","name":"Сазан","aliases":[],"brand":null,"subtype":"general_fast_food","subtypes":["general_fast_food"],"sources":["foursquare"],"confidence":0.62,"address":null}},{"type":"Feature","geometry":{"type":"Point","coordinates":[69.22315610000001,41.359781850000005]},"properties":{"id":"poi_1de27d762e4f8681","name":"Сазанчик restaurant","aliases":["Сазанчик | Sazanchik"],"brand":null,"subtype":"general_fast_food","subtypes":["doner_kebab","general_fast_food"],"sources":["foursquare","overture"],"confidence":0.897,"address":"Каракамыш 2/1 дом 49"}},{"type":"Feature","geometry":{"type":"Point","coordinates":[69.2573888,41.2695366]},"properties":{"id":"poi_8ed4a88d9d0eef05","name":"Сазанчик Астория","aliases":[],"brand":null,"subtype":"general_fast_food","subtypes":["general_fast_food"],"sources":["overture"],"confidence":0.659,"address":"Кичик халка йули, д8"}},{"type":"Feature","geometry":{"type":"Point","coordinates":[69.25662368688177,41.26946794037742]},"properties":{"id":"poi_1e70e4e378da6204","name":"Сазанчик2","aliases":[],"brand":null,"subtype":"general_fast_food","subtypes":["general_fast_food"],"sources":["foursquare"],"confidence":0.62,"address":null}},{"type":"Feature","geometry":{"type":"Point","coordinates":[69.280788,41.296018]},"properties":{"id":"poi_c25fe5dedaec9849","name":"Саид Барака","aliases":[],"brand":null,"subtype":"pizza","subtypes":["pizza"],"sources":["overture"],"confidence":0.668,"address":"16Б улица Саида Барака"}},{"type":"Feature","geometry":{"type":"Point","coordinates":[69.24120590000001,41.3475369]},"properties":{"id":"poi_3f05115866a61769","name":"Самса","aliases":[],"brand":null,"subtype":"general_fast_food","subtypes":["general_fast_food"],"sources":["osm"],"confidence":0.62,"address":null}},{"type":"Feature","geometry":{"type":"Point","coordinates":[69.2412421,41.3478881]},"properties":{"id":"poi_5fca136391caf331","name":"Самса","aliases":[],"brand":null,"subtype":"general_fast_food","subtypes":["general_fast_food"],"sources":["osm"],"confidence":0.62,"address":null}},{"type":"Feature","geometry":{"type":"Point","coordinates":[69.2412723,41.3477222]},"properties":{"id":"poi_188de1a4dec559b7","name":"Самса","aliases":[],"brand":null,"subtype":"general_fast_food","subtypes":["general_fast_food"],"sources":["osm"],"confidence":0.62,"address":null}},{"type":"Feature","geometry":{"type":"Point","coordinates":[69.2190517,41.3395634]},"properties":{"id":"poi_655d5e619d0d75cb","name":"Самса","aliases":[],"brand":null,"subtype":"general_fast_food","subtypes":["general_fast_food"],"sources":["osm"],"confidence":0.62,"address":null}},{"type":"Feature","geometry":{"type":"Point","coordinates":[69.2171125,41.3401464]},"properties":{"id":"poi_7940044594d2c691","name":"Самса","aliases":[],"brand":null,"subtype":"general_fast_food","subtypes":["general_fast_food"],"sources":["osm"],"confidence":0.62,"address":null}},{"type":"Feature","geometry":{"type":"Point","coordinates":[69.2145564,41.3408864]},"properties":{"id":"poi_6817798884876db0","name":"Самса","aliases":[],"brand":null,"subtype":"general_fast_food","subtypes":["general_fast_food"],"sources":["osm"],"confidence":0.62,"address":null}},{"type":"Feature","geometry":{"type":"Point","coordinates":[69.3155395,41.265653]},"properties":{"id":"poi_96fdfaec8f3a817f","name":"Самса","aliases":[],"brand":null,"subtype":"general_fast_food","subtypes":["general_fast_food"],"sources":["osm"],"confidence":0.62,"address":null}},{"type":"Feature","geometry":{"type":"Point","coordinates":[69.1770977,41.2855412]},"properties":{"id":"poi_5ab3bee81fcaf852","name":"Самса","aliases":[],"brand":null,"subtype":"general_fast_food","subtypes":["general_fast_food"],"sources":["osm"],"confidence":0.62,"address":null}},{"type":"Feature","geometry":{"type":"Point","coordinates":[69.34905590000001,41.2876586]},"properties":{"id":"poi_03999c619bf36c3d","name":"Самса","aliases":[],"brand":null,"subtype":"general_fast_food","subtypes":["general_fast_food"],"sources":["osm"],"confidence":0.62,"address":null}},{"type":"Feature","geometry":{"type":"Point","coordinates":[69.2367312,41.3066175]},"properties":{"id":"poi_f353f8e964b97346","name":"Самса \"Малыш\"","aliases":[],"brand":null,"subtype":"general_fast_food","subtypes":["general_fast_food"],"sources":["osm"],"confidence":0.62,"address":null}},{"type":"Feature","geometry":{"type":"Point","coordinates":[69.17843650879256,41.295168025294664]},"properties":{"id":"poi_844674efc9e9dc8a","name":"самса & лепёшка","aliases":[],"brand":null,"subtype":"general_fast_food","subtypes":["general_fast_food"],"sources":["foursquare"],"confidence":0.62,"address":null}},{"type":"Feature","geometry":{"type":"Point","coordinates":[69.2641,41.29218]},"properties":{"id":"poi_64fdf1ed1bfbc731","name":"Самса и плов на ул.Ивлева","aliases":[],"brand":null,"subtype":"street_food","subtypes":["street_food"],"sources":["foursquare","overture"],"confidence":0.897,"address":"Яккасарайский р-н"}},{"type":"Feature","geometry":{"type":"Point","coordinates":[69.3481857,41.2886413]},"properties":{"id":"poi_f89e65a6e7d57128","name":"Самса, шашлык","aliases":[],"brand":null,"subtype":"general_fast_food","subtypes":["general_fast_food"],"sources":["osm"],"confidence":0.62,"address":null}},{"type":"Feature","geometry":{"type":"Point","coordinates":[69.29308767537658,41.33953855905018]},"properties":{"id":"poi_90159977db464d7a","name":"самсахона на Бадамзаре","aliases":[],"brand":null,"subtype":"hot_dog","subtypes":["hot_dog"],"sources":["foursquare"],"confidence":0.62,"address":null}},{"type":"Feature","geometry":{"type":"Point","coordinates":[69.2069195,41.2638021]},"properties":{"id":"poi_57fe676a619afab0","name":"самсушки","aliases":[],"brand":null,"subtype":"general_fast_food","subtypes":["general_fast_food"],"sources":["osm"],"confidence":0.62,"address":null}},{"type":"Feature","geometry":{"type":"Point","coordinates":[69.21769,41.229034]},"properties":{"id":"poi_16f47d4dfd47116e","name":"Сергели","aliases":[],"brand":null,"subtype":"pizza","subtypes":["pizza"],"sources":["overture"],"confidence":0.668,"address":"9/13 улица Янги Сергели"}},{"type":"Feature","geometry":{"type":"Point","coordinates":[69.2123004,41.2243828]},"properties":{"id":"poi_b305414c2f3ebb83","name":"Сиргали бургер","aliases":[],"brand":null,"subtype":"general_fast_food","subtypes":["general_fast_food"],"sources":["osm"],"confidence":0.62,"address":null}},{"type":"Feature","geometry":{"type":"Point","coordinates":[69.2164782,41.2958039]},"properties":{"id":"poi_7f5ec42f7e19135a","name":"Слоёная сомса","aliases":[],"brand":null,"subtype":"general_fast_food","subtypes":["general_fast_food"],"sources":["osm"],"confidence":0.62,"address":null}},{"type":"Feature","geometry":{"type":"Point","coordinates":[69.3660121,41.3542477]},"properties":{"id":"poi_e430b3fdd12ba248","name":"Согдиана","aliases":[],"brand":null,"subtype":"general_fast_food","subtypes":["general_fast_food"],"sources":["overture"],"confidence":0.659,"address":null}},{"type":"Feature","geometry":{"type":"Point","coordinates":[69.35113675987881,41.349686803694446]},"properties":{"id":"poi_179c5aca60297dc5","name":"сокер паб","aliases":[],"brand":null,"subtype":"burger","subtypes":["burger"],"sources":["foursquare"],"confidence":0.62,"address":null}},{"type":"Feature","geometry":{"type":"Point","coordinates":[69.276305,41.2923463]},"properties":{"id":"poi_90d758f6bf022d6a","name":"сомса","aliases":[],"brand":null,"subtype":"general_fast_food","subtypes":["general_fast_food"],"sources":["osm"],"confidence":0.62,"address":null}},{"type":"Feature","geometry":{"type":"Point","coordinates":[69.24271296253409,41.288344694708364]},"properties":{"id":"poi_df5f09f361243221","name":"Сомса","aliases":[],"brand":null,"subtype":"general_fast_food","subtypes":["general_fast_food"],"sources":["foursquare"],"confidence":0.62,"address":null}},{"type":"Feature","geometry":{"type":"Point","coordinates":[69.2239014,41.2746138]},"properties":{"id":"poi_c12aee175795beb5","name":"Сомса","aliases":[],"brand":null,"subtype":"general_fast_food","subtypes":["general_fast_food"],"sources":["osm"],"confidence":0.62,"address":null}},{"type":"Feature","geometry":{"type":"Point","coordinates":[69.2660632,41.3083539]},"properties":{"id":"poi_a869a965bf9f78ad","name":"Сомса","aliases":[],"brand":null,"subtype":"general_fast_food","subtypes":["general_fast_food"],"sources":["osm"],"confidence":0.62,"address":null}},{"type":"Feature","geometry":{"type":"Point","coordinates":[69.3538564,41.2652644]},"properties":{"id":"poi_efd16c15199e05d7","name":"Сомса","aliases":[],"brand":null,"subtype":"general_fast_food","subtypes":["general_fast_food"],"sources":["osm"],"confidence":0.62,"address":null}},{"type":"Feature","geometry":{"type":"Point","coordinates":[69.3165377,41.2910953]},"properties":{"id":"poi_999c688b534d6e6c","name":"Сомса","aliases":[],"brand":null,"subtype":"general_fast_food","subtypes":["general_fast_food"],"sources":["osm"],"confidence":0.62,"address":null}},{"type":"Feature","geometry":{"type":"Point","coordinates":[69.23401974999999,41.3164202]},"properties":{"id":"poi_6e10052bb0abded9","name":"Сомса","aliases":[],"brand":null,"subtype":"general_fast_food","subtypes":["general_fast_food"],"sources":["osm"],"confidence":0.62,"address":null}},{"type":"Feature","geometry":{"type":"Point","coordinates":[69.3646144,41.3222413]},"properties":{"id":"poi_d35c95415a319706","name":"СОМСА","aliases":[],"brand":null,"subtype":"general_fast_food","subtypes":["general_fast_food"],"sources":["osm"],"confidence":0.62,"address":null}},{"type":"Feature","geometry":{"type":"Point","coordinates":[69.2579663,41.3373739]},"properties":{"id":"poi_2fe5bfea83a08f71","name":"Сомса (тандыр)","aliases":[],"brand":null,"subtype":"general_fast_food","subtypes":["general_fast_food"],"sources":["osm"],"confidence":0.62,"address":null}},{"type":"Feature","geometry":{"type":"Point","coordinates":[69.3571546,41.2904475]},"properties":{"id":"poi_eb66c511169c97ac","name":"Сомса в духовке","aliases":[],"brand":null,"subtype":"general_fast_food","subtypes":["general_fast_food"],"sources":["osm"],"confidence":0.62,"address":null}},{"type":"Feature","geometry":{"type":"Point","coordinates":[69.2879432,41.3005957]},"properties":{"id":"poi_3e8c034583c0f40c","name":"Сомса на Первушке","aliases":[],"brand":null,"subtype":"general_fast_food","subtypes":["general_fast_food"],"sources":["osm"],"confidence":0.62,"address":null}},{"type":"Feature","geometry":{"type":"Point","coordinates":[69.31261280000001,41.3772417]},"properties":{"id":"poi_a1d76eee549bfbe4","name":"Сомса Робия","aliases":[],"brand":null,"subtype":"general_fast_food","subtypes":["general_fast_food"],"sources":["osm"],"confidence":0.62,"address":null}},{"type":"Feature","geometry":{"type":"Point","coordinates":[69.270577,41.292213]},"properties":{"id":"poi_0040f8e3ea7698fa","name":"Сорренто","aliases":[],"brand":null,"subtype":"pizza","subtypes":["pizza"],"sources":["foursquare"],"confidence":0.62,"address":null}},{"type":"Feature","geometry":{"type":"Point","coordinates":[69.301387,41.2486225]},"properties":{"id":"poi_0f62e763ac2eb041","name":"Сосисочная","aliases":[],"brand":null,"subtype":"general_fast_food","subtypes":["general_fast_food"],"sources":["osm"],"confidence":0.62,"address":null}},{"type":"Feature","geometry":{"type":"Point","coordinates":[69.1987979,41.2921801]},"properties":{"id":"poi_a6ab76cd28162382","name":"Сосисочная","aliases":[],"brand":null,"subtype":"general_fast_food","subtypes":["general_fast_food"],"sources":["osm"],"confidence":0.62,"address":null}},{"type":"Feature","geometry":{"type":"Point","coordinates":[69.28578914391076,41.33887316167172]},"properties":{"id":"poi_9a52fc749c2f36a2","name":"Сосисочная ТУИТ","aliases":[],"brand":null,"subtype":"burger","subtypes":["burger"],"sources":["foursquare"],"confidence":0.62,"address":null}},{"type":"Feature","geometry":{"type":"Point","coordinates":[69.2867053,41.3037075]},"properties":{"id":"poi_bf87fb55e6e6fc8f","name":"Станция Food","aliases":[],"brand":null,"subtype":"general_fast_food","subtypes":["general_fast_food"],"sources":["overture"],"confidence":0.697,"address":"Узбекистан, Ташкент, улица Истикбол, 24"}},{"type":"Feature","geometry":{"type":"Point","coordinates":[69.33155567866437,41.313392615642925]},"properties":{"id":"poi_12d42ee8d5c2cf23","name":"Старый Лаваш Центр","aliases":[],"brand":null,"subtype":"general_fast_food","subtypes":["general_fast_food"],"sources":["foursquare"],"confidence":0.62,"address":null}},{"type":"Feature","geometry":{"type":"Point","coordinates":[69.286536,41.3415941]},"properties":{"id":"poi_5892da8b4e077a15","name":"Столовая","aliases":[],"brand":null,"subtype":"general_fast_food","subtypes":["general_fast_food"],"sources":["osm"],"confidence":0.62,"address":null}},{"type":"Feature","geometry":{"type":"Point","coordinates":[69.2674389,41.2629116]},"properties":{"id":"poi_dbb2759d3ece37ee","name":"Столовая","aliases":[],"brand":null,"subtype":"general_fast_food","subtypes":["general_fast_food"],"sources":["osm"],"confidence":0.62,"address":null}},{"type":"Feature","geometry":{"type":"Point","coordinates":[69.2233533,41.3599757]},"properties":{"id":"poi_65fafb6fa85c9ad1","name":"Султон Саид","aliases":[],"brand":null,"subtype":"general_fast_food","subtypes":["general_fast_food"],"sources":["overture"],"confidence":0.697,"address":null}},{"type":"Feature","geometry":{"type":"Point","coordinates":[69.2345904,41.3211578]},"properties":{"id":"poi_3a372c25a4b99044","name":"Супер Гумма","aliases":[],"brand":null,"subtype":"general_fast_food","subtypes":["general_fast_food"],"sources":["osm"],"confidence":0.62,"address":null}},{"type":"Feature","geometry":{"type":"Point","coordinates":[69.289443,41.367002]},"properties":{"id":"poi_1c134434fc7b4343","name":"Табака грилл центр","aliases":[],"brand":null,"subtype":"chicken","subtypes":["chicken"],"sources":["foursquare"],"confidence":0.62,"address":null}},{"type":"Feature","geometry":{"type":"Point","coordinates":[69.2486354,41.3274845]},"properties":{"id":"poi_e7872c5ab762d0ce","name":"Таджмахал","aliases":[],"brand":null,"subtype":"general_fast_food","subtypes":["general_fast_food"],"sources":["osm"],"confidence":0.62,"address":null}},{"type":"Feature","geometry":{"type":"Point","coordinates":[69.1592223,41.3056067]},"properties":{"id":"poi_90157c1cffb86d11","name":"Такачи","aliases":[],"brand":null,"subtype":"burger","subtypes":["burger"],"sources":["overture"],"confidence":0.697,"address":"Taqachi"}},{"type":"Feature","geometry":{"type":"Point","coordinates":[69.2700528,41.30792]},"properties":{"id":"poi_7110abc8ba83e28a","name":"ТАМ ХАМ - ПИРОЖКИ","aliases":[],"brand":null,"subtype":"general_fast_food","subtypes":["general_fast_food"],"sources":["osm"],"confidence":0.62,"address":null}},{"type":"Feature","geometry":{"type":"Point","coordinates":[69.36817950000001,41.3493762]},"properties":{"id":"poi_f98b7e8d1554d478","name":"Тандыр Самса","aliases":[],"brand":null,"subtype":"general_fast_food","subtypes":["general_fast_food"],"sources":["osm"],"confidence":0.62,"address":null}},{"type":"Feature","geometry":{"type":"Point","coordinates":[69.2739341,41.3276369]},"properties":{"id":"poi_01b0c5630a17a697","name":"Тантуни в Ташкенте","aliases":[],"brand":null,"subtype":"street_food","subtypes":["street_food"],"sources":["overture"],"confidence":0.659,"address":"Улица Шарафа Рашидова 16"}},{"type":"Feature","geometry":{"type":"Point","coordinates":[69.29341,41.3268]},"properties":{"id":"poi_7b4cffbae4ca37e4","name":"Тарелка","aliases":[],"brand":null,"subtype":"pizza","subtypes":["pizza"],"sources":["overture"],"confidence":0.697,"address":"Osiyo Ko'Chasi 72"}},{"type":"Feature","geometry":{"type":"Point","coordinates":[69.2900942,41.3225652]},"properties":{"id":"poi_62b05f2faefda8df","name":"Татарская Кухня Ильмира","aliases":[],"brand":null,"subtype":"general_fast_food","subtypes":["general_fast_food"],"sources":["overture"],"confidence":0.697,"address":null}},{"type":"Feature","geometry":{"type":"Point","coordinates":[69.3314058,41.3540109]},"properties":{"id":"poi_f62dada18457db66","name":"Ташпми, Сампи","aliases":[],"brand":null,"subtype":"general_fast_food","subtypes":["general_fast_food"],"sources":["overture"],"confidence":0.697,"address":"Сампи"}},{"type":"Feature","geometry":{"type":"Point","coordinates":[69.27123851269027,41.27869900641687]},"properties":{"id":"poi_8271f523c759f3e8","name":"Тезикова Дача","aliases":[],"brand":null,"subtype":"food_court","subtypes":["food_court"],"sources":["foursquare"],"confidence":0.62,"address":null}},{"type":"Feature","geometry":{"type":"Point","coordinates":[69.2349815,41.3294895]},"properties":{"id":"poi_db47b198f315e26f","name":"Тейсти Пицца","aliases":[],"brand":null,"subtype":"pizza","subtypes":["pizza"],"sources":["overture"],"confidence":0.697,"address":"улица Хамида Олимжана 31"}},{"type":"Feature","geometry":{"type":"Point","coordinates":[69.23438390832615,41.331239187381186]},"properties":{"id":"poi_311403a2e6ba95b5","name":"Техрон кафе (милий таомлар new)","aliases":[],"brand":null,"subtype":"general_fast_food","subtypes":["general_fast_food"],"sources":["foursquare","overture"],"confidence":0.859,"address":null}},{"type":"Feature","geometry":{"type":"Point","coordinates":[69.30018245765558,41.27409429936711]},"properties":{"id":"poi_eb429c71624f88c7","name":"три медведя","aliases":[],"brand":null,"subtype":"food_court","subtypes":["food_court"],"sources":["foursquare"],"confidence":0.62,"address":null}},{"type":"Feature","geometry":{"type":"Point","coordinates":[69.2658591,41.325578]},"properties":{"id":"poi_984c893970f40bd8","name":"Тухумбарак #1","aliases":[],"brand":null,"subtype":"general_fast_food","subtypes":["general_fast_food"],"sources":["overture"],"confidence":0.659,"address":"Лабзак, 12/1"}},{"type":"Feature","geometry":{"type":"Point","coordinates":[69.317623,41.318304]},"properties":{"id":"poi_3c5086c8f3934aac","name":"У Бабушки","aliases":[],"brand":null,"subtype":"general_fast_food","subtypes":["general_fast_food"],"sources":["overture"],"confidence":0.697,"address":null}},{"type":"Feature","geometry":{"type":"Point","coordinates":[69.26360809327898,41.330023026712276]},"properties":{"id":"poi_84972a1cba99fa5c","name":"у Давида","aliases":[],"brand":null,"subtype":"general_fast_food","subtypes":["general_fast_food"],"sources":["foursquare"],"confidence":0.62,"address":null}},{"type":"Feature","geometry":{"type":"Point","coordinates":[69.251147,41.267327]},"properties":{"id":"poi_b49906899c5f8179","name":"У Илгара","aliases":[],"brand":null,"subtype":"general_fast_food","subtypes":["general_fast_food"],"sources":["overture"],"confidence":0.697,"address":null}},{"type":"Feature","geometry":{"type":"Point","coordinates":[69.20694017789275,41.286625446814625]},"properties":{"id":"poi_c176d90c7676a045","name":"У Шухи","aliases":[],"brand":null,"subtype":"burger","subtypes":["burger"],"sources":["foursquare"],"confidence":0.62,"address":null}},{"type":"Feature","geometry":{"type":"Point","coordinates":[69.2899704,41.36598969]},"properties":{"id":"poi_e703f04e85764051","name":"Универсам","aliases":[],"brand":null,"subtype":"pizza","subtypes":["pizza"],"sources":["overture"],"confidence":0.668,"address":"47 улица Ахмада Дониша"}},{"type":"Feature","geometry":{"type":"Point","coordinates":[69.2124927,41.2316509]},"properties":{"id":"poi_e32a0e2c4d10ba73","name":"Файз","aliases":[],"brand":null,"subtype":"general_fast_food","subtypes":["general_fast_food"],"sources":["osm"],"confidence":0.62,"address":null}},{"type":"Feature","geometry":{"type":"Point","coordinates":[69.18353271,41.28376007]},"properties":{"id":"poi_6add275b715ff69f","name":"Фархадский","aliases":[],"brand":null,"subtype":"pizza","subtypes":["pizza"],"sources":["overture"],"confidence":0.668,"address":"24A улица Лутфий"}},{"type":"Feature","geometry":{"type":"Point","coordinates":[69.332414,41.3270152]},"properties":{"id":"poi_85afd0e24a324c15","name":"Фаст фуд","aliases":[],"brand":null,"subtype":"general_fast_food","subtypes":["general_fast_food"],"sources":["osm"],"confidence":0.62,"address":null}},{"type":"Feature","geometry":{"type":"Point","coordinates":[69.290317,41.311957]},"properties":{"id":"poi_8827a59c6ac923b8","name":"фаст фуд Burger city","aliases":[],"brand":null,"subtype":"burger","subtypes":["burger"],"sources":["foursquare"],"confidence":0.62,"address":null}},{"type":"Feature","geometry":{"type":"Point","coordinates":[69.2380795,41.3723476]},"properties":{"id":"poi_a446d775e23155a4","name":"Фасфуд мактабики","aliases":[],"brand":null,"subtype":"general_fast_food","subtypes":["general_fast_food"],"sources":["osm"],"confidence":0.62,"address":null}},{"type":"Feature","geometry":{"type":"Point","coordinates":[69.2554446,41.3399518]},"properties":{"id":"poi_8ded3e4f3c3285e6","name":"Хан Чапан","aliases":[],"brand":null,"subtype":"general_fast_food","subtypes":["general_fast_food"],"sources":["overture"],"confidence":0.697,"address":"Usta Olim O'Tish Ko'Chasi"}},{"type":"Feature","geometry":{"type":"Point","coordinates":[69.2648597,41.3427617]},"properties":{"id":"poi_87fd30914a12d36b","name":"Ханум Хана","aliases":[],"brand":null,"subtype":"general_fast_food","subtypes":["general_fast_food"],"sources":["osm"],"confidence":0.62,"address":null}},{"type":"Feature","geometry":{"type":"Point","coordinates":[69.1802874900315,41.301906753324154]},"properties":{"id":"poi_d5ab61e0e0082b7c","name":"Харчевня","aliases":[],"brand":null,"subtype":"general_fast_food","subtypes":["general_fast_food"],"sources":["foursquare"],"confidence":0.62,"address":"Уч Тепа"}},{"type":"Feature","geometry":{"type":"Point","coordinates":[69.234481,41.303556]},"properties":{"id":"poi_0e8111da78af9f31","name":"хоразм бургер","aliases":[],"brand":null,"subtype":"burger","subtypes":["burger"],"sources":["foursquare"],"confidence":0.62,"address":"Bunyodkor Avenue"}},{"type":"Feature","geometry":{"type":"Point","coordinates":[69.265471,41.331086]},"properties":{"id":"poi_a94a0c450fd7b92b","name":"Хоразм Таомлари | Xorazm Taomlari","aliases":[],"brand":null,"subtype":"general_fast_food","subtypes":["general_fast_food"],"sources":["overture"],"confidence":0.659,"address":"Shayhontohur Str"}},{"type":"Feature","geometry":{"type":"Point","coordinates":[69.2876155,41.3153315]},"properties":{"id":"poi_3d575d3b42f1495c","name":"Хот дог","aliases":[],"brand":null,"subtype":"general_fast_food","subtypes":["general_fast_food"],"sources":["osm"],"confidence":0.62,"address":null}},{"type":"Feature","geometry":{"type":"Point","coordinates":[69.2122167,41.2923253]},"properties":{"id":"poi_23ed6964f6af2565","name":"Хот лет хаус","aliases":[],"brand":null,"subtype":"general_fast_food","subtypes":["general_fast_food"],"sources":["osm"],"confidence":0.62,"address":null}},{"type":"Feature","geometry":{"type":"Point","coordinates":[69.22382,41.28295]},"properties":{"id":"poi_73519df150861479","name":"Хот-Дог На Гагарина","aliases":[],"brand":null,"subtype":"hot_dog","subtypes":["hot_dog"],"sources":["foursquare"],"confidence":0.62,"address":"ул. Гагарина, д. 1"}},{"type":"Feature","geometry":{"type":"Point","coordinates":[69.228558,41.300257]},"properties":{"id":"poi_4c83b4ad59ae9980","name":"хот-доги Саши Грей","aliases":[],"brand":null,"subtype":"hot_dog","subtypes":["hot_dog"],"sources":["foursquare"],"confidence":0.62,"address":null}},{"type":"Feature","geometry":{"type":"Point","coordinates":[69.26165246340473,41.32018745486169]},"properties":{"id":"poi_5ba6882cebf21d3a","name":"Хотдоги у Сардор ака","aliases":[],"brand":null,"subtype":"burger","subtypes":["burger"],"sources":["foursquare"],"confidence":0.62,"address":null}},{"type":"Feature","geometry":{"type":"Point","coordinates":[69.24921435348509,41.293105200916294]},"properties":{"id":"poi_932580a9e6c3369a","name":"Хуршид гамбургер))","aliases":[],"brand":null,"subtype":"general_fast_food","subtypes":["general_fast_food"],"sources":["foursquare"],"confidence":0.62,"address":null}},{"type":"Feature","geometry":{"type":"Point","coordinates":[69.2684672,41.3413093]},"properties":{"id":"poi_fa49eb784070b7a6","name":"ХхХ Restaurant","aliases":[],"brand":null,"subtype":"general_fast_food","subtypes":["general_fast_food"],"sources":["overture"],"confidence":0.697,"address":null}},{"type":"Feature","geometry":{"type":"Point","coordinates":[69.29144135237362,41.30722532936353]},"properties":{"id":"poi_2439e3cf5d075555","name":"ц-1 бургер","aliases":[],"brand":null,"subtype":"burger","subtypes":["burger"],"sources":["foursquare","overture"],"confidence":0.859,"address":null}},{"type":"Feature","geometry":{"type":"Point","coordinates":[69.2367665,41.2972618]},"properties":{"id":"poi_49e5a602372b1aee","name":"Чайхана by Семь Пятниц","aliases":[],"brand":null,"subtype":"general_fast_food","subtypes":["general_fast_food"],"sources":["overture"],"confidence":0.697,"address":null}},{"type":"Feature","geometry":{"type":"Point","coordinates":[69.2400979,41.2787966]},"properties":{"id":"poi_92082d724a4daa24","name":"Чалагач","aliases":[],"brand":null,"subtype":"general_fast_food","subtypes":["general_fast_food"],"sources":["overture"],"confidence":0.697,"address":null}},{"type":"Feature","geometry":{"type":"Point","coordinates":[69.3865087,41.3524631]},"properties":{"id":"poi_8dd33d823252eac9","name":"Чаплин","aliases":[],"brand":null,"subtype":"general_fast_food","subtypes":["general_fast_food"],"sources":["osm"],"confidence":0.62,"address":null}},{"type":"Feature","geometry":{"type":"Point","coordinates":[69.2309817,41.210084]},"properties":{"id":"poi_a40268b292435fce","name":"Чебуреки, пирожки и т п. (Вкусно)","aliases":[],"brand":null,"subtype":"general_fast_food","subtypes":["general_fast_food"],"sources":["osm"],"confidence":0.62,"address":null}},{"type":"Feature","geometry":{"type":"Point","coordinates":[69.2574591,41.2896183]},"properties":{"id":"poi_f5c8dedd3ac9af8e","name":"Чебуречная \"Золотой пирожок\"","aliases":[],"brand":null,"subtype":"general_fast_food","subtypes":["general_fast_food"],"sources":["osm"],"confidence":0.62,"address":null}},{"type":"Feature","geometry":{"type":"Point","coordinates":[69.2384148,41.272646]},"properties":{"id":"poi_fdb894d032d1e16e","name":"Чебуречная #1","aliases":[],"brand":null,"subtype":"burger","subtypes":["burger"],"sources":["overture"],"confidence":0.697,"address":"Туркистон, 12а\\n"}},{"type":"Feature","geometry":{"type":"Point","coordinates":[69.26665211821883,41.26149062614826]},"properties":{"id":"poi_04d2892ff0d1d308","name":"Чемоданчик","aliases":[],"brand":null,"subtype":"street_food","subtypes":["street_food"],"sources":["foursquare"],"confidence":0.62,"address":null}},{"type":"Feature","geometry":{"type":"Point","coordinates":[69.2653018,41.2647994]},"properties":{"id":"poi_da83da3595e0196d","name":"Чемоданчик","aliases":[],"brand":null,"subtype":"street_food","subtypes":["street_food"],"sources":["overture"],"confidence":0.659,"address":null}},{"type":"Feature","geometry":{"type":"Point","coordinates":[69.21234130859375,41.22370147705078]},"properties":{"id":"poi_0be02da3a275870f","name":"Чикен на Сергели-7","aliases":[],"brand":null,"subtype":"chicken","subtypes":["chicken"],"sources":["foursquare"],"confidence":0.62,"address":"ул.М.Алавия"}},{"type":"Feature","geometry":{"type":"Point","coordinates":[69.183607,41.297281]},"properties":{"id":"poi_6a806a4eff3b9a90","name":"Чиланзар-15 / Chilanzar-15","aliases":[],"brand":null,"subtype":"general_fast_food","subtypes":["general_fast_food"],"sources":["overture"],"confidence":0.697,"address":"Farhad St"}},{"type":"Feature","geometry":{"type":"Point","coordinates":[69.2222714,41.2221853]},"properties":{"id":"poi_84627ccf27e2fb7f","name":"Чирокчи Жиз","aliases":[],"brand":null,"subtype":"general_fast_food","subtypes":["general_fast_food"],"sources":["overture"],"confidence":0.659,"address":"Новосергелийская, 24"}},{"type":"Feature","geometry":{"type":"Point","coordinates":[69.27315920584981,41.291593111591595]},"properties":{"id":"poi_351ff82fa496834c","name":"Шаурма #1","aliases":[],"brand":null,"subtype":"general_fast_food","subtypes":["general_fast_food"],"sources":["foursquare"],"confidence":0.62,"address":null}},{"type":"Feature","geometry":{"type":"Point","coordinates":[69.1910362,41.3610436]},"properties":{"id":"poi_b0eb3cd1c4e3ad2e","name":"Шашлык","aliases":[],"brand":null,"subtype":"general_fast_food","subtypes":["general_fast_food"],"sources":["osm"],"confidence":0.62,"address":null}},{"type":"Feature","geometry":{"type":"Point","coordinates":[69.233406,41.286104]},"properties":{"id":"poi_0568cca6020343dc","name":"Шашлык №1","aliases":[],"brand":null,"subtype":"doner_kebab","subtypes":["doner_kebab"],"sources":["foursquare"],"confidence":0.62,"address":"Мукими 98"}},{"type":"Feature","geometry":{"type":"Point","coordinates":[69.2363422,41.2988602]},"properties":{"id":"poi_322054d042369e08","name":"Шашлык №1","aliases":[],"brand":null,"subtype":"doner_kebab","subtypes":["doner_kebab"],"sources":["overture"],"confidence":0.697,"address":"ул.Байналминал"}},{"type":"Feature","geometry":{"type":"Point","coordinates":[69.224228,41.391825]},"properties":{"id":"poi_6d1865f4062a0e90","name":"шашлык и национальные блюда","aliases":[],"brand":null,"subtype":"food_court","subtypes":["food_court"],"sources":["foursquare"],"confidence":0.62,"address":null}},{"type":"Feature","geometry":{"type":"Point","coordinates":[69.3172368,41.3183544]},"properties":{"id":"poi_7ebfd01f01e98d7c","name":"Шашлык&Сомса","aliases":[],"brand":null,"subtype":"general_fast_food","subtypes":["general_fast_food"],"sources":["overture"],"confidence":0.697,"address":"Mirzo Ulugbek street 11"}},{"type":"Feature","geometry":{"type":"Point","coordinates":[69.209871,41.314088]},"properties":{"id":"poi_f6cced32be9482a9","name":"Шашлычная \"Исроил\"","aliases":[],"brand":null,"subtype":"general_fast_food","subtypes":["general_fast_food"],"sources":["foursquare"],"confidence":0.62,"address":"Солих Умаров 61"}},{"type":"Feature","geometry":{"type":"Point","coordinates":[69.296129,41.325424]},"properties":{"id":"poi_b8e2182d602419e1","name":"Шашлычная при Институте Астрономии при АН РУз","aliases":[],"brand":null,"subtype":"doner_kebab","subtypes":["doner_kebab"],"sources":["foursquare"],"confidence":0.62,"address":"Осие"}},{"type":"Feature","geometry":{"type":"Point","coordinates":[69.2493227,41.2978687]},"properties":{"id":"poi_3f91a377b510d73c","name":"Шеф burger","aliases":[],"brand":null,"subtype":"burger","subtypes":["burger"],"sources":["osm"],"confidence":0.62,"address":null}},{"type":"Feature","geometry":{"type":"Point","coordinates":[69.23107624053955,41.31638425157358]},"properties":{"id":"poi_658780d3190556e7","name":"Шеф Burger","aliases":[],"brand":null,"subtype":"burger","subtypes":["burger"],"sources":["foursquare"],"confidence":0.62,"address":"улица Коратош, 5А"}},{"type":"Feature","geometry":{"type":"Point","coordinates":[69.26617356666667,41.2939402]},"properties":{"id":"poi_5324eeb88edba27b","name":"Шеф Burger","aliases":["Shef Burger"],"brand":null,"subtype":"burger","subtypes":["burger"],"sources":["foursquare","osm","overture"],"confidence":0.98,"address":"ул. Шота Руставели, 13А"}},{"type":"Feature","geometry":{"type":"Point","coordinates":[69.28388080344976,41.328863582044264]},"properties":{"id":"poi_8fef47d74b20ca36","name":"Шеф Burger","aliases":["шеф бургер"],"brand":null,"subtype":"burger","subtypes":["burger"],"sources":["foursquare","overture"],"confidence":0.934,"address":"Проспект Амира Темура, 70"}},{"type":"Feature","geometry":{"type":"Point","coordinates":[69.35321331024169,41.353964748467845]},"properties":{"id":"poi_906650757a36fcf7","name":"Шеф Burger","aliases":[],"brand":null,"subtype":"burger","subtypes":["burger"],"sources":["foursquare"],"confidence":0.62,"address":"ул. Тимура Малика, 3"}},{"type":"Feature","geometry":{"type":"Point","coordinates":[69.3343198299408,41.32652063422352]},"properties":{"id":"poi_4f4beb6de7e4e3ab","name":"Шеф Burger","aliases":[],"brand":null,"subtype":"burger","subtypes":["burger"],"sources":["foursquare"],"confidence":0.62,"address":"Буюк Ипак Йули, 60"}},{"type":"Feature","geometry":{"type":"Point","coordinates":[69.25005555152893,41.29551832500352]},"properties":{"id":"poi_0a13f30c93494b66","name":"Шеф Burger","aliases":[],"brand":null,"subtype":"burger","subtypes":["burger"],"sources":["foursquare"],"confidence":0.62,"address":"улица Бабура, 6"}},{"type":"Feature","geometry":{"type":"Point","coordinates":[69.22208976739057,41.22199520165656]},"properties":{"id":"poi_a301f8dcc2ea8664","name":"Шеф Burger","aliases":[],"brand":null,"subtype":"burger","subtypes":["burger"],"sources":["foursquare"],"confidence":0.62,"address":"Янги Сергели-8, 21А"}},{"type":"Feature","geometry":{"type":"Point","coordinates":[69.29099603333334,41.311983266666665]},"properties":{"id":"poi_853c2f4694b9e2dc","name":"Шеф бургер","aliases":["Шеф Burger","Shef Burger"],"brand":null,"subtype":"general_fast_food","subtypes":["burger","general_fast_food"],"sources":["foursquare","osm","overture"],"confidence":0.98,"address":"ул. Узбекистон Овози, 21"}},{"type":"Feature","geometry":{"type":"Point","coordinates":[69.3424349,41.290657]},"properties":{"id":"poi_be10d6a5f62554b7","name":"Шукран","aliases":[],"brand":null,"subtype":"general_fast_food","subtypes":["general_fast_food"],"sources":["osm"],"confidence":0.62,"address":null}},{"type":"Feature","geometry":{"type":"Point","coordinates":[69.2251113,41.2894403]},"properties":{"id":"poi_36f78faac4cd988b","name":"Шухрат Ресторан","aliases":[],"brand":null,"subtype":"general_fast_food","subtypes":["general_fast_food"],"sources":["overture"],"confidence":0.697,"address":null}},{"type":"Feature","geometry":{"type":"Point","coordinates":[69.31888,41.37202]},"properties":{"id":"poi_2e0e9d5c91e36865","name":"Эрам","aliases":[],"brand":null,"subtype":"doner_kebab","subtypes":["doner_kebab"],"sources":["foursquare","overture"],"confidence":0.859,"address":null}},{"type":"Feature","geometry":{"type":"Point","coordinates":[69.2352846,41.3142798]},"properties":{"id":"poi_9e6fce7a2d8c1197","name":"Эшонгузар | Eshonguzar","aliases":[],"brand":null,"subtype":"general_fast_food","subtypes":["general_fast_food"],"sources":["overture"],"confidence":0.697,"address":"Furkat St, Tashkent"}},{"type":"Feature","geometry":{"type":"Point","coordinates":[69.28173826548424,41.322520126368346]},"properties":{"id":"poi_b19a9f819e456e8d","name":"Юлдуз бургер","aliases":[],"brand":null,"subtype":"burger","subtypes":["burger"],"sources":["foursquare"],"confidence":0.62,"address":"Юнусобод Тумани Амур Темур 60"}},{"type":"Feature","geometry":{"type":"Point","coordinates":[69.30013,41.368092]},"properties":{"id":"poi_2787b299fd7e2eaf","name":"Юнус-Абад 13 квартал","aliases":[],"brand":null,"subtype":"general_fast_food","subtypes":["general_fast_food"],"sources":["overture"],"confidence":0.697,"address":null}},{"type":"Feature","geometry":{"type":"Point","coordinates":[69.31558829219576,41.266833669838405]},"properties":{"id":"poi_8197201c5dfd1741","name":"Я Ваш fastfood!","aliases":[],"brand":null,"subtype":"burger","subtypes":["burger"],"sources":["foursquare"],"confidence":0.62,"address":null}},{"type":"Feature","geometry":{"type":"Point","coordinates":[69.23569933907733,41.321625154578555]},"properties":{"id":"poi_685f008f5c32809b","name":"Я Лаваш","aliases":[],"brand":null,"subtype":"general_fast_food","subtypes":["general_fast_food"],"sources":["foursquare"],"confidence":0.62,"address":null}},{"type":"Feature","geometry":{"type":"Point","coordinates":[69.3534307,41.2647097]},"properties":{"id":"poi_df333734b5077dda","name":"Янгиобод лаваш","aliases":[],"brand":null,"subtype":"general_fast_food","subtypes":["general_fast_food"],"sources":["osm"],"confidence":0.62,"address":null}},{"type":"Feature","geometry":{"type":"Point","coordinates":[69.2785859,41.2989132]},"properties":{"id":"poi_2f811342b04597ca","name":"Япона мама","aliases":[],"brand":null,"subtype":"general_fast_food","subtypes":["general_fast_food"],"sources":["overture"],"confidence":0.697,"address":null}},{"type":"Feature","geometry":{"type":"Point","coordinates":[69.28804156618888,41.302843536102394]},"properties":{"id":"poi_6c306dbf73a1166e","name":"مطعم افندي","aliases":[],"brand":null,"subtype":"general_fast_food","subtypes":["general_fast_food"],"sources":["foursquare"],"confidence":0.62,"address":null}}]}
