{"type":"FeatureCollection","metadata":{"generatedAt":"2026-08-09T19:36:45.844Z","inputFeatureCount":2162,"selectedRecordCount":2162,"featureCount":1403,"namedCount":1081,"unnamedCount":322,"mergedRecordCount":759,"deduplication":"Same normalized name within 80 m; unnamed records within 12 m","source":"© OpenStreetMap contributors","license":"ODbL-1.0","sourceUrl":"https://www.openstreetmap.org/copyright"},"features":[{"type":"Feature","geometry":{"type":"Point","coordinates":[69.166914,41.27378]},"properties":{"id":"transit_9d349f55e8dbe09d","name":"\"Depo Mall\" savdo markazi","nameEn":null,"types":["stop_position"],"refs":[],"recordCount":1,"confidence":0.76,"source":"openstreetmap","sourceIds":["node/13370315972"]}},{"type":"Feature","geometry":{"type":"Point","coordinates":[69.23589,41.294491]},"properties":{"id":"transit_49e3e38cb5336708","name":"\"Kinostudiya\" Bekati","nameEn":null,"types":["platform"],"refs":[],"recordCount":1,"confidence":0.76,"source":"openstreetmap","sourceIds":["node/12968755798"]}},{"type":"Feature","geometry":{"type":"Point","coordinates":[69.172828,41.27661]},"properties":{"id":"transit_5ce6b2f8a3cfe329","name":"\"Vatan\" kinoteatri","nameEn":null,"types":["platform","stop_position"],"refs":[],"recordCount":5,"confidence":0.96,"source":"openstreetmap","sourceIds":["node/13357905534","node/13357905536","node/13357905537","node/4727212491","node/5660024523"]}},{"type":"Feature","geometry":{"type":"Point","coordinates":[69.171561,41.276522]},"properties":{"id":"transit_19ffe74aa45dff7b","name":"\"Vatan\" kinoteatri","nameEn":null,"types":["stop_position"],"refs":[],"recordCount":1,"confidence":0.76,"source":"openstreetmap","sourceIds":["node/13357905535"]}},{"type":"Feature","geometry":{"type":"Point","coordinates":[69.225878,41.336444]},"properties":{"id":"transit_fb19cd9a6c0be9fd","name":"\"Мухокама\" маҳалласи","nameEn":null,"types":["platform"],"refs":[],"recordCount":2,"confidence":0.88,"source":"openstreetmap","sourceIds":["node/8051636860","node/8051671046"]}},{"type":"Feature","geometry":{"type":"Point","coordinates":[69.25828,41.281555]},"properties":{"id":"transit_d0da3c3741138fac","name":"1 notarial idora","nameEn":null,"types":["platform","stop_position"],"refs":[],"recordCount":2,"confidence":0.88,"source":"openstreetmap","sourceIds":["node/13314837147","node/1930080983"]}},{"type":"Feature","geometry":{"type":"Point","coordinates":[69.260134,41.281918]},"properties":{"id":"transit_560b3aa48167296d","name":"1 notarial idora","nameEn":null,"types":["platform","stop_position"],"refs":[],"recordCount":2,"confidence":0.88,"source":"openstreetmap","sourceIds":["node/13314837145","node/9950851167"]}},{"type":"Feature","geometry":{"type":"Point","coordinates":[69.276922,41.244136]},"properties":{"id":"transit_aa78ee8932c1ffe7","name":"1-ATP","nameEn":null,"types":["platform","stop_position"],"refs":[],"recordCount":4,"confidence":0.96,"source":"openstreetmap","sourceIds":["node/13324929836","node/13324929837","node/13324929866","node/13324929867"]}},{"type":"Feature","geometry":{"type":"Point","coordinates":[69.278268,41.2442]},"properties":{"id":"transit_75368e8239046957","name":"1-ATP","nameEn":null,"types":["platform","stop_position"],"refs":[],"recordCount":2,"confidence":0.88,"source":"openstreetmap","sourceIds":["node/13324929864","node/13324929865"]}},{"type":"Feature","geometry":{"type":"Point","coordinates":[69.336571,41.357315]},"properties":{"id":"transit_fae97df782af5354","name":"1-sonli bog'cha","nameEn":null,"types":["platform","stop_position"],"refs":[],"recordCount":2,"confidence":0.88,"source":"openstreetmap","sourceIds":["node/13424095647","node/13424095648"]}},{"type":"Feature","geometry":{"type":"Point","coordinates":[69.221528,41.321851]},"properties":{"id":"transit_d7ac622b89db33fc","name":"1-sonli shahar shifoxonasi","nameEn":"1 city hospital","types":["platform"],"refs":[],"recordCount":1,"confidence":0.76,"source":"openstreetmap","sourceIds":["node/5434514165"]}},{"type":"Feature","geometry":{"type":"Point","coordinates":[69.220518,41.322305]},"properties":{"id":"transit_7ac3049ccbc0dd16","name":"1-sonli shahar shifoxonasi","nameEn":"1 city hospital","types":["platform"],"refs":[],"recordCount":1,"confidence":0.76,"source":"openstreetmap","sourceIds":["node/6904895688"]}},{"type":"Feature","geometry":{"type":"Point","coordinates":[69.289593,41.298881]},"properties":{"id":"transit_7eafc684e4f9548a","name":"1-й Нукусский проезд","nameEn":null,"types":["platform"],"refs":[],"recordCount":1,"confidence":0.76,"source":"openstreetmap","sourceIds":["node/10582211707"]}},{"type":"Feature","geometry":{"type":"Point","coordinates":[69.361048,41.320568]},"properties":{"id":"transit_74e6d533d65d27d2","name":"10-sonli avtobus saroyi","nameEn":null,"types":["platform","stop_position"],"refs":[],"recordCount":2,"confidence":0.88,"source":"openstreetmap","sourceIds":["node/13448637080","node/4773537941"]}},{"type":"Feature","geometry":{"type":"Point","coordinates":[69.362703,41.321238]},"properties":{"id":"transit_68ac6e8364d53338","name":"10-sonli avtobus saroyi","nameEn":null,"types":["platform","stop_position"],"refs":[],"recordCount":2,"confidence":0.88,"source":"openstreetmap","sourceIds":["node/13448639835","node/4871793824"]}},{"type":"Feature","geometry":{"type":"Point","coordinates":[69.284968,41.244655]},"properties":{"id":"transit_ef3ca98b32ab25ac","name":"10-ая станция надземного метро","nameEn":null,"types":["platform"],"refs":[],"recordCount":1,"confidence":0.76,"source":"openstreetmap","sourceIds":["node/10956755305"]}},{"type":"Feature","geometry":{"type":"Point","coordinates":[69.300461,41.269624]},"properties":{"id":"transit_f6d756da1b615e4b","name":"11-sonli tug'ruqxona","nameEn":null,"types":["platform","stop_position"],"refs":[],"recordCount":2,"confidence":0.88,"source":"openstreetmap","sourceIds":["node/13320079512","node/2986747944"]}},{"type":"Feature","geometry":{"type":"Point","coordinates":[69.299346,41.269434]},"properties":{"id":"transit_608d832369a93738","name":"11-sonli tug'ruqxona","nameEn":null,"types":["platform","stop_position"],"refs":[],"recordCount":2,"confidence":0.88,"source":"openstreetmap","sourceIds":["node/13320079513","node/2986747945"]}},{"type":"Feature","geometry":{"type":"Point","coordinates":[69.225176,41.338415]},"properties":{"id":"transit_77ffeba95ccafcbb","name":"111-maktab","nameEn":null,"types":["platform","stop_position"],"refs":[],"recordCount":2,"confidence":0.88,"source":"openstreetmap","sourceIds":["node/13326721961","node/13326721962"]}},{"type":"Feature","geometry":{"type":"Point","coordinates":[69.223407,41.337583]},"properties":{"id":"transit_db4e34e87060c3a8","name":"111-maktab","nameEn":null,"types":["stop_position"],"refs":[],"recordCount":1,"confidence":0.76,"source":"openstreetmap","sourceIds":["node/13326721963"]}},{"type":"Feature","geometry":{"type":"Point","coordinates":[69.248229,41.340894]},"properties":{"id":"transit_abff31bc9f40aefa","name":"119-sonli maktab","nameEn":null,"types":["platform","stop_position"],"refs":[],"recordCount":2,"confidence":0.88,"source":"openstreetmap","sourceIds":["node/9366065707","node/9366065708"]}},{"type":"Feature","geometry":{"type":"Point","coordinates":[69.247159,41.340889]},"properties":{"id":"transit_930bd83570fae1da","name":"119-sonli maktab","nameEn":null,"types":["platform","stop_position"],"refs":[],"recordCount":2,"confidence":0.88,"source":"openstreetmap","sourceIds":["node/10994667999","node/13331990928"]}},{"type":"Feature","geometry":{"type":"Point","coordinates":[69.217903,41.19233]},"properties":{"id":"transit_cef989868392534e","name":"12 автопарк","nameEn":null,"types":["bus_stop"],"refs":[],"recordCount":1,"confidence":0.76,"source":"openstreetmap","sourceIds":["node/4529852891"]}},{"type":"Feature","geometry":{"type":"Point","coordinates":[69.373843,41.354429]},"properties":{"id":"transit_55f205d0475d598a","name":"12-sonli mavze","nameEn":null,"types":["platform","stop_position"],"refs":[],"recordCount":4,"confidence":0.96,"source":"openstreetmap","sourceIds":["node/1213224933","node/9663853193","node/9663853194","node/9663853196"]}},{"type":"Feature","geometry":{"type":"Point","coordinates":[69.311159,41.370666]},"properties":{"id":"transit_b019a2bcdd0c56ba","name":"12-sonli poliklinika","nameEn":null,"types":["platform","stop_position"],"refs":[],"recordCount":2,"confidence":0.88,"source":"openstreetmap","sourceIds":["node/13339363593","node/4659411634"]}},{"type":"Feature","geometry":{"type":"Point","coordinates":[69.312427,41.370033]},"properties":{"id":"transit_95e12c1ea0270dd0","name":"12-sonli poliklinika","nameEn":null,"types":["platform","stop_position"],"refs":[],"recordCount":2,"confidence":0.88,"source":"openstreetmap","sourceIds":["node/13339363594","node/4659411635"]}},{"type":"Feature","geometry":{"type":"Point","coordinates":[69.310297,41.369568]},"properties":{"id":"transit_5a52c5b5aa5d66b2","name":"12-sonli poliklinika","nameEn":null,"types":["stop_position"],"refs":[],"recordCount":1,"confidence":0.76,"source":"openstreetmap","sourceIds":["node/10803349295"]}},{"type":"Feature","geometry":{"type":"Point","coordinates":[69.311825,41.369179]},"properties":{"id":"transit_0ee3d55cecbdab42","name":"12-sonli poliklinika","nameEn":null,"types":["stop_position"],"refs":[],"recordCount":1,"confidence":0.76,"source":"openstreetmap","sourceIds":["node/13339363592"]}},{"type":"Feature","geometry":{"type":"Point","coordinates":[69.314054,41.366033]},"properties":{"id":"transit_77c2123059c8281c","name":"122-sonli maktab","nameEn":null,"types":["platform","stop_position"],"refs":[],"recordCount":2,"confidence":0.88,"source":"openstreetmap","sourceIds":["node/13341109561","node/13341109562"]}},{"type":"Feature","geometry":{"type":"Point","coordinates":[69.313518,41.365366]},"properties":{"id":"transit_ef9d0b7ac7e29282","name":"122-sonli maktab","nameEn":null,"types":["platform","stop_position"],"refs":[],"recordCount":2,"confidence":0.88,"source":"openstreetmap","sourceIds":["node/13341109563","node/13341109564"]}},{"type":"Feature","geometry":{"type":"Point","coordinates":[69.237447,41.28319]},"properties":{"id":"transit_cce3af6fb62c5add","name":"144-sonli maktab","nameEn":null,"types":["platform","stop_position"],"refs":[],"recordCount":2,"confidence":0.88,"source":"openstreetmap","sourceIds":["node/5836999344","node/5836999345"]}},{"type":"Feature","geometry":{"type":"Point","coordinates":[69.288246,41.303512]},"properties":{"id":"transit_827b86582c9e8c39","name":"145 Maktab","nameEn":"School 145","types":["platform","stop_position"],"refs":[],"recordCount":2,"confidence":0.88,"source":"openstreetmap","sourceIds":["node/1150537340","node/12232084303"]}},{"type":"Feature","geometry":{"type":"Point","coordinates":[69.287233,41.303787]},"properties":{"id":"transit_83131ffebc866356","name":"145 Maktab","nameEn":"School 145","types":["platform","stop_position"],"refs":[],"recordCount":2,"confidence":0.88,"source":"openstreetmap","sourceIds":["node/13314822279","node/4077642021"]}},{"type":"Feature","geometry":{"type":"Point","coordinates":[69.287111,41.302892]},"properties":{"id":"transit_b69651c50dfd470c","name":"145 Maktab","nameEn":"School 145","types":["platform"],"refs":[],"recordCount":1,"confidence":0.76,"source":"openstreetmap","sourceIds":["node/4180633202"]}},{"type":"Feature","geometry":{"type":"Point","coordinates":[69.28808,41.302654]},"properties":{"id":"transit_7396d4213240c6e4","name":"145 Maktab","nameEn":"School 145","types":["platform","stop_position"],"refs":[],"recordCount":2,"confidence":0.88,"source":"openstreetmap","sourceIds":["node/12232084302","node/5363053024"]}},{"type":"Feature","geometry":{"type":"Point","coordinates":[69.28716,41.302847]},"properties":{"id":"transit_01e2a521bc6574e9","name":"145-sonli maktab","nameEn":"School 145","types":["stop_position"],"refs":[],"recordCount":1,"confidence":0.76,"source":"openstreetmap","sourceIds":["node/12232084301"]}},{"type":"Feature","geometry":{"type":"Point","coordinates":[69.16351,41.261599]},"properties":{"id":"transit_5dbd001c7c23b348","name":"153-sonli dorixona","nameEn":null,"types":["stop_position"],"refs":[],"recordCount":1,"confidence":0.76,"source":"openstreetmap","sourceIds":["node/1158828191"]}},{"type":"Feature","geometry":{"type":"Point","coordinates":[69.189324,41.370313]},"properties":{"id":"transit_0a3a3a5ce617c443","name":"16 йиллик Бекати Янги","nameEn":null,"types":["bus_stop"],"refs":[],"recordCount":1,"confidence":0.76,"source":"openstreetmap","sourceIds":["node/6992533288"]}},{"type":"Feature","geometry":{"type":"Point","coordinates":[69.311965,41.33181]},"properties":{"id":"transit_d073c88dee1099b8","name":"17-лицей","nameEn":"17-litsey","types":["platform"],"refs":[],"recordCount":1,"confidence":0.76,"source":"openstreetmap","sourceIds":["node/4914981623"]}},{"type":"Feature","geometry":{"type":"Point","coordinates":[69.220621,41.293779]},"properties":{"id":"transit_bddbce650621e1af","name":"173-sonli maktab","nameEn":null,"types":["stop_position"],"refs":[],"recordCount":2,"confidence":0.88,"source":"openstreetmap","sourceIds":["node/564648044","node/5855879713"]}},{"type":"Feature","geometry":{"type":"Point","coordinates":[69.168879,41.328179]},"properties":{"id":"transit_6aa3789d111b659a","name":"177-sonli maktab","nameEn":null,"types":["stop_position"],"refs":[],"recordCount":1,"confidence":0.76,"source":"openstreetmap","sourceIds":["node/13409294048"]}},{"type":"Feature","geometry":{"type":"Point","coordinates":[69.350907,41.27132]},"properties":{"id":"transit_9f30bc36f9b79953","name":"198-sonli maktab","nameEn":null,"types":["platform","stop_position"],"refs":[],"recordCount":4,"confidence":0.96,"source":"openstreetmap","sourceIds":["node/13626619121","node/13626619122","node/2011945480","node/2011945481"]}},{"type":"Feature","geometry":{"type":"Point","coordinates":[69.35469,41.320684]},"properties":{"id":"transit_6b11ca6a37d311ac","name":"1М","nameEn":null,"types":["bus_stop"],"refs":[],"recordCount":1,"confidence":0.76,"source":"openstreetmap","sourceIds":["node/4773537925"]}},{"type":"Feature","geometry":{"type":"Point","coordinates":[69.343075,41.24525]},"properties":{"id":"transit_0e7f41674e38b01d","name":"2 JBI zavod","nameEn":null,"types":["stop_position"],"refs":[],"recordCount":1,"confidence":0.76,"source":"openstreetmap","sourceIds":["node/4665638594"]}},{"type":"Feature","geometry":{"type":"Point","coordinates":[69.226021,41.207635]},"properties":{"id":"transit_21f715f9218496eb","name":"2 брата","nameEn":null,"types":["bus_stop"],"refs":[],"recordCount":2,"confidence":0.88,"source":"openstreetmap","sourceIds":["node/4556577099","node/4556579792"]}},{"type":"Feature","geometry":{"type":"Point","coordinates":[69.353143,41.288721]},"properties":{"id":"transit_d086424fc73bb4e7","name":"2 проезд Бешарык","nameEn":null,"types":["bus_stop"],"refs":[],"recordCount":1,"confidence":0.76,"source":"openstreetmap","sourceIds":["node/2011945498"]}},{"type":"Feature","geometry":{"type":"Point","coordinates":[69.312682,41.253389]},"properties":{"id":"transit_95e8d87f237f4217","name":"2-sonli poliklinika","nameEn":null,"types":["platform","stop_position"],"refs":[],"recordCount":4,"confidence":0.96,"source":"openstreetmap","sourceIds":["node/1654756094","node/1654756097","node/1654756109","node/1654756110"]}},{"type":"Feature","geometry":{"type":"Point","coordinates":[69.344135,41.294542]},"properties":{"id":"transit_9725866c20db7285","name":"204-son maktab","nameEn":null,"types":["platform","stop_position"],"refs":[],"recordCount":4,"confidence":0.96,"source":"openstreetmap","sourceIds":["node/1264496092","node/13534580274","node/13534580275","node/13534580300"]}},{"type":"Feature","geometry":{"type":"Point","coordinates":[69.367843,41.357435]},"properties":{"id":"transit_9df16e22b451c622","name":"205-sonli maktab","nameEn":null,"types":["platform","stop_position"],"refs":[],"recordCount":4,"confidence":0.96,"source":"openstreetmap","sourceIds":["node/13339363401","node/5503082523","node/5503082723","node/7521105478"]}},{"type":"Feature","geometry":{"type":"Point","coordinates":[69.257383,41.342612]},"properties":{"id":"transit_d818c24ee0df18f1","name":"21-sonli poliklinika","nameEn":null,"types":["platform","stop_position"],"refs":[],"recordCount":4,"confidence":0.96,"source":"openstreetmap","sourceIds":["node/13289848067","node/13289848071","node/13331990924","node/9366077647"]}},{"type":"Feature","geometry":{"type":"Point","coordinates":[69.172659,41.268444]},"properties":{"id":"transit_499d36e377f607d4","name":"217-sonli maktab","nameEn":null,"types":["stop_position"],"refs":[],"recordCount":1,"confidence":0.76,"source":"openstreetmap","sourceIds":["node/1506193879"]}},{"type":"Feature","geometry":{"type":"Point","coordinates":[69.209552,41.301134]},"properties":{"id":"transit_935f24a48d94a293","name":"22 поликлиника","nameEn":null,"types":["platform"],"refs":[],"recordCount":1,"confidence":0.76,"source":"openstreetmap","sourceIds":["node/4479037971"]}},{"type":"Feature","geometry":{"type":"Point","coordinates":[69.254629,41.260563]},"properties":{"id":"transit_a5a144736f6fd4d1","name":"237-sonli maktab","nameEn":null,"types":["platform"],"refs":[],"recordCount":1,"confidence":0.76,"source":"openstreetmap","sourceIds":["node/4535188103"]}},{"type":"Feature","geometry":{"type":"Point","coordinates":[69.253807,41.261061]},"properties":{"id":"transit_fb4abe374ce64c5a","name":"237-sonli maktab","nameEn":null,"types":["platform","stop_position"],"refs":[],"recordCount":2,"confidence":0.88,"source":"openstreetmap","sourceIds":["node/13297033795","node/4535189291"]}},{"type":"Feature","geometry":{"type":"Point","coordinates":[69.318451,41.350829]},"properties":{"id":"transit_e2e4abaad53ebc78","name":"239-sonli maktab","nameEn":null,"types":["stop_position"],"refs":[],"recordCount":2,"confidence":0.88,"source":"openstreetmap","sourceIds":["node/5175126142","node/5921988685"]}},{"type":"Feature","geometry":{"type":"Point","coordinates":[69.280977,41.375947]},"properties":{"id":"transit_c6c89c78e0778c7a","name":"259-sonli maktab","nameEn":null,"types":["platform","stop_position"],"refs":[],"recordCount":2,"confidence":0.88,"source":"openstreetmap","sourceIds":["node/13342647788","node/13342647789"]}},{"type":"Feature","geometry":{"type":"Point","coordinates":[69.279934,41.375489]},"properties":{"id":"transit_16bc5ce4cdc27146","name":"259-sonli maktab","nameEn":null,"types":["platform","stop_position"],"refs":[],"recordCount":2,"confidence":0.88,"source":"openstreetmap","sourceIds":["node/13342647792","node/13342647794"]}},{"type":"Feature","geometry":{"type":"Point","coordinates":[69.38853,41.344682]},"properties":{"id":"transit_651fb87b9e1ab814","name":"279 maktab","nameEn":null,"types":["platform"],"refs":[],"recordCount":2,"confidence":0.88,"source":"openstreetmap","sourceIds":["node/13308770767","node/13308770779"]}},{"type":"Feature","geometry":{"type":"Point","coordinates":[69.228671,41.28771]},"properties":{"id":"transit_eb937b4f895f3562","name":"3 квартал, Муким-Чиланзарская","nameEn":null,"types":["platform"],"refs":[],"recordCount":1,"confidence":0.76,"source":"openstreetmap","sourceIds":["node/5730484552"]}},{"type":"Feature","geometry":{"type":"Point","coordinates":[69.323643,41.269162]},"properties":{"id":"transit_51398c4d3ad8718e","name":"3-sonli poliklinika","nameEn":null,"types":["stop_position"],"refs":[],"recordCount":1,"confidence":0.76,"source":"openstreetmap","sourceIds":["node/4714605489"]}},{"type":"Feature","geometry":{"type":"Point","coordinates":[69.324907,41.269401]},"properties":{"id":"transit_5cc5e961a5d04da5","name":"3-sonli poliklinika","nameEn":null,"types":["platform","stop_position"],"refs":[],"recordCount":2,"confidence":0.88,"source":"openstreetmap","sourceIds":["node/13383918639","node/4714605789"]}},{"type":"Feature","geometry":{"type":"Point","coordinates":[69.181683,41.361208]},"properties":{"id":"transit_4d46b0393402953a","name":"34-sonli poliklinika","nameEn":"34-poliklinika bekati","types":["stop_position"],"refs":[],"recordCount":2,"confidence":0.88,"source":"openstreetmap","sourceIds":["node/4116712089","node/4319121194"]}},{"type":"Feature","geometry":{"type":"Point","coordinates":[69.320354,41.372924]},"properties":{"id":"transit_8225204b1379d8b2","name":"39 Yotoqxona","nameEn":null,"types":["stop_position"],"refs":[],"recordCount":2,"confidence":0.88,"source":"openstreetmap","sourceIds":["node/13339363578","node/4648368418"]}},{"type":"Feature","geometry":{"type":"Point","coordinates":[69.361628,41.359572]},"properties":{"id":"transit_523c37fdca024e78","name":"4-sonli taksopark","nameEn":null,"types":["platform","stop_position"],"refs":[],"recordCount":4,"confidence":0.96,"source":"openstreetmap","sourceIds":["node/13339363415","node/13339363416","node/13339363417","node/13339363418"]}},{"type":"Feature","geometry":{"type":"Point","coordinates":[69.217999,41.307093]},"properties":{"id":"transit_c039df8622d7f4a3","name":"46 поликлиника","nameEn":null,"types":["bus_stop"],"refs":[],"recordCount":1,"confidence":0.76,"source":"openstreetmap","sourceIds":["node/9717381318"]}},{"type":"Feature","geometry":{"type":"Point","coordinates":[69.254809,41.323435]},"properties":{"id":"transit_b12965aed4cc4dd8","name":"48-poliklinika","nameEn":null,"types":["stop_position"],"refs":[],"recordCount":1,"confidence":0.76,"source":"openstreetmap","sourceIds":["node/13392741404"]}},{"type":"Feature","geometry":{"type":"Point","coordinates":[69.292535,41.332939]},"properties":{"id":"transit_5e7dad314581abeb","name":"5- стомотология шифохонаси","nameEn":null,"types":["bus_stop"],"refs":[],"recordCount":1,"confidence":0.76,"source":"openstreetmap","sourceIds":["node/6796401488"]}},{"type":"Feature","geometry":{"type":"Point","coordinates":[69.298334,41.362901]},"properties":{"id":"transit_59aff5888384e4e7","name":"5-sonli bolalar kasalxonasi","nameEn":null,"types":["stop_position"],"refs":[],"recordCount":1,"confidence":0.76,"source":"openstreetmap","sourceIds":["node/4445666611"]}},{"type":"Feature","geometry":{"type":"Point","coordinates":[69.29882,41.363653]},"properties":{"id":"transit_0bb05c8d57fcb6cd","name":"5-sonli bolalar kasalxonasi","nameEn":null,"types":["platform","stop_position"],"refs":[],"recordCount":2,"confidence":0.88,"source":"openstreetmap","sourceIds":["node/13342647782","node/4445666612"]}},{"type":"Feature","geometry":{"type":"Point","coordinates":[69.297697,41.363493]},"properties":{"id":"transit_ceb45b27b6ee5f95","name":"5-sonli bolalar kasalxonasi","nameEn":null,"types":["platform","stop_position"],"refs":[],"recordCount":2,"confidence":0.88,"source":"openstreetmap","sourceIds":["node/13342647780","node/4445666613"]}},{"type":"Feature","geometry":{"type":"Point","coordinates":[69.292161,41.316576]},"properties":{"id":"transit_ad4074df69a5c75a","name":"5-sonli Poliklinika","nameEn":null,"types":["platform","stop_position"],"refs":[],"recordCount":4,"confidence":0.96,"source":"openstreetmap","sourceIds":["node/13392724379","node/1923570526","node/3917953056","node/7948534434"]}},{"type":"Feature","geometry":{"type":"Point","coordinates":[69.29229,41.333107]},"properties":{"id":"transit_28e5e5be4b4c75cb","name":"5-Stomotilogiya shufoxonasi","nameEn":"5-Stomotilogiya shufoxonasi","types":["bus_stop"],"refs":[],"recordCount":1,"confidence":0.76,"source":"openstreetmap","sourceIds":["node/6796401489"]}},{"type":"Feature","geometry":{"type":"Point","coordinates":[69.302012,41.366541]},"properties":{"id":"transit_7f9d130fd400f9d7","name":"544-sonli bolalar bogʻchasi","nameEn":null,"types":["platform","stop_position"],"refs":[],"recordCount":2,"confidence":0.88,"source":"openstreetmap","sourceIds":["node/13342647779","node/4445666616"]}},{"type":"Feature","geometry":{"type":"Point","coordinates":[69.300389,41.365617]},"properties":{"id":"transit_9d2a584a72a36e0e","name":"544-sonli bolalar bogʻchasi","nameEn":null,"types":["platform","stop_position"],"refs":[],"recordCount":2,"confidence":0.88,"source":"openstreetmap","sourceIds":["node/13342647778","node/4656998931"]}},{"type":"Feature","geometry":{"type":"Point","coordinates":[69.237858,41.271219]},"properties":{"id":"transit_c1082832a43e94ce","name":"59-sonli poliklinika","nameEn":null,"types":["platform"],"refs":[],"recordCount":2,"confidence":0.88,"source":"openstreetmap","sourceIds":["node/13416450081","node/4208400290"]}},{"type":"Feature","geometry":{"type":"Point","coordinates":[69.164877,41.316306]},"properties":{"id":"transit_67e1755d997e68ca","name":"6-sonli poliklinika","nameEn":null,"types":["platform","stop_position"],"refs":[],"recordCount":3,"confidence":0.96,"source":"openstreetmap","sourceIds":["node/13393175438","node/6112545585","node/6112545685"]}},{"type":"Feature","geometry":{"type":"Point","coordinates":[69.285685,41.308726]},"properties":{"id":"transit_9b4533c7c08e0cab","name":"6-sonli tug'ruqxona","nameEn":null,"types":["platform","stop_position"],"refs":[],"recordCount":2,"confidence":0.88,"source":"openstreetmap","sourceIds":["node/13317689903","node/4214862784"]}},{"type":"Feature","geometry":{"type":"Point","coordinates":[69.287117,41.308907]},"properties":{"id":"transit_97048aee83c91320","name":"6-sonli tug'ruqxona","nameEn":null,"types":["stop_position"],"refs":[],"recordCount":1,"confidence":0.76,"source":"openstreetmap","sourceIds":["node/5372217621"]}},{"type":"Feature","geometry":{"type":"Point","coordinates":[69.286908,41.309899]},"properties":{"id":"transit_8d546f8199a4cb0d","name":"6-sonli tug'ruqxona","nameEn":null,"types":["platform"],"refs":[],"recordCount":1,"confidence":0.76,"source":"openstreetmap","sourceIds":["node/9654509270"]}},{"type":"Feature","geometry":{"type":"Point","coordinates":[69.274829,41.239019]},"properties":{"id":"transit_7b36e9c774e4d931","name":"68-poliklinika","nameEn":null,"types":["platform","stop_position"],"refs":[],"recordCount":2,"confidence":0.88,"source":"openstreetmap","sourceIds":["node/13326560078","node/13326560079"]}},{"type":"Feature","geometry":{"type":"Point","coordinates":[69.274238,41.238383]},"properties":{"id":"transit_e451baf33b719e3e","name":"68-poliklinika","nameEn":null,"types":["platform","stop_position"],"refs":[],"recordCount":2,"confidence":0.88,"source":"openstreetmap","sourceIds":["node/13326560080","node/13326560081"]}},{"type":"Feature","geometry":{"type":"Point","coordinates":[69.324629,41.369161]},"properties":{"id":"transit_cb0106f8f73f5299","name":"7 проезд Октепа","nameEn":null,"types":["bus_stop"],"refs":[],"recordCount":2,"confidence":0.88,"source":"openstreetmap","sourceIds":["node/5235909280","node/5235909282"]}},{"type":"Feature","geometry":{"type":"Point","coordinates":[69.187757,41.252851]},"properties":{"id":"transit_021f4cc1dbf63c26","name":"7-sonli avtokorxona","nameEn":null,"types":["stop_position"],"refs":[],"recordCount":1,"confidence":0.76,"source":"openstreetmap","sourceIds":["node/13409294064"]}},{"type":"Feature","geometry":{"type":"Point","coordinates":[69.18607,41.252566]},"properties":{"id":"transit_a95c8282efd6f930","name":"7-sonli avtokorxona","nameEn":null,"types":["stop_position"],"refs":[],"recordCount":1,"confidence":0.76,"source":"openstreetmap","sourceIds":["node/13409294090"]}},{"type":"Feature","geometry":{"type":"Point","coordinates":[69.175553,41.320427]},"properties":{"id":"transit_30bd371bfb9f8df9","name":"75-sonli maktab","nameEn":"School 75","types":["stop_position"],"refs":[],"recordCount":2,"confidence":0.88,"source":"openstreetmap","sourceIds":["node/6112534144","node/6112534145"]}},{"type":"Feature","geometry":{"type":"Point","coordinates":[69.303113,41.360098]},"properties":{"id":"transit_a36c6d23b221c5b3","name":"8-Avtobus saroyi","nameEn":null,"types":["stop_position"],"refs":[],"recordCount":2,"confidence":0.88,"source":"openstreetmap","sourceIds":["node/13612707805","node/5934022906"]}},{"type":"Feature","geometry":{"type":"Point","coordinates":[69.364409,41.323312]},"properties":{"id":"transit_5d7b82f15fd60f17","name":"8-sonli avtobaza","nameEn":null,"types":["platform","stop_position"],"refs":[],"recordCount":2,"confidence":0.88,"source":"openstreetmap","sourceIds":["node/13429327015","node/13448639834"]}},{"type":"Feature","geometry":{"type":"Point","coordinates":[69.363457,41.323646]},"properties":{"id":"transit_03faf679f628b552","name":"8-sonli avtobaza","nameEn":null,"types":["platform","stop_position"],"refs":[],"recordCount":2,"confidence":0.88,"source":"openstreetmap","sourceIds":["node/13448637084","node/13448637087"]}},{"type":"Feature","geometry":{"type":"Point","coordinates":[69.308473,41.244563]},"properties":{"id":"transit_e0055f51db9d297d","name":"8-ая станция надземного метро","nameEn":null,"types":["bus_stop"],"refs":[],"recordCount":1,"confidence":0.76,"source":"openstreetmap","sourceIds":["node/10956755206"]}},{"type":"Feature","geometry":{"type":"Point","coordinates":[69.276697,41.282429]},"properties":{"id":"transit_2d4f7acad09a57e0","name":"83-sonli maktab","nameEn":null,"types":["stop_position"],"refs":[],"recordCount":2,"confidence":0.88,"source":"openstreetmap","sourceIds":["node/1184272036","node/1184272038"]}},{"type":"Feature","geometry":{"type":"Point","coordinates":[69.214691,41.239609]},"properties":{"id":"transit_ef5da563ae160c90","name":"A. Navoiy jamoa xo'jaligi","nameEn":null,"types":["platform","stop_position"],"refs":[],"recordCount":2,"confidence":0.88,"source":"openstreetmap","sourceIds":["node/13352014248","node/949514913"]}},{"type":"Feature","geometry":{"type":"Point","coordinates":[69.215647,41.240277]},"properties":{"id":"transit_0a14b3c16abd5d55","name":"A. Navoiy jamoa xo'jaligi","nameEn":null,"types":["platform","stop_position"],"refs":[],"recordCount":2,"confidence":0.88,"source":"openstreetmap","sourceIds":["node/13352014246","node/13352014247"]}},{"type":"Feature","geometry":{"type":"Point","coordinates":[69.21343,41.274236]},"properties":{"id":"transit_8b753f627d27b7bc","name":"Afshona ko'chasi","nameEn":null,"types":["stop_position"],"refs":[],"recordCount":1,"confidence":0.76,"source":"openstreetmap","sourceIds":["node/3409273381"]}},{"type":"Feature","geometry":{"type":"Point","coordinates":[69.214285,41.27504]},"properties":{"id":"transit_518741592dc7c1e1","name":"Afshona ko'chasi","nameEn":null,"types":["stop_position"],"refs":[],"recordCount":1,"confidence":0.76,"source":"openstreetmap","sourceIds":["node/3409273382"]}},{"type":"Feature","geometry":{"type":"Point","coordinates":[69.381813,41.344502]},"properties":{"id":"transit_2ec69d723204e71a","name":"Ahmad Yugnaki mavzesi","nameEn":null,"types":["platform","stop_position"],"refs":[],"recordCount":4,"confidence":0.96,"source":"openstreetmap","sourceIds":["node/13328825942","node/13612699340","node/13618378774","node/1519571341"]}},{"type":"Feature","geometry":{"type":"Point","coordinates":[69.338545,41.338865]},"properties":{"id":"transit_6dc622eae307c017","name":"Akademiklar shaharchasi","nameEn":null,"types":["stop_position"],"refs":[],"recordCount":1,"confidence":0.76,"source":"openstreetmap","sourceIds":["node/2009111632"]}},{"type":"Feature","geometry":{"type":"Point","coordinates":[69.34101,41.339919]},"properties":{"id":"transit_97fdecab7c89c284","name":"Akademiklar shaharchasi","nameEn":null,"types":["platform","stop_position"],"refs":[],"recordCount":2,"confidence":0.88,"source":"openstreetmap","sourceIds":["node/4207006173","node/5440819224"]}},{"type":"Feature","geometry":{"type":"Point","coordinates":[69.339879,41.337952]},"properties":{"id":"transit_8ab2ff4c6119888a","name":"Akademiklar shaharchasi","nameEn":null,"types":["stop_position"],"refs":[],"recordCount":1,"confidence":0.76,"source":"openstreetmap","sourceIds":["node/5069094623"]}},{"type":"Feature","geometry":{"type":"Point","coordinates":[69.338416,41.337848]},"properties":{"id":"transit_2462812b7048a719","name":"Akademiklar shaharchasi","nameEn":null,"types":["stop_position"],"refs":[],"recordCount":1,"confidence":0.76,"source":"openstreetmap","sourceIds":["node/10284186445"]}},{"type":"Feature","geometry":{"type":"Point","coordinates":[69.340172,41.339512]},"properties":{"id":"transit_7e4a4e29ec537f4b","name":"Akademiklar shaharchasi","nameEn":null,"types":["stop_position"],"refs":[],"recordCount":1,"confidence":0.76,"source":"openstreetmap","sourceIds":["node/13382060334"]}},{"type":"Feature","geometry":{"type":"Point","coordinates":[69.285333,41.338144]},"properties":{"id":"transit_d782e3558f3fe056","name":"Akvabog'i","nameEn":"Akvapark","types":["stop_position"],"refs":[],"recordCount":2,"confidence":0.88,"source":"openstreetmap","sourceIds":["node/4523157395","node/4536384282"]}},{"type":"Feature","geometry":{"type":"Point","coordinates":[69.149683,41.260848]},"properties":{"id":"transit_c738bfd5cfa05055","name":"Al-Xorazmiy dahasi","nameEn":null,"types":["stop_position"],"refs":[],"recordCount":1,"confidence":0.76,"source":"openstreetmap","sourceIds":["node/5208068337"]}},{"type":"Feature","geometry":{"type":"Point","coordinates":[69.150396,41.261534]},"properties":{"id":"transit_36ed97d107adf88c","name":"Al-Xorazmiy dahasi","nameEn":null,"types":["stop_position"],"refs":[],"recordCount":1,"confidence":0.76,"source":"openstreetmap","sourceIds":["node/13370315830"]}},{"type":"Feature","geometry":{"type":"Point","coordinates":[69.193006,41.275082]},"properties":{"id":"transit_9ffce22a932a4d42","name":"Al-Xorazmiy maydoni","nameEn":null,"types":["bus_stop"],"refs":[],"recordCount":1,"confidence":0.76,"source":"openstreetmap","sourceIds":["node/1522920570"]}},{"type":"Feature","geometry":{"type":"Point","coordinates":[69.273874,41.276853]},"properties":{"id":"transit_7a25e50eb2547b5a","name":"Aliyev ko'chasi","nameEn":null,"types":["stop_position"],"refs":[],"recordCount":1,"confidence":0.76,"source":"openstreetmap","sourceIds":["node/956660898"]}},{"type":"Feature","geometry":{"type":"Point","coordinates":[69.274353,41.277605]},"properties":{"id":"transit_bdc9f0f107861a42","name":"Aliyev ko'chasi","nameEn":null,"types":["stop_position"],"refs":[],"recordCount":1,"confidence":0.76,"source":"openstreetmap","sourceIds":["node/2161388739"]}},{"type":"Feature","geometry":{"type":"Point","coordinates":[69.253315,41.321364]},"properties":{"id":"transit_b8868608ffb6e657","name":"Alisher Navoiy muzeyi","nameEn":null,"types":["stop_position"],"refs":[],"recordCount":1,"confidence":0.76,"source":"openstreetmap","sourceIds":["node/5735930408"]}},{"type":"Feature","geometry":{"type":"Point","coordinates":[69.254289,41.31989]},"properties":{"id":"transit_2dd54fb3d68a1a70","name":"Alisher Navoiy muzeyi","nameEn":null,"types":["platform","stop_position"],"refs":[],"recordCount":2,"confidence":0.88,"source":"openstreetmap","sourceIds":["node/7832983862","node/7832983863"]}},{"type":"Feature","geometry":{"type":"Point","coordinates":[69.351959,41.243334]},"properties":{"id":"transit_d786e1989601223b","name":"Aloqa bog'lanmasi","nameEn":null,"types":["stop_position"],"refs":[],"recordCount":2,"confidence":0.88,"source":"openstreetmap","sourceIds":["node/13376416786","node/5659644223"]}},{"type":"Feature","geometry":{"type":"Point","coordinates":[69.214272,41.334851]},"properties":{"id":"transit_af2bea4402c37e0c","name":"Aloqa ko‘chasi","nameEn":null,"types":["platform"],"refs":[],"recordCount":1,"confidence":0.76,"source":"openstreetmap","sourceIds":["node/13297153517"]}},{"type":"Feature","geometry":{"type":"Point","coordinates":[69.279579,41.309522]},"properties":{"id":"transit_16e0b862af8b2a28","name":"Amir Temur skveri","nameEn":null,"types":["platform"],"refs":[],"recordCount":1,"confidence":0.76,"source":"openstreetmap","sourceIds":["node/5122068265"]}},{"type":"Feature","geometry":{"type":"Point","coordinates":[69.278827,41.307431]},"properties":{"id":"transit_c9c277f0363d0c23","name":"Amir Temur skveri","nameEn":null,"types":["platform"],"refs":[],"recordCount":1,"confidence":0.76,"source":"openstreetmap","sourceIds":["node/5122068267"]}},{"type":"Feature","geometry":{"type":"Point","coordinates":[69.340148,41.282213]},"properties":{"id":"transit_4600e22a4b8ba92d","name":"Asalobod mahallasi","nameEn":null,"types":["stop_position"],"refs":[],"recordCount":2,"confidence":0.88,"source":"openstreetmap","sourceIds":["node/4714597492","node/4714597793"]}},{"type":"Feature","geometry":{"type":"Point","coordinates":[69.340517,41.283417]},"properties":{"id":"transit_e51bf0bae5073afb","name":"Asalobod mahallasi","nameEn":null,"types":["stop_position"],"refs":[],"recordCount":1,"confidence":0.76,"source":"openstreetmap","sourceIds":["node/12869232698"]}},{"type":"Feature","geometry":{"type":"Point","coordinates":[69.299111,41.353635]},"properties":{"id":"transit_5c9fedaae21af910","name":"Asbobsozlik zavodi","nameEn":null,"types":["platform","stop_position"],"refs":[],"recordCount":2,"confidence":0.88,"source":"openstreetmap","sourceIds":["node/9879155798","node/9879155799"]}},{"type":"Feature","geometry":{"type":"Point","coordinates":[69.273027,41.244367]},"properties":{"id":"transit_14f788e6f0971552","name":"Astrobod mahallasi","nameEn":null,"types":["platform","stop_position"],"refs":[],"recordCount":4,"confidence":0.96,"source":"openstreetmap","sourceIds":["node/13324929846","node/13324929847","node/13324929848","node/13324929849"]}},{"type":"Feature","geometry":{"type":"Point","coordinates":[69.153545,41.266452]},"properties":{"id":"transit_252a5b57d025a8c0","name":"ATS","nameEn":null,"types":["stop_position"],"refs":[],"recordCount":2,"confidence":0.88,"source":"openstreetmap","sourceIds":["node/13370315819","node/13374559205"]}},{"type":"Feature","geometry":{"type":"Point","coordinates":[69.264237,41.326291]},"properties":{"id":"transit_5cc9117e5541ee6b","name":"Aviabirlashma","nameEn":"Aviabirlashma","types":["bus_stop"],"refs":[],"recordCount":1,"confidence":0.76,"source":"openstreetmap","sourceIds":["node/6569423489"]}},{"type":"Feature","geometry":{"type":"Point","coordinates":[69.345873,41.286167]},"properties":{"id":"transit_8095499ff4223635","name":"Aviasozlar bozori","nameEn":null,"types":["platform","stop_position"],"refs":[],"recordCount":3,"confidence":0.96,"source":"openstreetmap","sourceIds":["node/1234628289","node/1234628376","node/13383918605"]}},{"type":"Feature","geometry":{"type":"Point","coordinates":[69.347208,41.286397]},"properties":{"id":"transit_1b659ce0a43d1694","name":"Aviasozlar bozori","nameEn":null,"types":["platform","stop_position"],"refs":[],"recordCount":2,"confidence":0.88,"source":"openstreetmap","sourceIds":["node/1234628359","node/13383918604"]}},{"type":"Feature","geometry":{"type":"Point","coordinates":[69.347269,41.28549]},"properties":{"id":"transit_64db8a6d64e94a0b","name":"Aviasozlar bozori","nameEn":null,"types":["stop_position"],"refs":[],"recordCount":1,"confidence":0.76,"source":"openstreetmap","sourceIds":["node/1234628383"]}},{"type":"Feature","geometry":{"type":"Point","coordinates":[69.352615,41.296695]},"properties":{"id":"transit_8fd8b8ee393ee8d1","name":"Aviasozlar kolleji","nameEn":null,"types":["stop_position"],"refs":[],"recordCount":1,"confidence":0.76,"source":"openstreetmap","sourceIds":["node/1898005007"]}},{"type":"Feature","geometry":{"type":"Point","coordinates":[69.353461,41.29535]},"properties":{"id":"transit_19f279b42a2eebb4","name":"Aviasozlar kolleji","nameEn":null,"types":["stop_position"],"refs":[],"recordCount":1,"confidence":0.76,"source":"openstreetmap","sourceIds":["node/13418520171"]}},{"type":"Feature","geometry":{"type":"Point","coordinates":[69.342325,41.291107]},"properties":{"id":"transit_6e277154b125b9e2","name":"Aviasozlar madaniyat uyi","nameEn":null,"types":["stop_position"],"refs":[],"recordCount":1,"confidence":0.76,"source":"openstreetmap","sourceIds":["node/10224542924"]}},{"type":"Feature","geometry":{"type":"Point","coordinates":[69.340817,41.291812]},"properties":{"id":"transit_912d05410ca13edc","name":"Aviasozlar madaniyat uyi","nameEn":"Culture Palace of aircraft builders","types":["stop_position"],"refs":[],"recordCount":1,"confidence":0.76,"source":"openstreetmap","sourceIds":["node/10224542944"]}},{"type":"Feature","geometry":{"type":"Point","coordinates":[69.340321,41.293137]},"properties":{"id":"transit_a345a38dd9ecd5b1","name":"Aviasozlar madaniyat uyi","nameEn":"Culture Palace of aircraft builders","types":["stop_position"],"refs":[],"recordCount":1,"confidence":0.76,"source":"openstreetmap","sourceIds":["node/13534580276"]}},{"type":"Feature","geometry":{"type":"Point","coordinates":[69.339243,41.292317]},"properties":{"id":"transit_c871247e8d191f0f","name":"Aviasozlar madaniyat uyi","nameEn":"Culture Palace of aircraft builders","types":["stop_position"],"refs":[],"recordCount":1,"confidence":0.76,"source":"openstreetmap","sourceIds":["node/13534580278"]}},{"type":"Feature","geometry":{"type":"Point","coordinates":[69.34739,41.293643]},"properties":{"id":"transit_dd43d5ca8a974cab","name":"Aviasozlar-4","nameEn":null,"types":["platform","stop_position"],"refs":[],"recordCount":3,"confidence":0.96,"source":"openstreetmap","sourceIds":["node/13534580302","node/9763423217","node/9763423317"]}},{"type":"Feature","geometry":{"type":"Point","coordinates":[69.281701,41.288514]},"properties":{"id":"transit_2fd365ea94bd8a7d","name":"Avliyo-Ota ko'chasi","nameEn":null,"types":["platform","stop_position"],"refs":[],"recordCount":2,"confidence":0.88,"source":"openstreetmap","sourceIds":["node/13300407602","node/956173479"]}},{"type":"Feature","geometry":{"type":"Point","coordinates":[69.293542,41.27373]},"properties":{"id":"transit_fe758acce6d9f1f1","name":"Avtomaktab","nameEn":null,"types":["platform","stop_position"],"refs":[],"recordCount":3,"confidence":0.96,"source":"openstreetmap","sourceIds":["node/13320079526","node/4664941499","node/4664941500"]}},{"type":"Feature","geometry":{"type":"Point","coordinates":[69.286154,41.342502]},"properties":{"id":"transit_7bf29e235e20fb47","name":"Axborot texnologiyalari universiteti","nameEn":null,"types":["stop_position"],"refs":[],"recordCount":2,"confidence":0.88,"source":"openstreetmap","sourceIds":["node/1656237186","node/1656237189"]}},{"type":"Feature","geometry":{"type":"Point","coordinates":[69.286427,41.33954]},"properties":{"id":"transit_95814f3840a83f9e","name":"Axborot texnologiyalari universiteti","nameEn":null,"types":["platform","stop_position"],"refs":[],"recordCount":2,"confidence":0.88,"source":"openstreetmap","sourceIds":["node/2362814892","node/7926213270"]}},{"type":"Feature","geometry":{"type":"Point","coordinates":[69.249396,41.255461]},"properties":{"id":"transit_dad1c511bb28fd59","name":"AYoQSh","nameEn":null,"types":["platform"],"refs":[],"recordCount":1,"confidence":0.76,"source":"openstreetmap","sourceIds":["node/3052510637"]}},{"type":"Feature","geometry":{"type":"Point","coordinates":[69.336986,41.242667]},"properties":{"id":"transit_38c09d787f496f05","name":"AYoQSh","nameEn":null,"types":["stop_position"],"refs":[],"recordCount":1,"confidence":0.76,"source":"openstreetmap","sourceIds":["node/4449161452"]}},{"type":"Feature","geometry":{"type":"Point","coordinates":[69.249009,41.254213]},"properties":{"id":"transit_23e7bff5519e1d15","name":"AYoQSh","nameEn":null,"types":["platform"],"refs":[],"recordCount":1,"confidence":0.76,"source":"openstreetmap","sourceIds":["node/13297033788"]}},{"type":"Feature","geometry":{"type":"Point","coordinates":[69.33795,41.243252]},"properties":{"id":"transit_a77a1d982101702a","name":"AYoQSh","nameEn":null,"types":["stop_position"],"refs":[],"recordCount":1,"confidence":0.76,"source":"openstreetmap","sourceIds":["node/13362132523"]}},{"type":"Feature","geometry":{"type":"Point","coordinates":[69.345176,41.310613]},"properties":{"id":"transit_1285feb5b3e9085c","name":"AYoQSh","nameEn":null,"types":["platform","stop_position"],"refs":[],"recordCount":3,"confidence":0.96,"source":"openstreetmap","sourceIds":["node/13448637076","node/13448637077","node/13448639865"]}},{"type":"Feature","geometry":{"type":"Point","coordinates":[69.308778,41.373768]},"properties":{"id":"transit_611caf29d44509d6","name":"AYOQSH","nameEn":null,"types":["bus_stop","platform","stop_position"],"refs":[],"recordCount":4,"confidence":0.96,"source":"openstreetmap","sourceIds":["node/11883865032","node/13339363596","node/4416275992","node/4417507789"]}},{"type":"Feature","geometry":{"type":"Point","coordinates":[69.309314,41.372981]},"properties":{"id":"transit_af0f5fdc2d432f16","name":"AYOQSH","nameEn":null,"types":["platform","stop_position"],"refs":[],"recordCount":2,"confidence":0.88,"source":"openstreetmap","sourceIds":["node/13339363595","node/8245652761"]}},{"type":"Feature","geometry":{"type":"Point","coordinates":[69.263645,41.333847]},"properties":{"id":"transit_43ee2fe2ff03029f","name":"Bahor ko'chasi","nameEn":"Bahor ko'chasi","types":["platform"],"refs":[],"recordCount":1,"confidence":0.76,"source":"openstreetmap","sourceIds":["node/6569423487"]}},{"type":"Feature","geometry":{"type":"Point","coordinates":[69.265064,41.335347]},"properties":{"id":"transit_9be1170e1e147572","name":"Bahor ko'chasi","nameEn":"Bahor ko'chasi","types":["bus_stop"],"refs":[],"recordCount":1,"confidence":0.76,"source":"openstreetmap","sourceIds":["node/6579775785"]}},{"type":"Feature","geometry":{"type":"Point","coordinates":[69.381989,41.244268]},"properties":{"id":"transit_7648f065c852c974","name":"Barhayot koʻchasi","nameEn":null,"types":["stop_position"],"refs":[],"recordCount":2,"confidence":0.88,"source":"openstreetmap","sourceIds":["node/13626605792","node/13626619223"]}},{"type":"Feature","geometry":{"type":"Point","coordinates":[69.368597,41.266321]},"properties":{"id":"transit_fd8f5226e42294c6","name":"Baxt ko'li","nameEn":null,"types":["stop_position"],"refs":[],"recordCount":2,"confidence":0.88,"source":"openstreetmap","sourceIds":["node/13626605766","node/13626605799"]}},{"type":"Feature","geometry":{"type":"Point","coordinates":[69.157288,41.321566]},"properties":{"id":"transit_ed010dc42655ba42","name":"Bekobod dahasi","nameEn":null,"types":["platform","stop_position"],"refs":[],"recordCount":4,"confidence":0.96,"source":"openstreetmap","sourceIds":["node/13393175482","node/13393175483","node/13393175486","node/6147608271"]}},{"type":"Feature","geometry":{"type":"Point","coordinates":[69.174021,41.327898]},"properties":{"id":"transit_bbc6e7dccf1733d3","name":"Bekobod ko'chasi","nameEn":null,"types":["stop_position"],"refs":[],"recordCount":1,"confidence":0.76,"source":"openstreetmap","sourceIds":["node/13409294049"]}},{"type":"Feature","geometry":{"type":"Point","coordinates":[69.174804,41.325375]},"properties":{"id":"transit_725ceb4175a7d82e","name":"Bekobod ko'chasi","nameEn":null,"types":["stop_position"],"refs":[],"recordCount":1,"confidence":0.76,"source":"openstreetmap","sourceIds":["node/13409294050"]}},{"type":"Feature","geometry":{"type":"Point","coordinates":[69.166407,41.327407]},"properties":{"id":"transit_3b1e9131f43cb8f2","name":"Bekobod mahallasi","nameEn":null,"types":["stop_position"],"refs":[],"recordCount":1,"confidence":0.76,"source":"openstreetmap","sourceIds":["node/13409294047"]}},{"type":"Feature","geometry":{"type":"Point","coordinates":[69.337806,41.234826]},"properties":{"id":"transit_ebe8557030925e80","name":"Bektemir tumani hokimligi","nameEn":null,"types":["stop_position"],"refs":[],"recordCount":1,"confidence":0.76,"source":"openstreetmap","sourceIds":["node/5659643923"]}},{"type":"Feature","geometry":{"type":"Point","coordinates":[69.335918,41.233964]},"properties":{"id":"transit_98d92dad45fe5460","name":"Bektemir tumani hokimligi","nameEn":null,"types":["stop_position"],"refs":[],"recordCount":1,"confidence":0.76,"source":"openstreetmap","sourceIds":["node/5659644721"]}},{"type":"Feature","geometry":{"type":"Point","coordinates":[69.177315,41.342313]},"properties":{"id":"transit_2838cb39b2c897de","name":"Beltepa 7-tor ko'chasi","nameEn":null,"types":["platform","stop_position"],"refs":[],"recordCount":3,"confidence":0.96,"source":"openstreetmap","sourceIds":["node/13359886986","node/7824442827","node/7824442828"]}},{"type":"Feature","geometry":{"type":"Point","coordinates":[69.165011,41.340049]},"properties":{"id":"transit_03ca92e7d46a8810","name":"Beltepa dahasi","nameEn":null,"types":["platform"],"refs":[],"recordCount":1,"confidence":0.76,"source":"openstreetmap","sourceIds":["node/13297153564"]}},{"type":"Feature","geometry":{"type":"Point","coordinates":[69.170933,41.339948]},"properties":{"id":"transit_81c7381cd43b31d7","name":"Beltepa koʻchasi","nameEn":null,"types":["platform"],"refs":[],"recordCount":1,"confidence":0.76,"source":"openstreetmap","sourceIds":["node/13297153565"]}},{"type":"Feature","geometry":{"type":"Point","coordinates":[69.207914,41.33966]},"properties":{"id":"transit_18598741fb8b0898","name":"Beruniy maydoni","nameEn":null,"types":["stop_position"],"refs":[],"recordCount":1,"confidence":0.76,"source":"openstreetmap","sourceIds":["node/1770297126"]}},{"type":"Feature","geometry":{"type":"Point","coordinates":[69.206485,41.338586]},"properties":{"id":"transit_af9a703d006e5613","name":"Beruniy maydoni","nameEn":null,"types":["stop_position"],"refs":[],"recordCount":1,"confidence":0.76,"source":"openstreetmap","sourceIds":["node/1770297127"]}},{"type":"Feature","geometry":{"type":"Point","coordinates":[69.206651,41.339528]},"properties":{"id":"transit_58a91d9fa9d28ccb","name":"Beruniy maydoni","nameEn":null,"types":["platform","stop_position"],"refs":[],"recordCount":2,"confidence":0.88,"source":"openstreetmap","sourceIds":["node/13297153584","node/1770300838"]}},{"type":"Feature","geometry":{"type":"Point","coordinates":[69.20841,41.338217]},"properties":{"id":"transit_8f422882a34f1f21","name":"Beruniy maydoni","nameEn":null,"types":["platform","stop_position"],"refs":[],"recordCount":2,"confidence":0.88,"source":"openstreetmap","sourceIds":["node/13297153520","node/6112504818"]}},{"type":"Feature","geometry":{"type":"Point","coordinates":[69.163029,41.304455]},"properties":{"id":"transit_b0516b05891a7732","name":"Beshqayrag'och mavzesi","nameEn":null,"types":["stop_position"],"refs":[],"recordCount":2,"confidence":0.88,"source":"openstreetmap","sourceIds":["node/13409313114","node/13409313115"]}},{"type":"Feature","geometry":{"type":"Point","coordinates":[69.24763,41.303684]},"properties":{"id":"transit_c4fc0ace98ed3eb0","name":"Beshyog'och maydoni","nameEn":null,"types":["platform"],"refs":[],"recordCount":2,"confidence":0.88,"source":"openstreetmap","sourceIds":["node/10693308300","node/11394908102"]}},{"type":"Feature","geometry":{"type":"Point","coordinates":[69.247055,41.304955]},"properties":{"id":"transit_c4de6658ab54b2ac","name":"Beshyog'och maydoni","nameEn":null,"types":["stop_position"],"refs":[],"recordCount":1,"confidence":0.76,"source":"openstreetmap","sourceIds":["node/13359926414"]}},{"type":"Feature","geometry":{"type":"Point","coordinates":[69.249333,41.305226]},"properties":{"id":"transit_9ef26f3b6d0fa052","name":"Beshyog'och maydoni","nameEn":null,"types":["stop_position"],"refs":[],"recordCount":1,"confidence":0.76,"source":"openstreetmap","sourceIds":["node/13374548873"]}},{"type":"Feature","geometry":{"type":"Point","coordinates":[69.346649,41.239027]},"properties":{"id":"transit_8fe39eb5585411e1","name":"Biliol Nozim ko'chasi","nameEn":null,"types":["stop_position"],"refs":[],"recordCount":2,"confidence":0.88,"source":"openstreetmap","sourceIds":["node/13376423207","node/5063699221"]}},{"type":"Feature","geometry":{"type":"Point","coordinates":[69.257408,41.288793]},"properties":{"id":"transit_e87820cd5df43f6e","name":"Bobur bogʻi","nameEn":null,"types":["platform"],"refs":[],"recordCount":1,"confidence":0.76,"source":"openstreetmap","sourceIds":["node/1987416601"]}},{"type":"Feature","geometry":{"type":"Point","coordinates":[69.258257,41.289545]},"properties":{"id":"transit_86240cf27f7cabb4","name":"Bobur bogʻi","nameEn":null,"types":["platform"],"refs":[],"recordCount":1,"confidence":0.76,"source":"openstreetmap","sourceIds":["node/1987416614"]}},{"type":"Feature","geometry":{"type":"Point","coordinates":[69.250714,41.29234]},"properties":{"id":"transit_cfb364aaef06e836","name":"Bobur maydoni","nameEn":null,"types":["platform"],"refs":[],"recordCount":2,"confidence":0.88,"source":"openstreetmap","sourceIds":["node/12411888569","node/3709141358"]}},{"type":"Feature","geometry":{"type":"Point","coordinates":[69.294719,41.340231]},"properties":{"id":"transit_5667141346b58cfe","name":"Bodomzor mavzesi","nameEn":"Bodomzor neighborhood","types":["platform","stop_position"],"refs":[],"recordCount":2,"confidence":0.88,"source":"openstreetmap","sourceIds":["node/13421332084","node/4727305290"]}},{"type":"Feature","geometry":{"type":"Point","coordinates":[69.29277,41.340287]},"properties":{"id":"transit_9efc1b1d4aff7f3b","name":"Bodomzor mavzesi","nameEn":"Bodomzor neighborhood","types":["platform","stop_position"],"refs":[],"recordCount":2,"confidence":0.88,"source":"openstreetmap","sourceIds":["node/13421332095","node/13421332096"]}},{"type":"Feature","geometry":{"type":"Point","coordinates":[69.336984,41.30602]},"properties":{"id":"transit_8e5e095049e240b4","name":"Bolalar Milliy Tibbiyot Markazi","nameEn":null,"types":["stop_position"],"refs":[],"recordCount":1,"confidence":0.76,"source":"openstreetmap","sourceIds":["node/7298633246"]}},{"type":"Feature","geometry":{"type":"Point","coordinates":[69.340433,41.304838]},"properties":{"id":"transit_38582722745b49e4","name":"Bolalar Milliy Tibbiyot Markazi","nameEn":null,"types":["platform","stop_position"],"refs":[],"recordCount":2,"confidence":0.88,"source":"openstreetmap","sourceIds":["node/13347842748","node/13416450013"]}},{"type":"Feature","geometry":{"type":"Point","coordinates":[69.338398,41.307479]},"properties":{"id":"transit_2c62a7b1eca9e579","name":"Bolalar Milliy Tibbiyot Markazi","nameEn":null,"types":["stop_position"],"refs":[],"recordCount":1,"confidence":0.76,"source":"openstreetmap","sourceIds":["node/13448637072"]}},{"type":"Feature","geometry":{"type":"Point","coordinates":[69.341316,41.307515]},"properties":{"id":"transit_ee0c2fbed1aa951e","name":"Bolalar Milliy Tibbiyot Markazi","nameEn":null,"types":["platform","stop_position"],"refs":[],"recordCount":2,"confidence":0.88,"source":"openstreetmap","sourceIds":["node/13448639869","node/13448639870"]}},{"type":"Feature","geometry":{"type":"Point","coordinates":[69.381107,41.351142]},"properties":{"id":"transit_ac11a7a153234a7c","name":"Bolalar sanatoriysi","nameEn":null,"types":["platform","stop_position"],"refs":[],"recordCount":2,"confidence":0.88,"source":"openstreetmap","sourceIds":["node/4400562194","node/4552869890"]}},{"type":"Feature","geometry":{"type":"Point","coordinates":[69.379423,41.350671]},"properties":{"id":"transit_ee9e4c444a8cc82a","name":"Bolalar sanatoriysi","nameEn":null,"types":["platform"],"refs":[],"recordCount":1,"confidence":0.76,"source":"openstreetmap","sourceIds":["node/13308770755"]}},{"type":"Feature","geometry":{"type":"Point","coordinates":[69.316365,41.348112]},"properties":{"id":"transit_bd10b9998e1b08ae","name":"Botanika bog'i","nameEn":null,"types":["stop_position"],"refs":[],"recordCount":1,"confidence":0.76,"source":"openstreetmap","sourceIds":["node/4303678691"]}},{"type":"Feature","geometry":{"type":"Point","coordinates":[69.314632,41.347486]},"properties":{"id":"transit_e751d81a9664db81","name":"Botanika bog'i","nameEn":null,"types":["stop_position"],"refs":[],"recordCount":1,"confidence":0.76,"source":"openstreetmap","sourceIds":["node/11938314183"]}},{"type":"Feature","geometry":{"type":"Point","coordinates":[69.309922,41.307547]},"properties":{"id":"transit_4ee1dfc35704aa26","name":"Botkin ko'chasi","nameEn":null,"types":["platform"],"refs":[],"recordCount":2,"confidence":0.88,"source":"openstreetmap","sourceIds":["node/13308770736","node/7906867474"]}},{"type":"Feature","geometry":{"type":"Point","coordinates":[69.335226,41.29528]},"properties":{"id":"transit_cd58322dfea55ee7","name":"Bozor","nameEn":"Bazar (Dubovaya)","types":["stop_position"],"refs":[],"recordCount":2,"confidence":0.88,"source":"openstreetmap","sourceIds":["node/12861744816","node/961964910"]}},{"type":"Feature","geometry":{"type":"Point","coordinates":[69.301656,41.249036]},"properties":{"id":"transit_2eb9279fc6cc1f4f","name":"Bozor","nameEn":null,"types":["platform","stop_position"],"refs":[],"recordCount":4,"confidence":0.96,"source":"openstreetmap","sourceIds":["node/1308693146","node/13322774131","node/1654756079","node/1654756081"]}},{"type":"Feature","geometry":{"type":"Point","coordinates":[69.185144,41.363392]},"properties":{"id":"transit_47f97bd2ec0d6501","name":"Bozor","nameEn":null,"types":["stop_position"],"refs":[],"recordCount":2,"confidence":0.88,"source":"openstreetmap","sourceIds":["node/4116711090","node/6087045286"]}},{"type":"Feature","geometry":{"type":"Point","coordinates":[69.222772,41.26319]},"properties":{"id":"transit_ea637593a87b7fd1","name":"Bogʻiboʻston koʻchasi","nameEn":"Bogibustan st.","types":["platform","stop_position"],"refs":[],"recordCount":6,"confidence":0.96,"source":"openstreetmap","sourceIds":["node/1224559581","node/13348321236","node/13348321237","node/13348321238","node/5440252617","node/5837002510"]}},{"type":"Feature","geometry":{"type":"Point","coordinates":[69.252305,41.268329]},"properties":{"id":"transit_88b0a7745ad2648d","name":"Boshliq dahasi","nameEn":null,"types":["stop_position"],"refs":[],"recordCount":2,"confidence":0.88,"source":"openstreetmap","sourceIds":["node/1184253525","node/1184253747"]}},{"type":"Feature","geometry":{"type":"Point","coordinates":[69.169287,41.239842]},"properties":{"id":"transit_0d4a0dfdc81d17ed","name":"Bunyodkor shoh ko'chasi","nameEn":null,"types":["platform","stop_position"],"refs":[],"recordCount":2,"confidence":0.88,"source":"openstreetmap","sourceIds":["node/10733271862","node/13409294068"]}},{"type":"Feature","geometry":{"type":"Point","coordinates":[69.326876,41.326913]},"properties":{"id":"transit_3cc59373c454dc06","name":"Buyuk Ipak Yo'li metro bekati","nameEn":null,"types":["stop_position"],"refs":[],"recordCount":1,"confidence":0.76,"source":"openstreetmap","sourceIds":["node/4695520197"]}},{"type":"Feature","geometry":{"type":"Point","coordinates":[69.329667,41.326319]},"properties":{"id":"transit_63fdb9ed632c20d9","name":"Buyuk Ipak Yo'li metro bekati","nameEn":"Maxim Gorky","types":["platform","stop_position"],"refs":[],"recordCount":3,"confidence":0.96,"source":"openstreetmap","sourceIds":["node/5239217198","node/7906987197","node/8202795404"]}},{"type":"Feature","geometry":{"type":"Point","coordinates":[69.328225,41.327672]},"properties":{"id":"transit_8a289b0858134a43","name":"Buyuk Ipak Yo'li metro bekati","nameEn":"Maxim Gorky","types":["stop_position"],"refs":[],"recordCount":1,"confidence":0.76,"source":"openstreetmap","sourceIds":["node/8827375917"]}},{"type":"Feature","geometry":{"type":"Point","coordinates":[69.224642,41.274398]},"properties":{"id":"transit_bb8a768bf9b6a7e9","name":"Bo'rijar kanali","nameEn":"Burjar Canal (Pionerkaya)","types":["stop_position"],"refs":[],"recordCount":1,"confidence":0.76,"source":"openstreetmap","sourceIds":["node/5242991121"]}},{"type":"Feature","geometry":{"type":"Point","coordinates":[69.223449,41.275038]},"properties":{"id":"transit_72abf9dd2bde166a","name":"Bo'rijar kanali","nameEn":"Burjar Canal (Pionerkaya)","types":["platform","stop_position"],"refs":[],"recordCount":2,"confidence":0.88,"source":"openstreetmap","sourceIds":["node/13414265748","node/5242991321"]}},{"type":"Feature","geometry":{"type":"Point","coordinates":[69.198256,41.241618]},"properties":{"id":"transit_811735d254a66398","name":"Bo'g'im bekati","nameEn":"Bo'g'im bekati","types":["bus_stop"],"refs":[],"recordCount":1,"confidence":0.76,"source":"openstreetmap","sourceIds":["node/7998632285"]}},{"type":"Feature","geometry":{"type":"Point","coordinates":[69.166782,41.348215]},"properties":{"id":"transit_cf78870b166a5cb2","name":"DAN posti","nameEn":null,"types":["platform"],"refs":[],"recordCount":1,"confidence":0.76,"source":"openstreetmap","sourceIds":["node/13297153542"]}},{"type":"Feature","geometry":{"type":"Point","coordinates":[69.29864,41.319615]},"properties":{"id":"transit_81d53b01700db67c","name":"Darxon kafesi","nameEn":null,"types":["platform","stop_position"],"refs":[],"recordCount":2,"confidence":0.88,"source":"openstreetmap","sourceIds":["node/3917953657","node/6855788447"]}},{"type":"Feature","geometry":{"type":"Point","coordinates":[69.299872,41.319844]},"properties":{"id":"transit_bd7e4c1654e64aa7","name":"Darxon kafesi","nameEn":null,"types":["platform","stop_position"],"refs":[],"recordCount":2,"confidence":0.88,"source":"openstreetmap","sourceIds":["node/4393391811","node/5202745904"]}},{"type":"Feature","geometry":{"type":"Point","coordinates":[69.305418,41.329599]},"properties":{"id":"transit_c4b0fb7affae725f","name":"Darxon maydoni","nameEn":null,"types":["platform"],"refs":[],"recordCount":2,"confidence":0.88,"source":"openstreetmap","sourceIds":["node/5749480822","node/5874432586"]}},{"type":"Feature","geometry":{"type":"Point","coordinates":[69.289878,41.339608]},"properties":{"id":"transit_8739818ecf7f0352","name":"Davlat test markazi","nameEn":null,"types":["stop_position"],"refs":[],"recordCount":1,"confidence":0.76,"source":"openstreetmap","sourceIds":["node/4690715490"]}},{"type":"Feature","geometry":{"type":"Point","coordinates":[69.288731,41.339505]},"properties":{"id":"transit_b9cbb8844ee1ab51","name":"Davlat test markazi","nameEn":null,"types":["stop_position"],"refs":[],"recordCount":1,"confidence":0.76,"source":"openstreetmap","sourceIds":["node/11218135384"]}},{"type":"Feature","geometry":{"type":"Point","coordinates":[69.171046,41.348208]},"properties":{"id":"transit_8063f14fa7fb2036","name":"Dermatologiya instituti","nameEn":null,"types":["platform"],"refs":[],"recordCount":1,"confidence":0.76,"source":"openstreetmap","sourceIds":["node/13297153536"]}},{"type":"Feature","geometry":{"type":"Point","coordinates":[69.386791,41.3588]},"properties":{"id":"transit_641c23bb7878b119","name":"Diadora do'koni","nameEn":null,"types":["platform","stop_position"],"refs":[],"recordCount":2,"confidence":0.88,"source":"openstreetmap","sourceIds":["node/13339363407","node/359934165"]}},{"type":"Feature","geometry":{"type":"Point","coordinates":[69.384907,41.358572]},"properties":{"id":"transit_2dad651966ebdf8b","name":"Diadora do'koni","nameEn":null,"types":["platform","stop_position"],"refs":[],"recordCount":2,"confidence":0.88,"source":"openstreetmap","sourceIds":["node/4289660591","node/9672574353"]}},{"type":"Feature","geometry":{"type":"Point","coordinates":[69.386214,41.357795]},"properties":{"id":"transit_8781f486c2c5f10c","name":"Diadora do'koni","nameEn":null,"types":["platform","stop_position"],"refs":[],"recordCount":2,"confidence":0.88,"source":"openstreetmap","sourceIds":["node/13339363404","node/5440819488"]}},{"type":"Feature","geometry":{"type":"Point","coordinates":[69.385637,41.359367]},"properties":{"id":"transit_3bc09ee589385390","name":"Diadora do'koni","nameEn":null,"types":["platform","stop_position"],"refs":[],"recordCount":2,"confidence":0.88,"source":"openstreetmap","sourceIds":["node/13339363405","node/13339363406"]}},{"type":"Feature","geometry":{"type":"Point","coordinates":[69.171156,41.26377]},"properties":{"id":"transit_0ee53dbdbb50027a","name":"Dilband ko'chasi","nameEn":null,"types":["stop_position"],"refs":[],"recordCount":2,"confidence":0.88,"source":"openstreetmap","sourceIds":["node/13370315878","node/13370315903"]}},{"type":"Feature","geometry":{"type":"Point","coordinates":[69.346636,41.300397]},"properties":{"id":"transit_0cd37f4cf117cd11","name":"Dorixona","nameEn":null,"types":["stop_position"],"refs":[],"recordCount":1,"confidence":0.76,"source":"openstreetmap","sourceIds":["node/9763782417"]}},{"type":"Feature","geometry":{"type":"Point","coordinates":[69.347417,41.299541]},"properties":{"id":"transit_c92038c4b0bd974d","name":"Dorixona","nameEn":null,"types":["stop_position"],"refs":[],"recordCount":1,"confidence":0.76,"source":"openstreetmap","sourceIds":["node/13418520195"]}},{"type":"Feature","geometry":{"type":"Point","coordinates":[69.344711,41.251868]},"properties":{"id":"transit_ee3f0494e90fc224","name":"DSK 1","nameEn":null,"types":["platform","stop_position"],"refs":[],"recordCount":4,"confidence":0.96,"source":"openstreetmap","sourceIds":["node/12154024158","node/4110028692","node/4110050690","node/5363260822"]}},{"type":"Feature","geometry":{"type":"Point","coordinates":[69.286763,41.313187]},"properties":{"id":"transit_e8cbf531af417913","name":"Dunyo supermarketi","nameEn":"Dunyo supermarket","types":["platform","stop_position"],"refs":[],"recordCount":3,"confidence":0.96,"source":"openstreetmap","sourceIds":["node/1270880814","node/1270880815","node/13317658895"]}},{"type":"Feature","geometry":{"type":"Point","coordinates":[69.287517,41.314551]},"properties":{"id":"transit_9ea991f6d9f06a6e","name":"Dunyo supermarketi","nameEn":"Dunyo supermarket (Detsky Mir)","types":["platform","stop_position"],"refs":[],"recordCount":4,"confidence":0.96,"source":"openstreetmap","sourceIds":["node/13334213741","node/1773345971","node/1773345975","node/7948534502"]}},{"type":"Feature","geometry":{"type":"Point","coordinates":[69.350337,41.332582]},"properties":{"id":"transit_73aae866cb6beb0b","name":"Durmon yo'li ko'chasi","nameEn":null,"types":["platform"],"refs":[],"recordCount":1,"confidence":0.76,"source":"openstreetmap","sourceIds":["node/13308770747"]}},{"type":"Feature","geometry":{"type":"Point","coordinates":[69.34915,41.33128]},"properties":{"id":"transit_9356bdccbc656afe","name":"Durmon yo'li ko'chasi","nameEn":null,"types":["platform"],"refs":[],"recordCount":1,"confidence":0.76,"source":"openstreetmap","sourceIds":["node/13308775505"]}},{"type":"Feature","geometry":{"type":"Point","coordinates":[69.361003,41.294971]},"properties":{"id":"transit_9959d78c26debca9","name":"Do'kon","nameEn":null,"types":["platform","stop_position"],"refs":[],"recordCount":2,"confidence":0.88,"source":"openstreetmap","sourceIds":["node/13418520166","node/2010164560"]}},{"type":"Feature","geometry":{"type":"Point","coordinates":[69.362161,41.295509]},"properties":{"id":"transit_b7d06ebb8c88e982","name":"Do'kon","nameEn":null,"types":["stop_position"],"refs":[],"recordCount":1,"confidence":0.76,"source":"openstreetmap","sourceIds":["node/3929928572"]}},{"type":"Feature","geometry":{"type":"Point","coordinates":[69.175574,41.285203]},"properties":{"id":"transit_6eb4cc515876c0ad","name":"Do'kon","nameEn":null,"types":["platform"],"refs":[],"recordCount":1,"confidence":0.76,"source":"openstreetmap","sourceIds":["node/4271222693"]}},{"type":"Feature","geometry":{"type":"Point","coordinates":[69.34146,41.27861]},"properties":{"id":"transit_b510808b512fe7c2","name":"Do'kon","nameEn":null,"types":["platform","stop_position"],"refs":[],"recordCount":4,"confidence":0.96,"source":"openstreetmap","sourceIds":["node/4714584391","node/4714591794","node/4714598092","node/9763473127"]}},{"type":"Feature","geometry":{"type":"Point","coordinates":[69.147333,41.27149]},"properties":{"id":"transit_216ef47266298c20","name":"Doʻkon","nameEn":null,"types":["stop_position"],"refs":[],"recordCount":1,"confidence":0.76,"source":"openstreetmap","sourceIds":["node/12257188282"]}},{"type":"Feature","geometry":{"type":"Point","coordinates":[69.176638,41.284802]},"properties":{"id":"transit_c83f721fd19f7c48","name":"Do'kon","nameEn":null,"types":["platform"],"refs":[],"recordCount":1,"confidence":0.76,"source":"openstreetmap","sourceIds":["node/13309075563"]}},{"type":"Feature","geometry":{"type":"Point","coordinates":[69.147264,41.272568]},"properties":{"id":"transit_700401e5a8e21fb8","name":"Doʻkon","nameEn":null,"types":["stop_position"],"refs":[],"recordCount":1,"confidence":0.76,"source":"openstreetmap","sourceIds":["node/13370248396"]}},{"type":"Feature","geometry":{"type":"Point","coordinates":[69.160014,41.258142]},"properties":{"id":"transit_989525b52e88c0ab","name":"Doʻkon","nameEn":null,"types":["stop_position"],"refs":[],"recordCount":1,"confidence":0.76,"source":"openstreetmap","sourceIds":["node/13370315841"]}},{"type":"Feature","geometry":{"type":"Point","coordinates":[69.158845,41.257298]},"properties":{"id":"transit_f34c45e96a6520ca","name":"Doʻkon","nameEn":null,"types":["platform","stop_position"],"refs":[],"recordCount":2,"confidence":0.88,"source":"openstreetmap","sourceIds":["node/13370315842","node/13370315843"]}},{"type":"Feature","geometry":{"type":"Point","coordinates":[69.178899,41.331434]},"properties":{"id":"transit_44f7508991e1a3f2","name":"Do'kon","nameEn":null,"types":["stop_position"],"refs":[],"recordCount":1,"confidence":0.76,"source":"openstreetmap","sourceIds":["node/13426651892"]}},{"type":"Feature","geometry":{"type":"Point","coordinates":[69.335291,41.283686]},"properties":{"id":"transit_1db95b2544198636","name":"Do'kon","nameEn":null,"types":["platform","stop_position"],"refs":[],"recordCount":3,"confidence":0.96,"source":"openstreetmap","sourceIds":["node/13534580266","node/13534580343","node/13534580347"]}},{"type":"Feature","geometry":{"type":"Point","coordinates":[69.251936,41.288575]},"properties":{"id":"transit_758e2105d9650d70","name":"Doʻstlik bogʻi","nameEn":null,"types":["platform"],"refs":[],"recordCount":1,"confidence":0.76,"source":"openstreetmap","sourceIds":["node/4535187891"]}},{"type":"Feature","geometry":{"type":"Point","coordinates":[69.252032,41.289531]},"properties":{"id":"transit_7dcf2b152bd686b4","name":"Doʻstlik bogʻi","nameEn":null,"types":["platform"],"refs":[],"recordCount":1,"confidence":0.76,"source":"openstreetmap","sourceIds":["node/13297153588"]}},{"type":"Feature","geometry":{"type":"Point","coordinates":[69.380356,41.340291]},"properties":{"id":"transit_2db5dd6c995229a8","name":"Do'stlik ko`chasi","nameEn":null,"types":["stop_position"],"refs":[],"recordCount":2,"confidence":0.88,"source":"openstreetmap","sourceIds":["node/12882477503","node/13612699341"]}},{"type":"Feature","geometry":{"type":"Point","coordinates":[69.323865,41.293808]},"properties":{"id":"transit_33cc05f69e5f4733","name":"Do'stlik metro bekati","nameEn":"Dustlik metro","types":["stop_position"],"refs":[],"recordCount":4,"confidence":0.96,"source":"openstreetmap","sourceIds":["node/13382168615","node/13534580277","node/13551083459","node/13551083460"]}},{"type":"Feature","geometry":{"type":"Point","coordinates":[69.321872,41.293878]},"properties":{"id":"transit_69d82e72d3069589","name":"Do'stlik metro bekati","nameEn":"Dustlik metro","types":["stop_position"],"refs":[],"recordCount":2,"confidence":0.88,"source":"openstreetmap","sourceIds":["node/13667215864","node/13667263120"]}},{"type":"Feature","geometry":{"type":"Point","coordinates":[69.316545,41.27549]},"properties":{"id":"transit_8a2490e098fb698e","name":"Ekspeditsiya","nameEn":null,"types":["platform","stop_position"],"refs":[],"recordCount":2,"confidence":0.88,"source":"openstreetmap","sourceIds":["node/12129004221","node/13474555228"]}},{"type":"Feature","geometry":{"type":"Point","coordinates":[69.315058,41.27485]},"properties":{"id":"transit_563778fde520947e","name":"Ekspeditsiya","nameEn":null,"types":["stop_position"],"refs":[],"recordCount":1,"confidence":0.76,"source":"openstreetmap","sourceIds":["node/13534580262"]}},{"type":"Feature","geometry":{"type":"Point","coordinates":[69.296544,41.299369]},"properties":{"id":"transit_87ab975739c267c2","name":"Elbek ko'chasi","nameEn":null,"types":["platform","stop_position"],"refs":[],"recordCount":2,"confidence":0.88,"source":"openstreetmap","sourceIds":["node/4475424985","node/944928284"]}},{"type":"Feature","geometry":{"type":"Point","coordinates":[69.297171,41.301142]},"properties":{"id":"transit_7cbc8ed699ae2b3a","name":"Elbek ko'chasi","nameEn":null,"types":["platform"],"refs":[],"recordCount":1,"confidence":0.76,"source":"openstreetmap","sourceIds":["node/4375126232"]}},{"type":"Feature","geometry":{"type":"Point","coordinates":[69.306592,41.278984]},"properties":{"id":"transit_16c1e69c6f6d3a2f","name":"Elektroapparat","nameEn":null,"types":["platform","stop_position"],"refs":[],"recordCount":2,"confidence":0.88,"source":"openstreetmap","sourceIds":["node/913628237","node/9321330786"]}},{"type":"Feature","geometry":{"type":"Point","coordinates":[69.307181,41.280115]},"properties":{"id":"transit_000bcf5ccb3a4808","name":"Elektroapparat","nameEn":null,"types":["platform","stop_position"],"refs":[],"recordCount":2,"confidence":0.88,"source":"openstreetmap","sourceIds":["node/13324943823","node/4449161466"]}},{"type":"Feature","geometry":{"type":"Point","coordinates":[69.305169,41.279166]},"properties":{"id":"transit_9e51b4748c34a991","name":"Elektroapparat","nameEn":null,"types":["platform","stop_position"],"refs":[],"recordCount":2,"confidence":0.88,"source":"openstreetmap","sourceIds":["node/12694732102","node/13362132521"]}},{"type":"Feature","geometry":{"type":"Point","coordinates":[69.304937,41.280773]},"properties":{"id":"transit_2cc82b9015708b65","name":"Elektroapparat","nameEn":null,"types":["stop_position"],"refs":[],"recordCount":1,"confidence":0.76,"source":"openstreetmap","sourceIds":["node/13376423335"]}},{"type":"Feature","geometry":{"type":"Point","coordinates":[69.325274,41.346616]},"properties":{"id":"transit_d5a60ea304a486cb","name":"Elektrokabel zavodi","nameEn":null,"types":["stop_position"],"refs":[],"recordCount":1,"confidence":0.76,"source":"openstreetmap","sourceIds":["node/13612699380"]}},{"type":"Feature","geometry":{"type":"Point","coordinates":[69.323592,41.347782]},"properties":{"id":"transit_b25387216046ce58","name":"Elektrokabel zavodi","nameEn":null,"types":["stop_position"],"refs":[],"recordCount":1,"confidence":0.76,"source":"openstreetmap","sourceIds":["node/13618378756"]}},{"type":"Feature","geometry":{"type":"Point","coordinates":[69.234143,41.329948]},"properties":{"id":"transit_0fd3e345b155a040","name":"Eski Juva bozori","nameEn":null,"types":["platform"],"refs":[],"recordCount":1,"confidence":0.76,"source":"openstreetmap","sourceIds":["node/1770370879"]}},{"type":"Feature","geometry":{"type":"Point","coordinates":[69.234911,41.330205]},"properties":{"id":"transit_8fe4e1ddbfb97831","name":"Eski Juva maydoni","nameEn":null,"types":["platform"],"refs":[],"recordCount":1,"confidence":0.76,"source":"openstreetmap","sourceIds":["node/1770370885"]}},{"type":"Feature","geometry":{"type":"Point","coordinates":[69.237385,41.329033]},"properties":{"id":"transit_0bf585c914b7b010","name":"Eski Juva maydoni","nameEn":null,"types":["platform","stop_position"],"refs":[],"recordCount":2,"confidence":0.88,"source":"openstreetmap","sourceIds":["node/1770559115","node/8143860163"]}},{"type":"Feature","geometry":{"type":"Point","coordinates":[69.240094,41.329599]},"properties":{"id":"transit_5f76338fb895ac24","name":"Eski Juva maydoni","nameEn":null,"types":["bus_stop"],"refs":[],"recordCount":1,"confidence":0.76,"source":"openstreetmap","sourceIds":["node/9692088153"]}},{"type":"Feature","geometry":{"type":"Point","coordinates":[69.294326,41.27962]},"properties":{"id":"transit_2d00c8f9ad62ec5e","name":"Eski Sariko'l ko'chasi","nameEn":null,"types":["platform","stop_position"],"refs":[],"recordCount":4,"confidence":0.96,"source":"openstreetmap","sourceIds":["node/13474555242","node/13474555243","node/13474555244","node/13474555245"]}},{"type":"Feature","geometry":{"type":"Point","coordinates":[69.231687,41.290395]},"properties":{"id":"transit_e1ead3d63c491cca","name":"Eski Chilonzor Koʻchasi","nameEn":null,"types":["platform"],"refs":[],"recordCount":1,"confidence":0.76,"source":"openstreetmap","sourceIds":["node/12966288902"]}},{"type":"Feature","geometry":{"type":"Point","coordinates":[69.157091,41.2558]},"properties":{"id":"transit_0369874fe94fb233","name":"Eshonguzar bozori","nameEn":null,"types":["stop_position"],"refs":[],"recordCount":2,"confidence":0.88,"source":"openstreetmap","sourceIds":["node/13161613436","node/7354494785"]}},{"type":"Feature","geometry":{"type":"Point","coordinates":[69.185197,41.285938]},"properties":{"id":"transit_c0d7262cc44ffa3d","name":"Farhod bozori","nameEn":null,"types":["stop_position"],"refs":[],"recordCount":1,"confidence":0.76,"source":"openstreetmap","sourceIds":["node/2119672005"]}},{"type":"Feature","geometry":{"type":"Point","coordinates":[69.185285,41.287147]},"properties":{"id":"transit_20c051b58a73dc86","name":"Farhod bozori","nameEn":null,"types":["platform","stop_position"],"refs":[],"recordCount":2,"confidence":0.88,"source":"openstreetmap","sourceIds":["node/13348321300","node/4405632591"]}},{"type":"Feature","geometry":{"type":"Point","coordinates":[69.186943,41.287132]},"properties":{"id":"transit_149e1de5f61af62c","name":"Farhod bozori","nameEn":null,"types":["platform","stop_position"],"refs":[],"recordCount":2,"confidence":0.88,"source":"openstreetmap","sourceIds":["node/13309075558","node/6278953707"]}},{"type":"Feature","geometry":{"type":"Point","coordinates":[69.186548,41.285855]},"properties":{"id":"transit_e5c496e8a9a40267","name":"Farhod bozori","nameEn":null,"types":["platform","stop_position"],"refs":[],"recordCount":2,"confidence":0.88,"source":"openstreetmap","sourceIds":["node/13348321299","node/7425800559"]}},{"type":"Feature","geometry":{"type":"Point","coordinates":[69.190624,41.283688]},"properties":{"id":"transit_1b481098bee70387","name":"Farhod yarmarkasi","nameEn":null,"types":["stop_position"],"refs":[],"recordCount":1,"confidence":0.76,"source":"openstreetmap","sourceIds":["node/2119532803"]}},{"type":"Feature","geometry":{"type":"Point","coordinates":[69.191112,41.28297]},"properties":{"id":"transit_7ef14710b8146b2a","name":"Farhod yarmarkasi","nameEn":null,"types":["stop_position"],"refs":[],"recordCount":1,"confidence":0.76,"source":"openstreetmap","sourceIds":["node/12723445304"]}},{"type":"Feature","geometry":{"type":"Point","coordinates":[69.308744,41.272499]},"properties":{"id":"transit_4b23830919a0ff74","name":"Farg'ona bozori","nameEn":null,"types":["platform","stop_position"],"refs":[],"recordCount":2,"confidence":0.88,"source":"openstreetmap","sourceIds":["node/13320072488","node/3359309333"]}},{"type":"Feature","geometry":{"type":"Point","coordinates":[69.310734,41.272755]},"properties":{"id":"transit_5aaeebf7578a1cd7","name":"Farg'ona bozori","nameEn":null,"types":["platform","stop_position"],"refs":[],"recordCount":2,"confidence":0.88,"source":"openstreetmap","sourceIds":["node/13320072487","node/4449161464"]}},{"type":"Feature","geometry":{"type":"Point","coordinates":[69.310376,41.27379]},"properties":{"id":"transit_e57053b3b5514059","name":"Farg'ona bozori","nameEn":null,"types":["platform","stop_position"],"refs":[],"recordCount":4,"confidence":0.96,"source":"openstreetmap","sourceIds":["node/10670039206","node/13324943817","node/13534580228","node/9033419517"]}},{"type":"Feature","geometry":{"type":"Point","coordinates":[69.312151,41.273488]},"properties":{"id":"transit_47a0f0d64b0d5a0b","name":"Farg'ona bozori","nameEn":null,"types":["stop_position"],"refs":[],"recordCount":1,"confidence":0.76,"source":"openstreetmap","sourceIds":["node/13474555234"]}},{"type":"Feature","geometry":{"type":"Point","coordinates":[69.317035,41.262089]},"properties":{"id":"transit_58ad2c6d2e89d506","name":"Fayziobod kochasi","nameEn":null,"types":["platform","stop_position"],"refs":[],"recordCount":4,"confidence":0.96,"source":"openstreetmap","sourceIds":["node/13322774193","node/13322774194","node/4449161460","node/4449161461"]}},{"type":"Feature","geometry":{"type":"Point","coordinates":[69.282782,41.299703]},"properties":{"id":"transit_ed108bc67dcb0ff1","name":"Fedorovich nomli sanatoriyasi","nameEn":"Fedorovich Sanatoriysi","types":["platform","stop_position"],"refs":[],"recordCount":4,"confidence":0.96,"source":"openstreetmap","sourceIds":["node/13324943851","node/13324943852","node/2011161214","node/3928050975"]}},{"type":"Feature","geometry":{"type":"Point","coordinates":[69.283792,41.30065]},"properties":{"id":"transit_889f3c9bf5b992b5","name":"Fedorovich nomli sanatoriyasi","nameEn":null,"types":["platform","stop_position"],"refs":[],"recordCount":2,"confidence":0.88,"source":"openstreetmap","sourceIds":["node/13324943853","node/4180633198"]}},{"type":"Feature","geometry":{"type":"Point","coordinates":[69.36688,41.361851]},"properties":{"id":"transit_30e144bb55934b1a","name":"Feruza dahasi","nameEn":null,"types":["platform","stop_position"],"refs":[],"recordCount":4,"confidence":0.96,"source":"openstreetmap","sourceIds":["node/3456860702","node/3456861102","node/3463715090","node/376471670"]}},{"type":"Feature","geometry":{"type":"Point","coordinates":[69.363696,41.354774]},"properties":{"id":"transit_9a7e2f71c22d5d44","name":"Feruza daxasi","nameEn":null,"types":["stop_position"],"refs":[],"recordCount":1,"confidence":0.76,"source":"openstreetmap","sourceIds":["node/9652445021"]}},{"type":"Feature","geometry":{"type":"Point","coordinates":[69.362079,41.355056]},"properties":{"id":"transit_904ac84b339b9520","name":"Feruza daxasi","nameEn":null,"types":["platform","stop_position"],"refs":[],"recordCount":2,"confidence":0.88,"source":"openstreetmap","sourceIds":["node/13382060366","node/13382060367"]}},{"type":"Feature","geometry":{"type":"Point","coordinates":[69.269527,41.29435]},"properties":{"id":"transit_7951b8ef8a5278e4","name":"Fidokor ko'chasi","nameEn":null,"types":["platform"],"refs":[],"recordCount":1,"confidence":0.76,"source":"openstreetmap","sourceIds":["node/13317658834"]}},{"type":"Feature","geometry":{"type":"Point","coordinates":[69.27592,41.296525]},"properties":{"id":"transit_71a17870d180e9a0","name":"Fidokor ko'chasi","nameEn":null,"types":["stop_position"],"refs":[],"recordCount":1,"confidence":0.76,"source":"openstreetmap","sourceIds":["node/13534580201"]}},{"type":"Feature","geometry":{"type":"Point","coordinates":[69.275832,41.300779]},"properties":{"id":"transit_ce3e21e4e5c1c760","name":"Fidoyilar hiyoboni","nameEn":"Geology Museum station","types":["platform","stop_position"],"refs":[],"recordCount":2,"confidence":0.88,"source":"openstreetmap","sourceIds":["node/13317658840","node/661184731"]}},{"type":"Feature","geometry":{"type":"Point","coordinates":[69.277427,41.301519]},"properties":{"id":"transit_4992b41e9af958ce","name":"Fidoyilar hiyoboni","nameEn":"Geology Museum Station","types":["platform","stop_position"],"refs":[],"recordCount":2,"confidence":0.88,"source":"openstreetmap","sourceIds":["node/13317658839","node/3917941506"]}},{"type":"Feature","geometry":{"type":"Point","coordinates":[69.312817,41.30401]},"properties":{"id":"transit_9beb912f7b1d93fb","name":"Fidoyilar mahallasi","nameEn":null,"types":["stop_position"],"refs":[],"recordCount":2,"confidence":0.88,"source":"openstreetmap","sourceIds":["node/4242619310","node/4373939944"]}},{"type":"Feature","geometry":{"type":"Point","coordinates":[69.278276,41.30461]},"properties":{"id":"transit_140b16b67485fd1f","name":"Foton IChB","nameEn":null,"types":["stop_position"],"refs":[],"recordCount":1,"confidence":0.76,"source":"openstreetmap","sourceIds":["node/13448639896"]}},{"type":"Feature","geometry":{"type":"Point","coordinates":[69.164433,41.283315]},"properties":{"id":"transit_0a72e9695a0fe4ab","name":"Foziltepa ko'chasi","nameEn":null,"types":["platform"],"refs":[],"recordCount":1,"confidence":0.76,"source":"openstreetmap","sourceIds":["node/11909225957"]}},{"type":"Feature","geometry":{"type":"Point","coordinates":[69.300244,41.275104]},"properties":{"id":"transit_23849a020d4f010b","name":"Furqat bog'i","nameEn":null,"types":["stop_position"],"refs":[],"recordCount":4,"confidence":0.96,"source":"openstreetmap","sourceIds":["node/12691585945","node/12691585946","node/13362139519","node/13362139521"]}},{"type":"Feature","geometry":{"type":"Point","coordinates":[69.2142,41.319065]},"properties":{"id":"transit_71f1da25e3e89e43","name":"Fuzuli ko`chasi","nameEn":null,"types":["platform"],"refs":[],"recordCount":1,"confidence":0.76,"source":"openstreetmap","sourceIds":["node/13299450380"]}},{"type":"Feature","geometry":{"type":"Point","coordinates":[69.387856,41.352173]},"properties":{"id":"transit_95febd4af725dddd","name":"Gastronom","nameEn":null,"types":["platform","stop_position"],"refs":[],"recordCount":3,"confidence":0.96,"source":"openstreetmap","sourceIds":["node/13308770758","node/13308770785","node/1519571308"]}},{"type":"Feature","geometry":{"type":"Point","coordinates":[69.350441,41.273442]},"properties":{"id":"transit_5c517713bafd07f3","name":"Gastronom","nameEn":null,"types":["platform","stop_position"],"refs":[],"recordCount":5,"confidence":0.96,"source":"openstreetmap","sourceIds":["node/13293590193","node/13626619123","node/13626619124","node/13626619125","node/13626619126"]}},{"type":"Feature","geometry":{"type":"Point","coordinates":[69.389623,41.340918]},"properties":{"id":"transit_25fd1c9d721519db","name":"Geofiziklar qorgoni","nameEn":null,"types":["stop_position"],"refs":[],"recordCount":1,"confidence":0.76,"source":"openstreetmap","sourceIds":["node/1140496282"]}},{"type":"Feature","geometry":{"type":"Point","coordinates":[69.28463,41.333884]},"properties":{"id":"transit_dc1f475d69241d13","name":"Geologorazvedka","nameEn":null,"types":["stop_position"],"refs":[],"recordCount":1,"confidence":0.76,"source":"openstreetmap","sourceIds":["node/1860771182"]}},{"type":"Feature","geometry":{"type":"Point","coordinates":[69.283963,41.331905]},"properties":{"id":"transit_35e4649049a9b444","name":"Geologorazvedka","nameEn":null,"types":["platform","stop_position"],"refs":[],"recordCount":2,"confidence":0.88,"source":"openstreetmap","sourceIds":["node/13424093145","node/13424093146"]}},{"type":"Feature","geometry":{"type":"Point","coordinates":[69.197782,41.356933]},"properties":{"id":"transit_51f29a928093a5de","name":"Geologorazvedka kolleji","nameEn":null,"types":["platform","stop_position"],"refs":[],"recordCount":2,"confidence":0.88,"source":"openstreetmap","sourceIds":["node/13627019529","node/5653750518"]}},{"type":"Feature","geometry":{"type":"Point","coordinates":[69.198384,41.356201]},"properties":{"id":"transit_9e8ad300e25a0f77","name":"Geologorazvedka kolleji","nameEn":null,"types":["stop_position"],"refs":[],"recordCount":1,"confidence":0.76,"source":"openstreetmap","sourceIds":["node/13627019543"]}},{"type":"Feature","geometry":{"type":"Point","coordinates":[69.291863,41.326659]},"properties":{"id":"transit_1cc2c6798429e1c7","name":"Gidrometsentr","nameEn":null,"types":["platform","stop_position"],"refs":[],"recordCount":2,"confidence":0.88,"source":"openstreetmap","sourceIds":["node/13317658886","node/1860743049"]}},{"type":"Feature","geometry":{"type":"Point","coordinates":[69.290287,41.32707]},"properties":{"id":"transit_fea66948ba0625ce","name":"Gidrometsentr","nameEn":null,"types":["platform","stop_position"],"refs":[],"recordCount":2,"confidence":0.88,"source":"openstreetmap","sourceIds":["node/13317658884","node/1860743050"]}},{"type":"Feature","geometry":{"type":"Point","coordinates":[69.357871,41.355112]},"properties":{"id":"transit_92215575b78834c8","name":"Ginekologiya instituti","nameEn":null,"types":["platform","stop_position"],"refs":[],"recordCount":2,"confidence":0.88,"source":"openstreetmap","sourceIds":["node/5223056321","node/5440819371"]}},{"type":"Feature","geometry":{"type":"Point","coordinates":[69.358407,41.35642]},"properties":{"id":"transit_67813dbca8847964","name":"Ginekologiya instituti","nameEn":null,"types":["platform","stop_position"],"refs":[],"recordCount":2,"confidence":0.88,"source":"openstreetmap","sourceIds":["node/13339363421","node/5503082721"]}},{"type":"Feature","geometry":{"type":"Point","coordinates":[69.356472,41.354909]},"properties":{"id":"transit_f5f0d500268ed70c","name":"Ginekologiya instituti","nameEn":null,"types":["platform","stop_position"],"refs":[],"recordCount":2,"confidence":0.88,"source":"openstreetmap","sourceIds":["node/13339363419","node/13339363420"]}},{"type":"Feature","geometry":{"type":"Point","coordinates":[69.266593,41.284585]},"properties":{"id":"transit_361e3fa3aaa20c2c","name":"Glinka ko'chasi","nameEn":null,"types":["platform","stop_position"],"refs":[],"recordCount":2,"confidence":0.88,"source":"openstreetmap","sourceIds":["node/13314837138","node/3489125512"]}},{"type":"Feature","geometry":{"type":"Point","coordinates":[69.264542,41.283909]},"properties":{"id":"transit_ff8d98248deea785","name":"Glinka ko'chasi","nameEn":null,"types":["platform","stop_position"],"refs":[],"recordCount":2,"confidence":0.88,"source":"openstreetmap","sourceIds":["node/13314837136","node/8185161071"]}},{"type":"Feature","geometry":{"type":"Point","coordinates":[69.267316,41.29502]},"properties":{"id":"transit_e1736b3d17176980","name":"Grand Mir mehmonxonasi","nameEn":"Grand Mir Hotel (Rossiya)","types":["platform"],"refs":[],"recordCount":1,"confidence":0.76,"source":"openstreetmap","sourceIds":["node/13358444192"]}},{"type":"Feature","geometry":{"type":"Point","coordinates":[69.269593,41.296439]},"properties":{"id":"transit_d82e50b9f777bf55","name":"Grand Mir mehmonxonasi","nameEn":"Grand Mir Hotel (Rossiya)","types":["platform"],"refs":[],"recordCount":1,"confidence":0.76,"source":"openstreetmap","sourceIds":["node/13416450060"]}},{"type":"Feature","geometry":{"type":"Point","coordinates":[69.373951,41.34992]},"properties":{"id":"transit_9b43f5ca62d0d2a8","name":"Gulirayhon ko'chasi","nameEn":"Gulirayhon str.","types":["platform"],"refs":[],"recordCount":2,"confidence":0.88,"source":"openstreetmap","sourceIds":["node/9843797418","node/9843799118"]}},{"type":"Feature","geometry":{"type":"Point","coordinates":[69.33749,41.360058]},"properties":{"id":"transit_f60a9556fa3350c1","name":"Gullola ko'chasi","nameEn":null,"types":["platform","stop_position"],"refs":[],"recordCount":2,"confidence":0.88,"source":"openstreetmap","sourceIds":["node/13339363511","node/3207200565"]}},{"type":"Feature","geometry":{"type":"Point","coordinates":[69.368014,41.354605]},"properties":{"id":"transit_69ea597e494df57e","name":"Gulqog'ozlar do'koni","nameEn":null,"types":["stop_position"],"refs":[],"recordCount":1,"confidence":0.76,"source":"openstreetmap","sourceIds":["node/4714581691"]}},{"type":"Feature","geometry":{"type":"Point","coordinates":[69.369706,41.354311]},"properties":{"id":"transit_f8f6054aabd2c4be","name":"Gulqog'ozlar do'koni","nameEn":null,"types":["platform","stop_position"],"refs":[],"recordCount":2,"confidence":0.88,"source":"openstreetmap","sourceIds":["node/5440819314","node/5503082621"]}},{"type":"Feature","geometry":{"type":"Point","coordinates":[69.36897,41.354932]},"properties":{"id":"transit_2a0e00a765814c86","name":"Gulqog'ozlar do'koni","nameEn":null,"types":["platform","stop_position"],"refs":[],"recordCount":2,"confidence":0.88,"source":"openstreetmap","sourceIds":["node/13339363402","node/13339363403"]}},{"type":"Feature","geometry":{"type":"Point","coordinates":[69.241963,41.321042]},"properties":{"id":"transit_527d6bd88769e410","name":"Hadra Maydoni","nameEn":"Hadra Square","types":["platform"],"refs":[],"recordCount":1,"confidence":0.76,"source":"openstreetmap","sourceIds":["node/7832984001"]}},{"type":"Feature","geometry":{"type":"Point","coordinates":[69.241614,41.322329]},"properties":{"id":"transit_510088a201a7992c","name":"Hadra Maydoni","nameEn":"Hadra Square","types":["platform"],"refs":[],"recordCount":1,"confidence":0.76,"source":"openstreetmap","sourceIds":["node/9885847419"]}},{"type":"Feature","geometry":{"type":"Point","coordinates":[69.172996,41.265621]},"properties":{"id":"transit_7ae6f6f225607d25","name":"Hakimxon ko'chasi","nameEn":null,"types":["stop_position"],"refs":[],"recordCount":2,"confidence":0.88,"source":"openstreetmap","sourceIds":["node/13370315904","node/13370315905"]}},{"type":"Feature","geometry":{"type":"Point","coordinates":[69.363484,41.344924]},"properties":{"id":"transit_25103d6420de6196","name":"Halqa yoʻli","nameEn":null,"types":["platform"],"refs":[],"recordCount":1,"confidence":0.76,"source":"openstreetmap","sourceIds":["node/13308770749"]}},{"type":"Feature","geometry":{"type":"Point","coordinates":[69.362601,41.343738]},"properties":{"id":"transit_906e947c1b13c677","name":"Halqa yoʻli","nameEn":null,"types":["platform"],"refs":[],"recordCount":1,"confidence":0.76,"source":"openstreetmap","sourceIds":["node/13308770798"]}},{"type":"Feature","geometry":{"type":"Point","coordinates":[69.234839,41.268449]},"properties":{"id":"transit_f701b1f91897dd9b","name":"Harbiy memorial","nameEn":"Bratskiye Mogily","types":["platform"],"refs":[],"recordCount":1,"confidence":0.76,"source":"openstreetmap","sourceIds":["node/4245418691"]}},{"type":"Feature","geometry":{"type":"Point","coordinates":[69.23387,41.267622]},"properties":{"id":"transit_31d9832514cfe88a","name":"Harbiy memorial","nameEn":"Bratskiye Mogily","types":["platform"],"refs":[],"recordCount":1,"confidence":0.76,"source":"openstreetmap","sourceIds":["node/13414265755"]}},{"type":"Feature","geometry":{"type":"Point","coordinates":[69.319717,41.304033]},"properties":{"id":"transit_b150e427de0f18e7","name":"Harbiy qism","nameEn":null,"types":["stop_position"],"refs":[],"recordCount":2,"confidence":0.88,"source":"openstreetmap","sourceIds":["node/4242619319","node/4373939945"]}},{"type":"Feature","geometry":{"type":"Point","coordinates":[69.318195,41.2458]},"properties":{"id":"transit_f1422ed6beb7d34d","name":"Hayot mehmonxonasi","nameEn":null,"types":["stop_position"],"refs":[],"recordCount":1,"confidence":0.76,"source":"openstreetmap","sourceIds":["node/13383907084"]}},{"type":"Feature","geometry":{"type":"Point","coordinates":[69.310233,41.345231]},"properties":{"id":"transit_bd4e1ce766d7124a","name":"Hayvonot bog'i","nameEn":"Zoological park","types":["stop_position"],"refs":[],"recordCount":1,"confidence":0.76,"source":"openstreetmap","sourceIds":["node/1449301832"]}},{"type":"Feature","geometry":{"type":"Point","coordinates":[69.309348,41.344654]},"properties":{"id":"transit_404683211491e642","name":"Hayvonot bog'i","nameEn":"Zoological park","types":["stop_position"],"refs":[],"recordCount":1,"confidence":0.76,"source":"openstreetmap","sourceIds":["node/11938314178"]}},{"type":"Feature","geometry":{"type":"Point","coordinates":[69.310632,41.355606]},"properties":{"id":"transit_a05e168eb805198b","name":"High Town City","nameEn":null,"types":["stop_position"],"refs":[],"recordCount":2,"confidence":0.88,"source":"openstreetmap","sourceIds":["node/13612707804","node/5166292322"]}},{"type":"Feature","geometry":{"type":"Point","coordinates":[69.385663,41.341156]},"properties":{"id":"transit_3276f28f6936cd56","name":"Humoyun mavzesi","nameEn":null,"types":["platform"],"refs":[],"recordCount":2,"confidence":0.88,"source":"openstreetmap","sourceIds":["node/13308770769","node/13308770770"]}},{"type":"Feature","geometry":{"type":"Point","coordinates":[69.359337,41.327079]},"properties":{"id":"transit_156a14ce688de626","name":"Hushxavo koʻchasi","nameEn":null,"types":["platform","stop_position"],"refs":[],"recordCount":2,"confidence":0.88,"source":"openstreetmap","sourceIds":["node/4544256489","node/8894598122"]}},{"type":"Feature","geometry":{"type":"Point","coordinates":[69.35812,41.327053]},"properties":{"id":"transit_1180b928ae247f6d","name":"Hushxavo koʻchasi","nameEn":null,"types":["stop_position"],"refs":[],"recordCount":1,"confidence":0.76,"source":"openstreetmap","sourceIds":["node/5969713586"]}},{"type":"Feature","geometry":{"type":"Point","coordinates":[69.360111,41.325716]},"properties":{"id":"transit_f497e800f7dd02f5","name":"Hushxavo koʻchasi","nameEn":null,"types":["stop_position"],"refs":[],"recordCount":1,"confidence":0.76,"source":"openstreetmap","sourceIds":["node/13448637088"]}},{"type":"Feature","geometry":{"type":"Point","coordinates":[69.164177,41.335053]},"properties":{"id":"transit_b4f0362109ac1c28","name":"Ibn Sino 1 dahasi","nameEn":null,"types":["stop_position"],"refs":[],"recordCount":1,"confidence":0.76,"source":"openstreetmap","sourceIds":["node/3957625055"]}},{"type":"Feature","geometry":{"type":"Point","coordinates":[69.174228,41.335789]},"properties":{"id":"transit_175f48cd1d1779b0","name":"Ibn Sino dahasi 2-mavze","nameEn":null,"types":["stop_position"],"refs":[],"recordCount":2,"confidence":0.88,"source":"openstreetmap","sourceIds":["node/1827331852","node/6091341394"]}},{"type":"Feature","geometry":{"type":"Point","coordinates":[69.358527,41.333693]},"properties":{"id":"transit_a3057079409a75fd","name":"Intizor ko'chasi","nameEn":null,"types":["stop_position"],"refs":[],"recordCount":1,"confidence":0.76,"source":"openstreetmap","sourceIds":["node/13389302269"]}},{"type":"Feature","geometry":{"type":"Point","coordinates":[69.189434,41.329406]},"properties":{"id":"transit_dad352fc1808f324","name":"Ipakchi ko'chasi","nameEn":null,"types":["platform","stop_position"],"refs":[],"recordCount":3,"confidence":0.96,"source":"openstreetmap","sourceIds":["node/13426693308","node/7833692359","node/7833692363"]}},{"type":"Feature","geometry":{"type":"Point","coordinates":[69.308555,41.27668]},"properties":{"id":"transit_c366a20e83187b9c","name":"Islom Ota masjidi","nameEn":null,"types":["platform","stop_position"],"refs":[],"recordCount":2,"confidence":0.88,"source":"openstreetmap","sourceIds":["node/4665654210","node/9033418183"]}},{"type":"Feature","geometry":{"type":"Point","coordinates":[69.309255,41.276058]},"properties":{"id":"transit_7fe0d38574200693","name":"Islom Ota masjidi","nameEn":null,"types":["platform","stop_position"],"refs":[],"recordCount":2,"confidence":0.88,"source":"openstreetmap","sourceIds":["node/13324943820","node/13324943821"]}},{"type":"Feature","geometry":{"type":"Point","coordinates":[69.257364,41.277585]},"properties":{"id":"transit_2b5bc590cc83d208","name":"Issiqlik elektr markazi","nameEn":null,"types":["platform"],"refs":[],"recordCount":1,"confidence":0.76,"source":"openstreetmap","sourceIds":["node/7824442843"]}},{"type":"Feature","geometry":{"type":"Point","coordinates":[69.257326,41.276407]},"properties":{"id":"transit_0ea829563a484e2c","name":"Issiqlik elektr markazi","nameEn":null,"types":["platform"],"refs":[],"recordCount":1,"confidence":0.76,"source":"openstreetmap","sourceIds":["node/13297153501"]}},{"type":"Feature","geometry":{"type":"Point","coordinates":[69.32096,41.377329]},"properties":{"id":"transit_d8ee3e1bee45bab6","name":"Issiqlik kombinati","nameEn":null,"types":["platform","stop_position"],"refs":[],"recordCount":4,"confidence":0.96,"source":"openstreetmap","sourceIds":["node/13342647737","node/13342647738","node/5724392022","node/5724392121"]}},{"type":"Feature","geometry":{"type":"Point","coordinates":[69.147309,41.275492]},"properties":{"id":"transit_1c0427d33a8c6f05","name":"Izza mavzesi","nameEn":null,"types":["stop_position"],"refs":[],"recordCount":5,"confidence":0.96,"source":"openstreetmap","sourceIds":["node/13364326094","node/13364326095","node/13364326096","node/13364326097","node/13364326098"]}},{"type":"Feature","geometry":{"type":"Point","coordinates":[69.194378,41.286142]},"properties":{"id":"transit_367aaa085ecd3b9b","name":"Jahon tillari universiteti","nameEn":null,"types":["stop_position"],"refs":[],"recordCount":1,"confidence":0.76,"source":"openstreetmap","sourceIds":["node/4260183389"]}},{"type":"Feature","geometry":{"type":"Point","coordinates":[69.224218,41.25938]},"properties":{"id":"transit_16670c7a54e036c8","name":"Janubiy vokzal","nameEn":"Yuzhny vokzal","types":["platform","stop_position"],"refs":[],"recordCount":6,"confidence":0.96,"source":"openstreetmap","sourceIds":["node/1224559577","node/13348321233","node/1819768329","node/1819768455","node/1819768737","node/5730484555"]}},{"type":"Feature","geometry":{"type":"Point","coordinates":[69.175611,41.339827]},"properties":{"id":"transit_e1ea0457a577ec86","name":"Jarariq","nameEn":null,"types":["bus_stop"],"refs":[],"recordCount":1,"confidence":0.76,"source":"openstreetmap","sourceIds":["node/4177933813"]}},{"type":"Feature","geometry":{"type":"Point","coordinates":[69.176246,41.341194]},"properties":{"id":"transit_2a3cc83e324919ac","name":"Jarariq dahasi","nameEn":null,"types":["platform"],"refs":[],"recordCount":1,"confidence":0.76,"source":"openstreetmap","sourceIds":["node/13297153567"]}},{"type":"Feature","geometry":{"type":"Point","coordinates":[69.178072,41.335935]},"properties":{"id":"transit_f29587cc6282d1bd","name":"Jarariq ko'chasi","nameEn":null,"types":["stop_position"],"refs":[],"recordCount":1,"confidence":0.76,"source":"openstreetmap","sourceIds":["node/13426651891"]}},{"type":"Feature","geometry":{"type":"Point","coordinates":[69.315691,41.266655]},"properties":{"id":"transit_2bceecf382363959","name":"Jarqo'rg'on ko'chasi","nameEn":null,"types":["stop_position"],"refs":[],"recordCount":1,"confidence":0.76,"source":"openstreetmap","sourceIds":["node/2012617919"]}},{"type":"Feature","geometry":{"type":"Point","coordinates":[69.315277,41.264746]},"properties":{"id":"transit_754650d5a59b71d3","name":"Jarqo'rg'on ko'chasi","nameEn":"Jarqo'rg'on ko'chasi","types":["platform","stop_position"],"refs":[],"recordCount":2,"confidence":0.88,"source":"openstreetmap","sourceIds":["node/13320072480","node/2958137708"]}},{"type":"Feature","geometry":{"type":"Point","coordinates":[69.314866,41.2659]},"properties":{"id":"transit_9dad18fb52f8daea","name":"Jarqo'rg'on ko'chasi","nameEn":"Jarqo‘rg‘on ko‘chasi","types":["stop_position"],"refs":[],"recordCount":1,"confidence":0.76,"source":"openstreetmap","sourceIds":["node/4449161463"]}},{"type":"Feature","geometry":{"type":"Point","coordinates":[69.31662,41.267067]},"properties":{"id":"transit_ae382b6f6a2baf0d","name":"Jarqo'rg'on ko'chasi","nameEn":null,"types":["platform","stop_position"],"refs":[],"recordCount":2,"confidence":0.88,"source":"openstreetmap","sourceIds":["node/13383918642","node/4714567096"]}},{"type":"Feature","geometry":{"type":"Point","coordinates":[69.21104,41.270704]},"properties":{"id":"transit_f3bd5bfa4ad40f48","name":"Jarrohlik markazi","nameEn":null,"types":["platform","stop_position"],"refs":[],"recordCount":3,"confidence":0.96,"source":"openstreetmap","sourceIds":["node/13348321240","node/3409273380","node/6264143758"]}},{"type":"Feature","geometry":{"type":"Point","coordinates":[69.211849,41.269769]},"properties":{"id":"transit_c48a5608d5c62507","name":"Jarrohlik markazi","nameEn":null,"types":["stop_position"],"refs":[],"recordCount":1,"confidence":0.76,"source":"openstreetmap","sourceIds":["node/4260183489"]}},{"type":"Feature","geometry":{"type":"Point","coordinates":[69.210832,41.26964]},"properties":{"id":"transit_5b249471440e68ea","name":"Jarrohlik markazi","nameEn":null,"types":["platform","stop_position"],"refs":[],"recordCount":2,"confidence":0.88,"source":"openstreetmap","sourceIds":["node/13348321239","node/4563547822"]}},{"type":"Feature","geometry":{"type":"Point","coordinates":[69.276209,41.372636]},"properties":{"id":"transit_e3c1945f8e6b576b","name":"Jumamasjid ko'chasi","nameEn":null,"types":["platform","stop_position"],"refs":[],"recordCount":2,"confidence":0.88,"source":"openstreetmap","sourceIds":["node/13341109576","node/4445666626"]}},{"type":"Feature","geometry":{"type":"Point","coordinates":[69.275406,41.371659]},"properties":{"id":"transit_93a2ee2292bdc3b2","name":"Jumamasjid ko'chasi","nameEn":null,"types":["stop_position"],"refs":[],"recordCount":1,"confidence":0.76,"source":"openstreetmap","sourceIds":["node/4577837538"]}},{"type":"Feature","geometry":{"type":"Point","coordinates":[69.274776,41.372524]},"properties":{"id":"transit_a6b54419de27bee2","name":"Jumamasjid ko'chasi","nameEn":null,"types":["platform","stop_position"],"refs":[],"recordCount":2,"confidence":0.88,"source":"openstreetmap","sourceIds":["node/13341109578","node/13341109581"]}},{"type":"Feature","geometry":{"type":"Point","coordinates":[69.265029,41.371378]},"properties":{"id":"transit_323cd61466424b9c","name":"KamAZ markazi","nameEn":null,"types":["platform","stop_position"],"refs":[],"recordCount":4,"confidence":0.96,"source":"openstreetmap","sourceIds":["node/13341120419","node/13341120420","node/4103191799","node/4900272021"]}},{"type":"Feature","geometry":{"type":"Point","coordinates":[69.299019,41.324912]},"properties":{"id":"transit_80a6531d46cba9df","name":"Kardiologiya markazi","nameEn":null,"types":["platform","stop_position"],"refs":[],"recordCount":3,"confidence":0.96,"source":"openstreetmap","sourceIds":["node/13317658861","node/4315261389","node/5645732023"]}},{"type":"Feature","geometry":{"type":"Point","coordinates":[69.179235,41.269453]},"properties":{"id":"transit_c04d572a6c86cb53","name":"Katta Xirmontepa maxallasi","nameEn":null,"types":["platform","stop_position"],"refs":[],"recordCount":3,"confidence":0.96,"source":"openstreetmap","sourceIds":["node/11391761951","node/13409313012","node/13409313015"]}},{"type":"Feature","geometry":{"type":"Point","coordinates":[69.335188,41.334665]},"properties":{"id":"transit_42a815a76b5bd046","name":"Kimyo instituti","nameEn":null,"types":["stop_position"],"refs":[],"recordCount":2,"confidence":0.88,"source":"openstreetmap","sourceIds":["node/2011108724","node/2011108726"]}},{"type":"Feature","geometry":{"type":"Point","coordinates":[69.169258,41.271611]},"properties":{"id":"transit_ca49ea8cf6bcd05a","name":"Kizil shark mahallasi","nameEn":null,"types":["stop_position"],"refs":[],"recordCount":1,"confidence":0.76,"source":"openstreetmap","sourceIds":["node/13370315906"]}},{"type":"Feature","geometry":{"type":"Point","coordinates":[69.272576,41.277863]},"properties":{"id":"transit_b248f3b162b983b6","name":"Kichik Beshyogʻoch koʻchasi","nameEn":null,"types":["stop_position"],"refs":[],"recordCount":2,"confidence":0.88,"source":"openstreetmap","sourceIds":["node/1184247809","node/1184248378"]}},{"type":"Feature","geometry":{"type":"Point","coordinates":[69.263633,41.293063]},"properties":{"id":"transit_44cfd4fe9461d835","name":"Kichik Mirobod ko'chasi","nameEn":"Kichik Mirabad st. (Ocean)","types":["platform"],"refs":[],"recordCount":2,"confidence":0.88,"source":"openstreetmap","sourceIds":["node/13414265677","node/3917941507"]}},{"type":"Feature","geometry":{"type":"Point","coordinates":[69.206981,41.322075]},"properties":{"id":"transit_f69d5a84ee9efbb7","name":"Ko`kcha masjidi","nameEn":null,"types":["platform"],"refs":[],"recordCount":1,"confidence":0.76,"source":"openstreetmap","sourceIds":["node/13299450365"]}},{"type":"Feature","geometry":{"type":"Point","coordinates":[69.241522,41.274524]},"properties":{"id":"transit_a1f77fdc5173e5d7","name":"Komil Yashin ko'chasi","nameEn":null,"types":["platform"],"refs":[],"recordCount":2,"confidence":0.88,"source":"openstreetmap","sourceIds":["node/4246751889","node/4271618691"]}},{"type":"Feature","geometry":{"type":"Point","coordinates":[69.190014,41.289728]},"properties":{"id":"transit_c08de8eaa4599283","name":"Kozna Choponata maxalasi","nameEn":null,"types":["platform"],"refs":[],"recordCount":2,"confidence":0.88,"source":"openstreetmap","sourceIds":["node/13309075555","node/13309075556"]}},{"type":"Feature","geometry":{"type":"Point","coordinates":[69.183423,41.329771]},"properties":{"id":"transit_a8894044108f9c19","name":"Ko'ksaroy ko'chasi","nameEn":null,"types":["stop_position"],"refs":[],"recordCount":1,"confidence":0.76,"source":"openstreetmap","sourceIds":["node/13426651893"]}},{"type":"Feature","geometry":{"type":"Point","coordinates":[69.216571,41.322043]},"properties":{"id":"transit_9103d6cfd65215a1","name":"Ko'kcha Darvoza ko'chasi","nameEn":null,"types":["stop_position"],"refs":[],"recordCount":1,"confidence":0.76,"source":"openstreetmap","sourceIds":["node/5919410891"]}},{"type":"Feature","geometry":{"type":"Point","coordinates":[69.215143,41.322213]},"properties":{"id":"transit_32bb01c1abbbe88f","name":"Ko'kcha Darvoza ko'chasi","nameEn":null,"types":["stop_position"],"refs":[],"recordCount":1,"confidence":0.76,"source":"openstreetmap","sourceIds":["node/13426693318"]}},{"type":"Feature","geometry":{"type":"Point","coordinates":[69.206192,41.322907]},"properties":{"id":"transit_c0254111bf670769","name":"Ko'kcha masjidi","nameEn":null,"types":["stop_position"],"refs":[],"recordCount":1,"confidence":0.76,"source":"openstreetmap","sourceIds":["node/13426693309"]}},{"type":"Feature","geometry":{"type":"Point","coordinates":[69.267134,41.308764]},"properties":{"id":"transit_cfb4c1ce34714645","name":"Ko'rgazma zali","nameEn":null,"types":["stop_position"],"refs":[],"recordCount":1,"confidence":0.76,"source":"openstreetmap","sourceIds":["node/4589212191"]}},{"type":"Feature","geometry":{"type":"Point","coordinates":[69.26566,41.310038]},"properties":{"id":"transit_fd80b4f3eb657062","name":"Koʻrgazma zali","nameEn":null,"types":["platform","stop_position"],"refs":[],"recordCount":2,"confidence":0.88,"source":"openstreetmap","sourceIds":["node/4589241589","node/7903314954"]}},{"type":"Feature","geometry":{"type":"Point","coordinates":[69.267966,41.310031]},"properties":{"id":"transit_2dada7412685d7a0","name":"Koʻrgazma zali","nameEn":null,"types":["platform","stop_position"],"refs":[],"recordCount":2,"confidence":0.88,"source":"openstreetmap","sourceIds":["node/13322742100","node/4589274489"]}},{"type":"Feature","geometry":{"type":"Point","coordinates":[69.198786,41.292542]},"properties":{"id":"transit_1413ac795e96c882","name":"Ko'rlar jamiyati madaniyat saroyi","nameEn":"Balki","types":["platform","stop_position"],"refs":[],"recordCount":3,"confidence":0.96,"source":"openstreetmap","sourceIds":["node/13179015720","node/5730484546","node/5730484547"]}},{"type":"Feature","geometry":{"type":"Point","coordinates":[69.196776,41.293605]},"properties":{"id":"transit_5a0d8681baa5c81a","name":"Ko'rlar jamiyati madaniyat saroyi","nameEn":"Balki","types":["platform","stop_position"],"refs":[],"recordCount":2,"confidence":0.88,"source":"openstreetmap","sourceIds":["node/13181508810","node/6642556041"]}},{"type":"Feature","geometry":{"type":"Point","coordinates":[69.198752,41.294178]},"properties":{"id":"transit_34f8b93b757129a4","name":"Ko'rlar jamiyati madaniyat saroyi","nameEn":"Balki","types":["platform","stop_position"],"refs":[],"recordCount":2,"confidence":0.88,"source":"openstreetmap","sourceIds":["node/13181503871","node/7076928075"]}},{"type":"Feature","geometry":{"type":"Point","coordinates":[69.240933,41.28093]},"properties":{"id":"transit_b8f0f4be804722b0","name":"Ko'z kasalliklari shifoxonasi","nameEn":null,"types":["platform"],"refs":[],"recordCount":2,"confidence":0.88,"source":"openstreetmap","sourceIds":["node/13311625787","node/4447436089"]}},{"type":"Feature","geometry":{"type":"Point","coordinates":[69.171858,41.287561]},"properties":{"id":"transit_c762b2e11dd82dc4","name":"Ko'zi ojizlar kutubxonasi","nameEn":null,"types":["platform","stop_position"],"refs":[],"recordCount":4,"confidence":0.96,"source":"openstreetmap","sourceIds":["node/13343037756","node/13343037757","node/4787520023","node/4787520523"]}},{"type":"Feature","geometry":{"type":"Point","coordinates":[69.373771,41.340669]},"properties":{"id":"transit_e0921dfafd6fc451","name":"Litsey","nameEn":null,"types":["stop_position"],"refs":[],"recordCount":1,"confidence":0.76,"source":"openstreetmap","sourceIds":["node/359363939"]}},{"type":"Feature","geometry":{"type":"Point","coordinates":[69.344932,41.355136]},"properties":{"id":"transit_9ac75aca6665d3c3","name":"Lokomotiv Parki","nameEn":null,"types":["platform","stop_position"],"refs":[],"recordCount":2,"confidence":0.88,"source":"openstreetmap","sourceIds":["node/13424093178","node/13424093179"]}},{"type":"Feature","geometry":{"type":"Point","coordinates":[69.390104,41.360139]},"properties":{"id":"transit_db5719f897ca823e","name":"Lokomotiv Stadioni","nameEn":null,"types":["platform","stop_position"],"refs":[],"recordCount":2,"confidence":0.88,"source":"openstreetmap","sourceIds":["node/13382060393","node/4289660489"]}},{"type":"Feature","geometry":{"type":"Point","coordinates":[69.388717,41.359568]},"properties":{"id":"transit_3a30174a04ae4b47","name":"Lokomotiv Stadioni","nameEn":null,"types":["stop_position"],"refs":[],"recordCount":1,"confidence":0.76,"source":"openstreetmap","sourceIds":["node/4289660589"]}},{"type":"Feature","geometry":{"type":"Point","coordinates":[69.338783,41.317516]},"properties":{"id":"transit_a160a3c7e0d47645","name":"Lomonosov ko'chasi","nameEn":null,"types":["stop_position"],"refs":[],"recordCount":1,"confidence":0.76,"source":"openstreetmap","sourceIds":["node/3614216150"]}},{"type":"Feature","geometry":{"type":"Point","coordinates":[69.339562,41.318018]},"properties":{"id":"transit_e1c9380245b8d42e","name":"Lomonosov ko'chasi","nameEn":null,"types":["stop_position"],"refs":[],"recordCount":1,"confidence":0.76,"source":"openstreetmap","sourceIds":["node/3614216151"]}},{"type":"Feature","geometry":{"type":"Point","coordinates":[69.192209,41.372334]},"properties":{"id":"transit_9665cebd336b0635","name":"M.Fozilov bekati","nameEn":"M.Fozilov bekati","types":["bus_stop"],"refs":[],"recordCount":1,"confidence":0.76,"source":"openstreetmap","sourceIds":["node/6005145891"]}},{"type":"Feature","geometry":{"type":"Point","coordinates":[69.319477,41.319984]},"properties":{"id":"transit_0f9d104b3c3cb57c","name":"M.Ulugbek tuman prokuraturasi","nameEn":null,"types":["platform","stop_position"],"refs":[],"recordCount":2,"confidence":0.88,"source":"openstreetmap","sourceIds":["node/4413206733","node/4413206734"]}},{"type":"Feature","geometry":{"type":"Point","coordinates":[69.321048,41.32099]},"properties":{"id":"transit_d796c746c8490456","name":"M.Ulugbek tuman prokuraturasi","nameEn":null,"types":["platform"],"refs":[],"recordCount":1,"confidence":0.76,"source":"openstreetmap","sourceIds":["node/4413206735"]}},{"type":"Feature","geometry":{"type":"Point","coordinates":[69.34862,41.34727]},"properties":{"id":"transit_07b9eafb51bded50","name":"Madaniyat instituti","nameEn":null,"types":["platform","stop_position"],"refs":[],"recordCount":3,"confidence":0.96,"source":"openstreetmap","sourceIds":["node/13328825932","node/1963089807","node/5377055123"]}},{"type":"Feature","geometry":{"type":"Point","coordinates":[69.267723,41.249404]},"properties":{"id":"transit_9727ddb4b7253854","name":"Mahalliy havo yo'llari aeroporti","nameEn":null,"types":["platform","stop_position"],"refs":[],"recordCount":4,"confidence":0.96,"source":"openstreetmap","sourceIds":["node/13297153607","node/13359926453","node/13359926454","node/3051433541"]}},{"type":"Feature","geometry":{"type":"Point","coordinates":[69.264838,41.248411]},"properties":{"id":"transit_f2d7581c74cbe8b3","name":"Mahalliy havo yo'llari aeroporti","nameEn":"«Tashkent-3» Local Airlines","types":["platform","stop_position"],"refs":[],"recordCount":2,"confidence":0.88,"source":"openstreetmap","sourceIds":["node/13324929838","node/3081318081"]}},{"type":"Feature","geometry":{"type":"Point","coordinates":[69.263701,41.249528]},"properties":{"id":"transit_6b2210b0bdf6cc03","name":"Mahalliy havo yo'llari aeroporti","nameEn":null,"types":["platform"],"refs":[],"recordCount":1,"confidence":0.76,"source":"openstreetmap","sourceIds":["node/13297153602"]}},{"type":"Feature","geometry":{"type":"Point","coordinates":[69.297054,41.379669]},"properties":{"id":"transit_9bb8e8e4945247d6","name":"Maishiy xizmat uyi","nameEn":null,"types":["platform","stop_position"],"refs":[],"recordCount":2,"confidence":0.88,"source":"openstreetmap","sourceIds":["node/13341109550","node/2639775659"]}},{"type":"Feature","geometry":{"type":"Point","coordinates":[69.269787,41.366967]},"properties":{"id":"transit_a6b82b06805e2209","name":"Maishiy xizmat uyi","nameEn":null,"types":["platform","stop_position"],"refs":[],"recordCount":2,"confidence":0.88,"source":"openstreetmap","sourceIds":["node/13341120462","node/4103312092"]}},{"type":"Feature","geometry":{"type":"Point","coordinates":[69.29608,41.379174]},"properties":{"id":"transit_8dab40e785cd55a4","name":"Maishiy xizmat uyi","nameEn":null,"types":["platform","stop_position"],"refs":[],"recordCount":2,"confidence":0.88,"source":"openstreetmap","sourceIds":["node/13341109540","node/4280928689"]}},{"type":"Feature","geometry":{"type":"Point","coordinates":[69.344633,41.343608]},"properties":{"id":"transit_2e2c6aecc1390803","name":"Maishiy xizmat uyi","nameEn":null,"types":["stop_position"],"refs":[],"recordCount":2,"confidence":0.88,"source":"openstreetmap","sourceIds":["node/4907056421","node/6953496990"]}},{"type":"Feature","geometry":{"type":"Point","coordinates":[69.269741,41.367807]},"properties":{"id":"transit_5510291753b09bd7","name":"Maishiy xizmat uyi","nameEn":null,"types":["stop_position"],"refs":[],"recordCount":1,"confidence":0.76,"source":"openstreetmap","sourceIds":["node/5363817925"]}},{"type":"Feature","geometry":{"type":"Point","coordinates":[69.388152,41.246241]},"properties":{"id":"transit_7ad60d7f53b29d7b","name":"Majnuntol mahallasi","nameEn":null,"types":["platform","stop_position"],"refs":[],"recordCount":2,"confidence":0.88,"source":"openstreetmap","sourceIds":["node/13623700787","node/13623700791"]}},{"type":"Feature","geometry":{"type":"Point","coordinates":[69.229568,41.322822]},"properties":{"id":"transit_8296aa1953137fe3","name":"Maktab","nameEn":null,"types":["platform"],"refs":[],"recordCount":1,"confidence":0.76,"source":"openstreetmap","sourceIds":["node/8044531463"]}},{"type":"Feature","geometry":{"type":"Point","coordinates":[69.228467,41.322016]},"properties":{"id":"transit_334a8881344f8c05","name":"Maktab","nameEn":null,"types":["stop_position"],"refs":[],"recordCount":1,"confidence":0.76,"source":"openstreetmap","sourceIds":["node/13426693323"]}},{"type":"Feature","geometry":{"type":"Point","coordinates":[69.370193,41.339341]},"properties":{"id":"transit_69c2f1ac38f5ad3e","name":"Maktab-internat","nameEn":null,"types":["stop_position"],"refs":[],"recordCount":1,"confidence":0.76,"source":"openstreetmap","sourceIds":["node/5969690285"]}},{"type":"Feature","geometry":{"type":"Point","coordinates":[69.26856,41.338802]},"properties":{"id":"transit_6a3ef7934ff3a846","name":"Malika ICHB","nameEn":"Malika ICHB","types":["bus_stop"],"refs":[],"recordCount":1,"confidence":0.76,"source":"openstreetmap","sourceIds":["node/6579775786"]}},{"type":"Feature","geometry":{"type":"Point","coordinates":[69.26711,41.267217]},"properties":{"id":"transit_ff68909f3f8adb33","name":"Marg'ilon ko'chasi","nameEn":null,"types":["platform"],"refs":[],"recordCount":2,"confidence":0.88,"source":"openstreetmap","sourceIds":["node/13297033797","node/13297153595"]}},{"type":"Feature","geometry":{"type":"Point","coordinates":[69.187456,41.350123]},"properties":{"id":"transit_cdec4f05b343cc4a","name":"Masjid","nameEn":null,"types":["platform"],"refs":[],"recordCount":2,"confidence":0.88,"source":"openstreetmap","sourceIds":["node/13297153528","node/7824442831"]}},{"type":"Feature","geometry":{"type":"Point","coordinates":[69.292464,41.351118]},"properties":{"id":"transit_c267a27db2466f8d","name":"Masjid bekati","nameEn":"Mosque station","types":["stop_position"],"refs":[],"recordCount":1,"confidence":0.76,"source":"openstreetmap","sourceIds":["node/361152119"]}},{"type":"Feature","geometry":{"type":"Point","coordinates":[69.273812,41.322737]},"properties":{"id":"transit_28d5f20921879fa5","name":"Matonat yodgorligi","nameEn":null,"types":["platform","stop_position"],"refs":[],"recordCount":3,"confidence":0.96,"source":"openstreetmap","sourceIds":["node/13392724362","node/13392724363","node/1773345981"]}},{"type":"Feature","geometry":{"type":"Point","coordinates":[69.333799,41.283563]},"properties":{"id":"transit_85e941fc07f6d7fe","name":"Maxmur ko`chasi","nameEn":null,"types":["stop_position"],"refs":[],"recordCount":1,"confidence":0.76,"source":"openstreetmap","sourceIds":["node/13667215869"]}},{"type":"Feature","geometry":{"type":"Point","coordinates":[69.333584,41.284593]},"properties":{"id":"transit_857c610dc3403e7f","name":"Maxmur ko`chasi","nameEn":null,"types":["stop_position"],"refs":[],"recordCount":1,"confidence":0.76,"source":"openstreetmap","sourceIds":["node/13667215879"]}},{"type":"Feature","geometry":{"type":"Point","coordinates":[69.305732,41.299029]},"properties":{"id":"transit_40e534a3a22c20ad","name":"Mashinasozlar metro bekati","nameEn":null,"types":["platform","stop_position"],"refs":[],"recordCount":3,"confidence":0.96,"source":"openstreetmap","sourceIds":["node/13667215868","node/13667263125","node/961964938"]}},{"type":"Feature","geometry":{"type":"Point","coordinates":[69.285908,41.366024]},"properties":{"id":"transit_b059c91504d19ba4","name":"Mebel do'koni","nameEn":null,"types":["platform","stop_position"],"refs":[],"recordCount":2,"confidence":0.88,"source":"openstreetmap","sourceIds":["node/13334213748","node/4658443868"]}},{"type":"Feature","geometry":{"type":"Point","coordinates":[69.284122,41.36756]},"properties":{"id":"transit_9f1c69352a25877f","name":"Mebel do'koni","nameEn":null,"types":["platform","stop_position"],"refs":[],"recordCount":4,"confidence":0.96,"source":"openstreetmap","sourceIds":["node/13341109570","node/13341109571","node/4658443869","node/4658443870"]}},{"type":"Feature","geometry":{"type":"Point","coordinates":[69.286025,41.3681]},"properties":{"id":"transit_7a7622ce796a587e","name":"Mebel do'koni","nameEn":null,"types":["platform","stop_position"],"refs":[],"recordCount":2,"confidence":0.88,"source":"openstreetmap","sourceIds":["node/13341109568","node/13341109569"]}},{"type":"Feature","geometry":{"type":"Point","coordinates":[69.310007,41.245347]},"properties":{"id":"transit_059f08258f826dbe","name":"Mebellar do'koni","nameEn":null,"types":["stop_position"],"refs":[],"recordCount":1,"confidence":0.76,"source":"openstreetmap","sourceIds":["node/4838387323"]}},{"type":"Feature","geometry":{"type":"Point","coordinates":[69.36708,41.249458]},"properties":{"id":"transit_12edaacf1ba4b958","name":"Mebellar uyi","nameEn":null,"types":["stop_position"],"refs":[],"recordCount":2,"confidence":0.88,"source":"openstreetmap","sourceIds":["node/13376416758","node/13376416784"]}},{"type":"Feature","geometry":{"type":"Point","coordinates":[69.16991,41.297334]},"properties":{"id":"transit_3617b9eeab3f39de","name":"Mehribon ko'chasi","nameEn":null,"types":["stop_position"],"refs":[],"recordCount":1,"confidence":0.76,"source":"openstreetmap","sourceIds":["node/13409313092"]}},{"type":"Feature","geometry":{"type":"Point","coordinates":[69.295791,41.282359]},"properties":{"id":"transit_902401a15bd46276","name":"Mehrjon ko'chasi","nameEn":null,"types":["stop_position"],"refs":[],"recordCount":2,"confidence":0.88,"source":"openstreetmap","sourceIds":["node/13376423347","node/13376423348"]}},{"type":"Feature","geometry":{"type":"Point","coordinates":[69.198313,41.264272]},"properties":{"id":"transit_c9adf404e3bcdec4","name":"Mevazor mahallasi","nameEn":null,"types":["stop_position"],"refs":[],"recordCount":1,"confidence":0.76,"source":"openstreetmap","sourceIds":["node/13409294058"]}},{"type":"Feature","geometry":{"type":"Point","coordinates":[69.34369,41.335769]},"properties":{"id":"transit_c303bfb888d2e121","name":"Mexanik institut","nameEn":null,"types":["stop_position"],"refs":[],"recordCount":1,"confidence":0.76,"source":"openstreetmap","sourceIds":["node/13612699344"]}},{"type":"Feature","geometry":{"type":"Point","coordinates":[69.344419,41.335203]},"properties":{"id":"transit_a5ada1c6b2c80856","name":"Mexanik institut","nameEn":null,"types":["stop_position"],"refs":[],"recordCount":1,"confidence":0.76,"source":"openstreetmap","sourceIds":["node/13612699348"]}},{"type":"Feature","geometry":{"type":"Point","coordinates":[69.332893,41.296793]},"properties":{"id":"transit_a3480f1ab5268c9c","name":"Mexanik zavod","nameEn":null,"types":["stop_position"],"refs":[],"recordCount":1,"confidence":0.76,"source":"openstreetmap","sourceIds":["node/12132792898"]}},{"type":"Feature","geometry":{"type":"Point","coordinates":[69.325307,41.304798]},"properties":{"id":"transit_e4c893eb7405aa29","name":"Mexanika zavodi","nameEn":null,"types":["stop_position"],"refs":[],"recordCount":1,"confidence":0.76,"source":"openstreetmap","sourceIds":["node/4242619318"]}},{"type":"Feature","geometry":{"type":"Point","coordinates":[69.326493,41.304782]},"properties":{"id":"transit_3c613811e0c1732f","name":"Mexanika zavodi","nameEn":null,"types":["stop_position"],"refs":[],"recordCount":1,"confidence":0.76,"source":"openstreetmap","sourceIds":["node/4373939946"]}},{"type":"Feature","geometry":{"type":"Point","coordinates":[69.361686,41.329128]},"properties":{"id":"transit_a820b90f7f2d47fa","name":"Militsiya akademiyasi","nameEn":null,"types":["stop_position"],"refs":[],"recordCount":1,"confidence":0.76,"source":"openstreetmap","sourceIds":["node/4544230193"]}},{"type":"Feature","geometry":{"type":"Point","coordinates":[69.362644,41.329328]},"properties":{"id":"transit_4328e57b5b3ad796","name":"Militsiya akademiyasi","nameEn":null,"types":["stop_position"],"refs":[],"recordCount":1,"confidence":0.76,"source":"openstreetmap","sourceIds":["node/5969705785"]}},{"type":"Feature","geometry":{"type":"Point","coordinates":[69.244394,41.321919]},"properties":{"id":"transit_1aca7aee3fa4f807","name":"Milliy akademik drama teatri","nameEn":"National Academic Theatre","types":["platform"],"refs":[],"recordCount":2,"confidence":0.88,"source":"openstreetmap","sourceIds":["node/12597026576","node/7832983951"]}},{"type":"Feature","geometry":{"type":"Point","coordinates":[69.235675,41.305275]},"properties":{"id":"transit_b5bde5ab06a1f312","name":"Milliy Bogʻ metro bekati","nameEn":null,"types":["platform","stop_position"],"refs":[],"recordCount":2,"confidence":0.88,"source":"openstreetmap","sourceIds":["node/13364358873","node/5130518174"]}},{"type":"Feature","geometry":{"type":"Point","coordinates":[69.235855,41.304321]},"properties":{"id":"transit_b69ef2adfbab65c0","name":"Milliy Bogʻ metro bekati","nameEn":null,"types":["stop_position"],"refs":[],"recordCount":1,"confidence":0.76,"source":"openstreetmap","sourceIds":["node/13374548878"]}},{"type":"Feature","geometry":{"type":"Point","coordinates":[69.282911,41.327124]},"properties":{"id":"transit_c3f3ab51f5839b58","name":"Minor metrosi","nameEn":null,"types":["platform"],"refs":[],"recordCount":1,"confidence":0.76,"source":"openstreetmap","sourceIds":["node/13317658882"]}},{"type":"Feature","geometry":{"type":"Point","coordinates":[69.34944,41.327093]},"properties":{"id":"transit_1d3648e7c8c2fc30","name":"Mirishkor ko'chasi","nameEn":null,"types":["stop_position"],"refs":[],"recordCount":2,"confidence":0.88,"source":"openstreetmap","sourceIds":["node/4464641703","node/4464641704"]}},{"type":"Feature","geometry":{"type":"Point","coordinates":[69.346687,41.329632]},"properties":{"id":"transit_e91f597523b113e4","name":"Mirishkor ko'chasi","nameEn":null,"types":["platform"],"refs":[],"recordCount":2,"confidence":0.88,"source":"openstreetmap","sourceIds":["node/5503081322","node/5503082521"]}},{"type":"Feature","geometry":{"type":"Point","coordinates":[69.276616,41.290956]},"properties":{"id":"transit_b97c5ef2c8203691","name":"Mirobod bozori","nameEn":null,"types":["stop_position"],"refs":[],"recordCount":1,"confidence":0.76,"source":"openstreetmap","sourceIds":["node/1178947720"]}},{"type":"Feature","geometry":{"type":"Point","coordinates":[69.274095,41.290311]},"properties":{"id":"transit_db98e0df7dbaf4ee","name":"Mirobod bozori","nameEn":null,"types":["platform","stop_position"],"refs":[],"recordCount":2,"confidence":0.88,"source":"openstreetmap","sourceIds":["node/13320079531","node/1861718414"]}},{"type":"Feature","geometry":{"type":"Point","coordinates":[69.277919,41.291568]},"properties":{"id":"transit_c1844a0dcebf7b50","name":"Mirobod bozori","nameEn":null,"types":["platform","stop_position"],"refs":[],"recordCount":2,"confidence":0.88,"source":"openstreetmap","sourceIds":["node/13314837125","node/1991183802"]}},{"type":"Feature","geometry":{"type":"Point","coordinates":[69.28503,41.272162]},"properties":{"id":"transit_fe42cac8524f80a9","name":"Mirobod tuman IIB","nameEn":null,"types":["stop_position"],"refs":[],"recordCount":2,"confidence":0.88,"source":"openstreetmap","sourceIds":["node/13362139523","node/5444546579"]}},{"type":"Feature","geometry":{"type":"Point","coordinates":[69.211477,41.282933]},"properties":{"id":"transit_e35502eb9a9f596a","name":"Mirzo Ulug'bek metro bekati","nameEn":null,"types":["platform","stop_position"],"refs":[],"recordCount":2,"confidence":0.88,"source":"openstreetmap","sourceIds":["node/13184661891","node/5239659421"]}},{"type":"Feature","geometry":{"type":"Point","coordinates":[69.213252,41.281334]},"properties":{"id":"transit_f8382f1cac58d3eb","name":"Mirzo Ulug'bek metro bekati","nameEn":null,"types":["platform"],"refs":[],"recordCount":1,"confidence":0.76,"source":"openstreetmap","sourceIds":["node/7368894968"]}},{"type":"Feature","geometry":{"type":"Point","coordinates":[69.306032,41.305634]},"properties":{"id":"transit_587c6057c3eabd23","name":"Mirzo Ulug'bek shox ko'chasi","nameEn":null,"types":["stop_position"],"refs":[],"recordCount":2,"confidence":0.88,"source":"openstreetmap","sourceIds":["node/845838895","node/9509743484"]}},{"type":"Feature","geometry":{"type":"Point","coordinates":[69.307755,41.304987]},"properties":{"id":"transit_9d43fafa7bfdfdba","name":"Mirzo Ulug'bek shox ko'chasi","nameEn":null,"types":["stop_position"],"refs":[],"recordCount":1,"confidence":0.76,"source":"openstreetmap","sourceIds":["node/4242619321"]}},{"type":"Feature","geometry":{"type":"Point","coordinates":[69.307796,41.305871]},"properties":{"id":"transit_5c01ed5287964469","name":"Mirzo Ulug'bek shox ko'chasi","nameEn":null,"types":["platform"],"refs":[],"recordCount":1,"confidence":0.76,"source":"openstreetmap","sourceIds":["node/5440819423"]}},{"type":"Feature","geometry":{"type":"Point","coordinates":[69.198025,41.353088]},"properties":{"id":"transit_285cb5c001027d08","name":"Mirzo G‘olib mahallasi","nameEn":null,"types":["platform","stop_position"],"refs":[],"recordCount":3,"confidence":0.96,"source":"openstreetmap","sourceIds":["node/13627019540","node/4573613490","node/6159179817"]}},{"type":"Feature","geometry":{"type":"Point","coordinates":[69.177695,41.279165]},"properties":{"id":"transit_21cbcbdf00e1ae41","name":"Moskva kafesi","nameEn":null,"types":["platform","stop_position"],"refs":[],"recordCount":4,"confidence":0.96,"source":"openstreetmap","sourceIds":["node/13357905532","node/13357905533","node/1480097311","node/3130788415"]}},{"type":"Feature","geometry":{"type":"Point","coordinates":[69.184475,41.298264]},"properties":{"id":"transit_bd9f7d86ca5039f3","name":"Moskva uylari","nameEn":null,"types":["stop_position"],"refs":[],"recordCount":2,"confidence":0.88,"source":"openstreetmap","sourceIds":["node/13246595151","node/13246595152"]}},{"type":"Feature","geometry":{"type":"Point","coordinates":[69.388733,41.243708]},"properties":{"id":"transit_44f045c5376bb035","name":"Moturidiy koʻchasi","nameEn":null,"types":["stop_position"],"refs":[],"recordCount":1,"confidence":0.76,"source":"openstreetmap","sourceIds":["node/13626605790"]}},{"type":"Feature","geometry":{"type":"Point","coordinates":[69.16313,41.324862]},"properties":{"id":"transit_418940a3425aa5b0","name":"Muallim ko'chasi","nameEn":null,"types":["platform","stop_position"],"refs":[],"recordCount":6,"confidence":0.96,"source":"openstreetmap","sourceIds":["node/13393175443","node/13393175444","node/13393175445","node/13393175446","node/13393175448","node/13393175449"]}},{"type":"Feature","geometry":{"type":"Point","coordinates":[69.324668,41.248643]},"properties":{"id":"transit_7ada6404a09234d4","name":"Munis ko'chasi","nameEn":null,"types":["stop_position"],"refs":[],"recordCount":1,"confidence":0.76,"source":"openstreetmap","sourceIds":["node/13376423307"]}},{"type":"Feature","geometry":{"type":"Point","coordinates":[69.325502,41.246557]},"properties":{"id":"transit_9624172cad048a04","name":"Munis ko'chasi","nameEn":null,"types":["stop_position"],"refs":[],"recordCount":1,"confidence":0.76,"source":"openstreetmap","sourceIds":["node/13376423322"]}},{"type":"Feature","geometry":{"type":"Point","coordinates":[69.323944,41.247295]},"properties":{"id":"transit_27696d16977bf048","name":"Munis ko'chasi","nameEn":null,"types":["stop_position"],"refs":[],"recordCount":1,"confidence":0.76,"source":"openstreetmap","sourceIds":["node/13383907090"]}},{"type":"Feature","geometry":{"type":"Point","coordinates":[69.244897,41.277666]},"properties":{"id":"transit_9e8fe16379036bca","name":"Muqimiy ko'chasi","nameEn":null,"types":["platform","stop_position"],"refs":[],"recordCount":2,"confidence":0.88,"source":"openstreetmap","sourceIds":["node/13311620596","node/5655401921"]}},{"type":"Feature","geometry":{"type":"Point","coordinates":[69.244379,41.278977]},"properties":{"id":"transit_2986eb549ae64458","name":"Muqimiy ko'chasi","nameEn":null,"types":["platform","stop_position"],"refs":[],"recordCount":2,"confidence":0.88,"source":"openstreetmap","sourceIds":["node/13311620594","node/5730484554"]}},{"type":"Feature","geometry":{"type":"Point","coordinates":[69.246009,41.278547]},"properties":{"id":"transit_ce45b024cbd4d0f7","name":"Muqimiy ko'chasi","nameEn":null,"types":["platform"],"refs":[],"recordCount":1,"confidence":0.76,"source":"openstreetmap","sourceIds":["node/13311625767"]}},{"type":"Feature","geometry":{"type":"Point","coordinates":[69.246282,41.305603]},"properties":{"id":"transit_25d8e8aabf3f8526","name":"Muqimiy nomli teatri","nameEn":null,"types":["platform","stop_position"],"refs":[],"recordCount":2,"confidence":0.88,"source":"openstreetmap","sourceIds":["node/4129330789","node/5444551270"]}},{"type":"Feature","geometry":{"type":"Point","coordinates":[69.32983,41.329807]},"properties":{"id":"transit_e7c343f9e941b5d4","name":"Musavvirlar ko'chasi","nameEn":null,"types":["platform","stop_position"],"refs":[],"recordCount":2,"confidence":0.88,"source":"openstreetmap","sourceIds":["node/2011108763","node/7906987206"]}},{"type":"Feature","geometry":{"type":"Point","coordinates":[69.330664,41.330253]},"properties":{"id":"transit_29a832cb8612e421","name":"Musavvirlar ko'chasi","nameEn":null,"types":["stop_position"],"refs":[],"recordCount":1,"confidence":0.76,"source":"openstreetmap","sourceIds":["node/2011108768"]}},{"type":"Feature","geometry":{"type":"Point","coordinates":[69.271408,41.318392]},"properties":{"id":"transit_428e1b7efe0d1d2f","name":"Mustaqillik maydoni","nameEn":null,"types":["platform","stop_position"],"refs":[],"recordCount":2,"confidence":0.88,"source":"openstreetmap","sourceIds":["node/4758161087","node/5998858151"]}},{"type":"Feature","geometry":{"type":"Point","coordinates":[69.272591,41.318542]},"properties":{"id":"transit_d950c5cb07b47c24","name":"Mustaqillik maydoni","nameEn":null,"types":["platform","stop_position"],"refs":[],"recordCount":2,"confidence":0.88,"source":"openstreetmap","sourceIds":["node/13354206930","node/4848719924"]}},{"type":"Feature","geometry":{"type":"Point","coordinates":[69.318754,41.258748]},"properties":{"id":"transit_96895d59cb9373c6","name":"Mo'ynoq ko'chasi","nameEn":null,"types":["platform","stop_position"],"refs":[],"recordCount":2,"confidence":0.88,"source":"openstreetmap","sourceIds":["node/13322774174","node/4449161458"]}},{"type":"Feature","geometry":{"type":"Point","coordinates":[69.31858,41.259617]},"properties":{"id":"transit_c2a081b421e2e4fa","name":"Mo'ynoq ko'chasi","nameEn":null,"types":["platform","stop_position"],"refs":[],"recordCount":2,"confidence":0.88,"source":"openstreetmap","sourceIds":["node/13322774175","node/4449161459"]}},{"type":"Feature","geometry":{"type":"Point","coordinates":[69.324493,41.351025]},"properties":{"id":"transit_610e36405bde640c","name":"Namangan ko'chasi","nameEn":null,"types":["stop_position"],"refs":[],"recordCount":2,"confidence":0.88,"source":"openstreetmap","sourceIds":["node/2012049659","node/2012049662"]}},{"type":"Feature","geometry":{"type":"Point","coordinates":[69.330328,41.343721]},"properties":{"id":"transit_bd19ada5ea01a576","name":"Navnihol ko'chasi","nameEn":null,"types":["platform","stop_position"],"refs":[],"recordCount":2,"confidence":0.88,"source":"openstreetmap","sourceIds":["node/13612699375","node/13612699376"]}},{"type":"Feature","geometry":{"type":"Point","coordinates":[69.243223,41.308977]},"properties":{"id":"transit_c86391e04636dd46","name":"Navro'z baxt uyi","nameEn":null,"types":["platform","stop_position"],"refs":[],"recordCount":2,"confidence":0.88,"source":"openstreetmap","sourceIds":["node/7824442840","node/7824442841"]}},{"type":"Feature","geometry":{"type":"Point","coordinates":[69.387874,41.354243]},"properties":{"id":"transit_3da7dd586629d00b","name":"Navroʻz bozori","nameEn":null,"types":["platform","stop_position"],"refs":[],"recordCount":4,"confidence":0.96,"source":"openstreetmap","sourceIds":["node/13339363408","node/13339363409","node/13339363410","node/1519571323"]}},{"type":"Feature","geometry":{"type":"Point","coordinates":[69.355364,41.337221]},"properties":{"id":"transit_0899a1fa9b8f7660","name":"Navro'z bozori","nameEn":null,"types":["platform"],"refs":[],"recordCount":2,"confidence":0.88,"source":"openstreetmap","sourceIds":["node/4412941711","node/4412941712"]}},{"type":"Feature","geometry":{"type":"Point","coordinates":[69.25415,41.307236]},"properties":{"id":"transit_0c67f79cb4249984","name":"NBU","nameEn":null,"types":["stop_position"],"refs":[],"recordCount":1,"confidence":0.76,"source":"openstreetmap","sourceIds":["node/7832983582"]}},{"type":"Feature","geometry":{"type":"Point","coordinates":[69.256696,41.308485]},"properties":{"id":"transit_4852f4b00b622273","name":"NBU","nameEn":null,"types":["stop_position"],"refs":[],"recordCount":1,"confidence":0.76,"source":"openstreetmap","sourceIds":["node/9884373450"]}},{"type":"Feature","geometry":{"type":"Point","coordinates":[69.303545,41.32516]},"properties":{"id":"transit_a27e71aaa7d62205","name":"NBU sport klubi","nameEn":null,"types":["platform","stop_position"],"refs":[],"recordCount":2,"confidence":0.88,"source":"openstreetmap","sourceIds":["node/13317658860","node/5433691286"]}},{"type":"Feature","geometry":{"type":"Point","coordinates":[69.304532,41.32562]},"properties":{"id":"transit_f8996712d3716d80","name":"NBU sport klubi","nameEn":null,"types":["platform","stop_position"],"refs":[],"recordCount":2,"confidence":0.88,"source":"openstreetmap","sourceIds":["node/13317658859","node/5749477826"]}},{"type":"Feature","geometry":{"type":"Point","coordinates":[69.360059,41.341571]},"properties":{"id":"transit_74d646487799478a","name":"Nevrologiya sanatoriyasi","nameEn":null,"types":["platform"],"refs":[],"recordCount":2,"confidence":0.88,"source":"openstreetmap","sourceIds":["node/10159176117","node/4411487846"]}},{"type":"Feature","geometry":{"type":"Point","coordinates":[69.250337,41.297328]},"properties":{"id":"transit_583ae8413823f0a1","name":"Next savdo markazi","nameEn":null,"types":["platform"],"refs":[],"recordCount":1,"confidence":0.76,"source":"openstreetmap","sourceIds":["node/7824442842"]}},{"type":"Feature","geometry":{"type":"Point","coordinates":[69.250039,41.296441]},"properties":{"id":"transit_2e61e0edc14db4a9","name":"Next savdo markazi","nameEn":null,"types":["platform"],"refs":[],"recordCount":1,"confidence":0.76,"source":"openstreetmap","sourceIds":["node/13297153506"]}},{"type":"Feature","geometry":{"type":"Point","coordinates":[69.28255,41.325029]},"properties":{"id":"transit_5ab6c60e56ea75c6","name":"Niezbek yuli","nameEn":null,"types":["platform","stop_position"],"refs":[],"recordCount":2,"confidence":0.88,"source":"openstreetmap","sourceIds":["node/13317658881","node/5122068266"]}},{"type":"Feature","geometry":{"type":"Point","coordinates":[69.357979,41.266642]},"properties":{"id":"transit_5024f11c539154e8","name":"Nigora ko'chasi","nameEn":null,"types":["platform","stop_position"],"refs":[],"recordCount":3,"confidence":0.96,"source":"openstreetmap","sourceIds":["node/13626619112","node/13626619113","node/13626619114"]}},{"type":"Feature","geometry":{"type":"Point","coordinates":[69.343055,41.274522]},"properties":{"id":"transit_fb3bc56db31d054b","name":"Nodirabegim ko'chasi","nameEn":null,"types":["platform","stop_position"],"refs":[],"recordCount":3,"confidence":0.96,"source":"openstreetmap","sourceIds":["node/13626619180","node/13626619197","node/9763534217"]}},{"type":"Feature","geometry":{"type":"Point","coordinates":[69.409698,41.253591]},"properties":{"id":"transit_6a454fe65b3789c7","name":"Nomsiz avtobus bekati","nameEn":null,"types":["platform"],"refs":[],"recordCount":1,"confidence":0.66,"source":"openstreetmap","sourceIds":["node/245256269"]}},{"type":"Feature","geometry":{"type":"Point","coordinates":[69.31417,41.327314]},"properties":{"id":"transit_51901448a92720fe","name":"Nomsiz avtobus bekati","nameEn":null,"types":["stop_position"],"refs":[],"recordCount":1,"confidence":0.66,"source":"openstreetmap","sourceIds":["node/245511451"]}},{"type":"Feature","geometry":{"type":"Point","coordinates":[69.197078,41.254359]},"properties":{"id":"transit_c835dc86e9358d2b","name":"Nomsiz avtobus bekati","nameEn":null,"types":["stop_position"],"refs":[],"recordCount":2,"confidence":0.78,"source":"openstreetmap","sourceIds":["node/245834019","node/4698387877"]}},{"type":"Feature","geometry":{"type":"Point","coordinates":[69.342043,41.299112]},"properties":{"id":"transit_e6c73d735349d076","name":"Nomsiz avtobus bekati","nameEn":null,"types":["bus_stop"],"refs":[],"recordCount":1,"confidence":0.66,"source":"openstreetmap","sourceIds":["node/961964914"]}},{"type":"Feature","geometry":{"type":"Point","coordinates":[69.341364,41.295568]},"properties":{"id":"transit_98898bbc33b07c44","name":"Nomsiz avtobus bekati","nameEn":null,"types":["platform"],"refs":[],"recordCount":1,"confidence":0.66,"source":"openstreetmap","sourceIds":["node/961964919"]}},{"type":"Feature","geometry":{"type":"Point","coordinates":[69.35018,41.281931]},"properties":{"id":"transit_93d8e78d7bb28cd5","name":"Nomsiz avtobus bekati","nameEn":null,"types":["bus_stop"],"refs":[],"recordCount":1,"confidence":0.66,"source":"openstreetmap","sourceIds":["node/1107328516"]}},{"type":"Feature","geometry":{"type":"Point","coordinates":[69.334823,41.350229]},"properties":{"id":"transit_d46eb6937e3a907f","name":"Nomsiz avtobus bekati","nameEn":null,"types":["bus_stop"],"refs":[],"recordCount":1,"confidence":0.66,"source":"openstreetmap","sourceIds":["node/1146993735"]}},{"type":"Feature","geometry":{"type":"Point","coordinates":[69.259988,41.185451]},"properties":{"id":"transit_dadda004b737d4d0","name":"Nomsiz avtobus bekati","nameEn":null,"types":["bus_stop"],"refs":[],"recordCount":1,"confidence":0.66,"source":"openstreetmap","sourceIds":["node/1255474861"]}},{"type":"Feature","geometry":{"type":"Point","coordinates":[69.260166,41.185434]},"properties":{"id":"transit_cb809d8e03ee6f53","name":"Nomsiz avtobus bekati","nameEn":null,"types":["bus_stop"],"refs":[],"recordCount":1,"confidence":0.66,"source":"openstreetmap","sourceIds":["node/1255474894"]}},{"type":"Feature","geometry":{"type":"Point","coordinates":[69.334102,41.239704]},"properties":{"id":"transit_d15c3b7ca54b7198","name":"Nomsiz avtobus bekati","nameEn":null,"types":["stop_position"],"refs":[],"recordCount":1,"confidence":0.66,"source":"openstreetmap","sourceIds":["node/1324641703"]}},{"type":"Feature","geometry":{"type":"Point","coordinates":[69.174771,41.270347]},"properties":{"id":"transit_b374fd3f49b08e29","name":"Nomsiz avtobus bekati","nameEn":null,"types":["bus_stop"],"refs":[],"recordCount":1,"confidence":0.66,"source":"openstreetmap","sourceIds":["node/1332414546"]}},{"type":"Feature","geometry":{"type":"Point","coordinates":[69.1937,41.275539]},"properties":{"id":"transit_6a609cf95ed53490","name":"Nomsiz avtobus bekati","nameEn":null,"types":["bus_stop"],"refs":[],"recordCount":1,"confidence":0.66,"source":"openstreetmap","sourceIds":["node/1522920567"]}},{"type":"Feature","geometry":{"type":"Point","coordinates":[69.188481,41.274029]},"properties":{"id":"transit_34b58d5446779cfa","name":"Nomsiz avtobus bekati","nameEn":null,"types":["platform"],"refs":[],"recordCount":1,"confidence":0.66,"source":"openstreetmap","sourceIds":["node/1524571465"]}},{"type":"Feature","geometry":{"type":"Point","coordinates":[69.251253,41.327229]},"properties":{"id":"transit_0a2d8c647561872b","name":"Nomsiz avtobus bekati","nameEn":null,"types":["bus_stop"],"refs":[],"recordCount":1,"confidence":0.66,"source":"openstreetmap","sourceIds":["node/1539351121"]}},{"type":"Feature","geometry":{"type":"Point","coordinates":[69.281115,41.289466]},"properties":{"id":"transit_f41757da66531867","name":"Nomsiz avtobus bekati","nameEn":null,"types":["platform"],"refs":[],"recordCount":1,"confidence":0.66,"source":"openstreetmap","sourceIds":["node/1567441497"]}},{"type":"Feature","geometry":{"type":"Point","coordinates":[69.323144,41.336778]},"properties":{"id":"transit_3b40f9c797292a10","name":"Nomsiz avtobus bekati","nameEn":null,"types":["bus_stop"],"refs":[],"recordCount":1,"confidence":0.66,"source":"openstreetmap","sourceIds":["node/1595925268"]}},{"type":"Feature","geometry":{"type":"Point","coordinates":[69.33056,41.337462]},"properties":{"id":"transit_c6d6c1bcbe9571b1","name":"Nomsiz avtobus bekati","nameEn":null,"types":["bus_stop"],"refs":[],"recordCount":1,"confidence":0.66,"source":"openstreetmap","sourceIds":["node/1595925269"]}},{"type":"Feature","geometry":{"type":"Point","coordinates":[69.324134,41.336608]},"properties":{"id":"transit_49e991d032a8f69a","name":"Nomsiz avtobus bekati","nameEn":null,"types":["bus_stop"],"refs":[],"recordCount":1,"confidence":0.66,"source":"openstreetmap","sourceIds":["node/1595925271"]}},{"type":"Feature","geometry":{"type":"Point","coordinates":[69.329451,41.337475]},"properties":{"id":"transit_e89fc74ad60e3202","name":"Nomsiz avtobus bekati","nameEn":null,"types":["bus_stop"],"refs":[],"recordCount":1,"confidence":0.66,"source":"openstreetmap","sourceIds":["node/1595925272"]}},{"type":"Feature","geometry":{"type":"Point","coordinates":[69.174431,41.335408]},"properties":{"id":"transit_d831e59d77a39ea5","name":"Nomsiz avtobus bekati","nameEn":null,"types":["stop_position"],"refs":[],"recordCount":1,"confidence":0.66,"source":"openstreetmap","sourceIds":["node/1628077813"]}},{"type":"Feature","geometry":{"type":"Point","coordinates":[69.226435,41.358169]},"properties":{"id":"transit_0580edc839b2e11d","name":"Nomsiz avtobus bekati","nameEn":null,"types":["bus_stop"],"refs":[],"recordCount":1,"confidence":0.66,"source":"openstreetmap","sourceIds":["node/1762010218"]}},{"type":"Feature","geometry":{"type":"Point","coordinates":[69.225777,41.358021]},"properties":{"id":"transit_0e63a55cc30c944f","name":"Nomsiz avtobus bekati","nameEn":null,"types":["stop_position"],"refs":[],"recordCount":1,"confidence":0.66,"source":"openstreetmap","sourceIds":["node/1762010219"]}},{"type":"Feature","geometry":{"type":"Point","coordinates":[69.211978,41.351789]},"properties":{"id":"transit_a854501114e0d50c","name":"Nomsiz avtobus bekati","nameEn":null,"types":["bus_stop"],"refs":[],"recordCount":1,"confidence":0.66,"source":"openstreetmap","sourceIds":["node/1768304068"]}},{"type":"Feature","geometry":{"type":"Point","coordinates":[69.205747,41.358531]},"properties":{"id":"transit_c2783d2f3f218b6e","name":"Nomsiz avtobus bekati","nameEn":null,"types":["bus_stop"],"refs":[],"recordCount":1,"confidence":0.66,"source":"openstreetmap","sourceIds":["node/1768342792"]}},{"type":"Feature","geometry":{"type":"Point","coordinates":[69.209134,41.354878]},"properties":{"id":"transit_5b713f44571e538e","name":"Nomsiz avtobus bekati","nameEn":null,"types":["bus_stop"],"refs":[],"recordCount":2,"confidence":0.78,"source":"openstreetmap","sourceIds":["node/1768342808","node/4320565331"]}},{"type":"Feature","geometry":{"type":"Point","coordinates":[69.215446,41.347144]},"properties":{"id":"transit_de8f8c2f565f5976","name":"Nomsiz avtobus bekati","nameEn":null,"types":["bus_stop"],"refs":[],"recordCount":1,"confidence":0.66,"source":"openstreetmap","sourceIds":["node/1769767716"]}},{"type":"Feature","geometry":{"type":"Point","coordinates":[69.214661,41.34906]},"properties":{"id":"transit_0ff3870b2564eb19","name":"Nomsiz avtobus bekati","nameEn":null,"types":["bus_stop"],"refs":[],"recordCount":2,"confidence":0.78,"source":"openstreetmap","sourceIds":["node/1769767719","node/4320565289"]}},{"type":"Feature","geometry":{"type":"Point","coordinates":[69.216371,41.347819]},"properties":{"id":"transit_4faaf76b33d44b11","name":"Nomsiz avtobus bekati","nameEn":null,"types":["bus_stop"],"refs":[],"recordCount":1,"confidence":0.66,"source":"openstreetmap","sourceIds":["node/1769873178"]}},{"type":"Feature","geometry":{"type":"Point","coordinates":[69.23053,41.361345]},"properties":{"id":"transit_e918b0a5da732cab","name":"Nomsiz avtobus bekati","nameEn":null,"types":["bus_stop"],"refs":[],"recordCount":1,"confidence":0.66,"source":"openstreetmap","sourceIds":["node/1770424358"]}},{"type":"Feature","geometry":{"type":"Point","coordinates":[69.230606,41.361508]},"properties":{"id":"transit_66995e6bb0ab410a","name":"Nomsiz avtobus bekati","nameEn":null,"types":["bus_stop"],"refs":[],"recordCount":1,"confidence":0.66,"source":"openstreetmap","sourceIds":["node/1770565174"]}},{"type":"Feature","geometry":{"type":"Point","coordinates":[69.238885,41.355738]},"properties":{"id":"transit_be6962b35fef0477","name":"Nomsiz avtobus bekati","nameEn":null,"types":["bus_stop"],"refs":[],"recordCount":1,"confidence":0.66,"source":"openstreetmap","sourceIds":["node/1770578276"]}},{"type":"Feature","geometry":{"type":"Point","coordinates":[69.239289,41.35602]},"properties":{"id":"transit_524b4b1308dbf728","name":"Nomsiz avtobus bekati","nameEn":null,"types":["bus_stop"],"refs":[],"recordCount":1,"confidence":0.66,"source":"openstreetmap","sourceIds":["node/1770578280"]}},{"type":"Feature","geometry":{"type":"Point","coordinates":[69.243209,41.35692]},"properties":{"id":"transit_14b78afdcf948099","name":"Nomsiz avtobus bekati","nameEn":null,"types":["bus_stop"],"refs":[],"recordCount":1,"confidence":0.66,"source":"openstreetmap","sourceIds":["node/1770578289"]}},{"type":"Feature","geometry":{"type":"Point","coordinates":[69.252669,41.350969]},"properties":{"id":"transit_9bf6188c91db762c","name":"Nomsiz avtobus bekati","nameEn":null,"types":["bus_stop"],"refs":[],"recordCount":1,"confidence":0.66,"source":"openstreetmap","sourceIds":["node/1770609017"]}},{"type":"Feature","geometry":{"type":"Point","coordinates":[69.274213,41.328107]},"properties":{"id":"transit_e688ae6e52b9f6c6","name":"Nomsiz avtobus bekati","nameEn":null,"types":["platform"],"refs":[],"recordCount":1,"confidence":0.66,"source":"openstreetmap","sourceIds":["node/1773345991"]}},{"type":"Feature","geometry":{"type":"Point","coordinates":[69.275268,41.328487]},"properties":{"id":"transit_4b3a64adaf44f299","name":"Nomsiz avtobus bekati","nameEn":null,"types":["stop_position"],"refs":[],"recordCount":1,"confidence":0.66,"source":"openstreetmap","sourceIds":["node/1773345996"]}},{"type":"Feature","geometry":{"type":"Point","coordinates":[69.27476,41.329032]},"properties":{"id":"transit_56565c7b33999688","name":"Nomsiz avtobus bekati","nameEn":null,"types":["platform"],"refs":[],"recordCount":1,"confidence":0.66,"source":"openstreetmap","sourceIds":["node/1773345998"]}},{"type":"Feature","geometry":{"type":"Point","coordinates":[69.334222,41.350313]},"properties":{"id":"transit_69c078537f001c7e","name":"Nomsiz avtobus bekati","nameEn":null,"types":["bus_stop"],"refs":[],"recordCount":1,"confidence":0.66,"source":"openstreetmap","sourceIds":["node/1795353623"]}},{"type":"Feature","geometry":{"type":"Point","coordinates":[69.205026,41.226183]},"properties":{"id":"transit_52e6ece77ac19405","name":"Nomsiz avtobus bekati","nameEn":null,"types":["platform"],"refs":[],"recordCount":1,"confidence":0.66,"source":"openstreetmap","sourceIds":["node/1826084177"]}},{"type":"Feature","geometry":{"type":"Point","coordinates":[69.281895,41.299683]},"properties":{"id":"transit_0ad16049556e940c","name":"Nomsiz avtobus bekati","nameEn":null,"types":["platform"],"refs":[],"recordCount":1,"confidence":0.66,"source":"openstreetmap","sourceIds":["node/1826385778"]}},{"type":"Feature","geometry":{"type":"Point","coordinates":[69.242636,41.351038]},"properties":{"id":"transit_5213a1f61404c181","name":"Nomsiz avtobus bekati","nameEn":null,"types":["platform"],"refs":[],"recordCount":1,"confidence":0.66,"source":"openstreetmap","sourceIds":["node/1855699610"]}},{"type":"Feature","geometry":{"type":"Point","coordinates":[69.291273,41.327311]},"properties":{"id":"transit_2ea2525808956a54","name":"Nomsiz avtobus bekati","nameEn":null,"types":["bus_stop"],"refs":[],"recordCount":1,"confidence":0.66,"source":"openstreetmap","sourceIds":["node/1860743051"]}},{"type":"Feature","geometry":{"type":"Point","coordinates":[69.283427,41.333578]},"properties":{"id":"transit_13fb9e8617cea1cc","name":"Nomsiz avtobus bekati","nameEn":null,"types":["platform"],"refs":[],"recordCount":1,"confidence":0.66,"source":"openstreetmap","sourceIds":["node/1860773876"]}},{"type":"Feature","geometry":{"type":"Point","coordinates":[69.26831,41.268454]},"properties":{"id":"transit_ecdc429ae2f11f2f","name":"Nomsiz avtobus bekati","nameEn":null,"types":["bus_stop"],"refs":[],"recordCount":1,"confidence":0.66,"source":"openstreetmap","sourceIds":["node/1869750030"]}},{"type":"Feature","geometry":{"type":"Point","coordinates":[69.33549,41.34009]},"properties":{"id":"transit_e62800dc7ba7a0ce","name":"Nomsiz avtobus bekati","nameEn":null,"types":["bus_stop"],"refs":[],"recordCount":1,"confidence":0.66,"source":"openstreetmap","sourceIds":["node/1909548036"]}},{"type":"Feature","geometry":{"type":"Point","coordinates":[69.207603,41.301093]},"properties":{"id":"transit_677ac2fcc453b565","name":"Nomsiz avtobus bekati","nameEn":null,"types":["bus_stop"],"refs":[],"recordCount":1,"confidence":0.66,"source":"openstreetmap","sourceIds":["node/1937645348"]}},{"type":"Feature","geometry":{"type":"Point","coordinates":[69.207311,41.301243]},"properties":{"id":"transit_784d638b9b8ba242","name":"Nomsiz avtobus bekati","nameEn":null,"types":["bus_stop"],"refs":[],"recordCount":1,"confidence":0.66,"source":"openstreetmap","sourceIds":["node/1937645349"]}},{"type":"Feature","geometry":{"type":"Point","coordinates":[69.279192,41.293355]},"properties":{"id":"transit_d5d88c795799aecf","name":"Nomsiz avtobus bekati","nameEn":null,"types":["stop_position"],"refs":[],"recordCount":1,"confidence":0.66,"source":"openstreetmap","sourceIds":["node/1987277991"]}},{"type":"Feature","geometry":{"type":"Point","coordinates":[69.269972,41.34512]},"properties":{"id":"transit_1564f6482683c993","name":"Nomsiz avtobus bekati","nameEn":null,"types":["bus_stop"],"refs":[],"recordCount":1,"confidence":0.66,"source":"openstreetmap","sourceIds":["node/2003239856"]}},{"type":"Feature","geometry":{"type":"Point","coordinates":[69.267679,41.346329]},"properties":{"id":"transit_546dc495ce84cbb0","name":"Nomsiz avtobus bekati","nameEn":null,"types":["bus_stop"],"refs":[],"recordCount":1,"confidence":0.66,"source":"openstreetmap","sourceIds":["node/2003239857"]}},{"type":"Feature","geometry":{"type":"Point","coordinates":[69.267109,41.346909]},"properties":{"id":"transit_e088a2fb386c2d8c","name":"Nomsiz avtobus bekati","nameEn":null,"types":["bus_stop"],"refs":[],"recordCount":1,"confidence":0.66,"source":"openstreetmap","sourceIds":["node/2003239858"]}},{"type":"Feature","geometry":{"type":"Point","coordinates":[69.263474,41.348941]},"properties":{"id":"transit_2ed31df449f2fa07","name":"Nomsiz avtobus bekati","nameEn":null,"types":["platform"],"refs":[],"recordCount":1,"confidence":0.66,"source":"openstreetmap","sourceIds":["node/2003239859"]}},{"type":"Feature","geometry":{"type":"Point","coordinates":[69.262485,41.349648]},"properties":{"id":"transit_d1c1cb109772d69c","name":"Nomsiz avtobus bekati","nameEn":null,"types":["platform"],"refs":[],"recordCount":1,"confidence":0.66,"source":"openstreetmap","sourceIds":["node/2003239860"]}},{"type":"Feature","geometry":{"type":"Point","coordinates":[69.242446,41.358358]},"properties":{"id":"transit_05763cf56b6d242b","name":"Nomsiz avtobus bekati","nameEn":null,"types":["bus_stop"],"refs":[],"recordCount":1,"confidence":0.66,"source":"openstreetmap","sourceIds":["node/2003239928"]}},{"type":"Feature","geometry":{"type":"Point","coordinates":[69.239041,41.360845]},"properties":{"id":"transit_7db4249d8d6f053d","name":"Nomsiz avtobus bekati","nameEn":null,"types":["platform"],"refs":[],"recordCount":1,"confidence":0.66,"source":"openstreetmap","sourceIds":["node/2003239953"]}},{"type":"Feature","geometry":{"type":"Point","coordinates":[69.242064,41.361424]},"properties":{"id":"transit_501dc94e6586c97b","name":"Nomsiz avtobus bekati","nameEn":null,"types":["bus_stop"],"refs":[],"recordCount":1,"confidence":0.66,"source":"openstreetmap","sourceIds":["node/2003239962"]}},{"type":"Feature","geometry":{"type":"Point","coordinates":[69.240347,41.366987]},"properties":{"id":"transit_41cdf587276d6af8","name":"Nomsiz avtobus bekati","nameEn":null,"types":["bus_stop"],"refs":[],"recordCount":1,"confidence":0.66,"source":"openstreetmap","sourceIds":["node/2003239995"]}},{"type":"Feature","geometry":{"type":"Point","coordinates":[69.236428,41.36723]},"properties":{"id":"transit_f7cbff2ce3d8b2d9","name":"Nomsiz avtobus bekati","nameEn":null,"types":["bus_stop"],"refs":[],"recordCount":1,"confidence":0.66,"source":"openstreetmap","sourceIds":["node/2003240008"]}},{"type":"Feature","geometry":{"type":"Point","coordinates":[69.236259,41.367377]},"properties":{"id":"transit_020e0b137ad01f2c","name":"Nomsiz avtobus bekati","nameEn":null,"types":["bus_stop"],"refs":[],"recordCount":1,"confidence":0.66,"source":"openstreetmap","sourceIds":["node/2003240012"]}},{"type":"Feature","geometry":{"type":"Point","coordinates":[69.25427,41.354745]},"properties":{"id":"transit_b00cefde6e35aaec","name":"Nomsiz avtobus bekati","nameEn":null,"types":["bus_stop"],"refs":[],"recordCount":1,"confidence":0.66,"source":"openstreetmap","sourceIds":["node/2004230600"]}},{"type":"Feature","geometry":{"type":"Point","coordinates":[69.212962,41.198483]},"properties":{"id":"transit_6cbd40a00acacb9d","name":"Nomsiz avtobus bekati","nameEn":null,"types":["bus_stop"],"refs":[],"recordCount":1,"confidence":0.66,"source":"openstreetmap","sourceIds":["node/2005220412"]}},{"type":"Feature","geometry":{"type":"Point","coordinates":[69.212721,41.199184]},"properties":{"id":"transit_27da14043249147c","name":"Nomsiz avtobus bekati","nameEn":null,"types":["bus_stop"],"refs":[],"recordCount":1,"confidence":0.66,"source":"openstreetmap","sourceIds":["node/2005220415"]}},{"type":"Feature","geometry":{"type":"Point","coordinates":[69.350529,41.288199]},"properties":{"id":"transit_29b44d47fe31d0c4","name":"Nomsiz avtobus bekati","nameEn":null,"types":["bus_stop"],"refs":[],"recordCount":1,"confidence":0.66,"source":"openstreetmap","sourceIds":["node/2011945497"]}},{"type":"Feature","geometry":{"type":"Point","coordinates":[69.356947,41.290447]},"properties":{"id":"transit_0556b04a55778dbd","name":"Nomsiz avtobus bekati","nameEn":null,"types":["bus_stop"],"refs":[],"recordCount":1,"confidence":0.66,"source":"openstreetmap","sourceIds":["node/2011945500"]}},{"type":"Feature","geometry":{"type":"Point","coordinates":[69.338275,41.348157]},"properties":{"id":"transit_fd7729c08388281b","name":"Nomsiz avtobus bekati","nameEn":null,"types":["bus_stop"],"refs":[],"recordCount":1,"confidence":0.66,"source":"openstreetmap","sourceIds":["node/2012067472"]}},{"type":"Feature","geometry":{"type":"Point","coordinates":[69.33886,41.347475]},"properties":{"id":"transit_245722fc810ddb36","name":"Nomsiz avtobus bekati","nameEn":null,"types":["bus_stop"],"refs":[],"recordCount":1,"confidence":0.66,"source":"openstreetmap","sourceIds":["node/2012067473"]}},{"type":"Feature","geometry":{"type":"Point","coordinates":[69.309476,41.24446]},"properties":{"id":"transit_c115b0b780d91e18","name":"Nomsiz avtobus bekati","nameEn":null,"types":["stop_position"],"refs":[],"recordCount":1,"confidence":0.66,"source":"openstreetmap","sourceIds":["node/2012617887"]}},{"type":"Feature","geometry":{"type":"Point","coordinates":[69.259053,41.311368]},"properties":{"id":"transit_2809b55b9f4b462e","name":"Nomsiz avtobus bekati","nameEn":null,"types":["platform","stop_position"],"refs":[],"recordCount":2,"confidence":0.78,"source":"openstreetmap","sourceIds":["node/2105290649","node/7903314955"]}},{"type":"Feature","geometry":{"type":"Point","coordinates":[69.211716,41.302073]},"properties":{"id":"transit_1504907192611682","name":"Nomsiz avtobus bekati","nameEn":null,"types":["bus_stop"],"refs":[],"recordCount":1,"confidence":0.66,"source":"openstreetmap","sourceIds":["node/2363470617"]}},{"type":"Feature","geometry":{"type":"Point","coordinates":[69.166022,41.244773]},"properties":{"id":"transit_ecb5caec949dc3ae","name":"Nomsiz avtobus bekati","nameEn":null,"types":["platform"],"refs":[],"recordCount":1,"confidence":0.66,"source":"openstreetmap","sourceIds":["node/2423100603"]}},{"type":"Feature","geometry":{"type":"Point","coordinates":[69.265276,41.334078]},"properties":{"id":"transit_b5f99a407c37e616","name":"Nomsiz avtobus bekati","nameEn":null,"types":["platform"],"refs":[],"recordCount":1,"confidence":0.66,"source":"openstreetmap","sourceIds":["node/3061879131"]}},{"type":"Feature","geometry":{"type":"Point","coordinates":[69.284048,41.287966]},"properties":{"id":"transit_615e592331dd9a4a","name":"Nomsiz avtobus bekati","nameEn":null,"types":["platform"],"refs":[],"recordCount":1,"confidence":0.66,"source":"openstreetmap","sourceIds":["node/3128990947"]}},{"type":"Feature","geometry":{"type":"Point","coordinates":[69.20674,41.302112]},"properties":{"id":"transit_4f78307b2c5dce6a","name":"Nomsiz avtobus bekati","nameEn":null,"types":["bus_stop"],"refs":[],"recordCount":1,"confidence":0.66,"source":"openstreetmap","sourceIds":["node/3208605215"]}},{"type":"Feature","geometry":{"type":"Point","coordinates":[69.230775,41.261579]},"properties":{"id":"transit_88145dbf27c2ce9f","name":"Nomsiz avtobus bekati","nameEn":null,"types":["bus_stop"],"refs":[],"recordCount":1,"confidence":0.66,"source":"openstreetmap","sourceIds":["node/3480894786"]}},{"type":"Feature","geometry":{"type":"Point","coordinates":[69.321886,41.310329]},"properties":{"id":"transit_9dfb41c254a01576","name":"Nomsiz avtobus bekati","nameEn":null,"types":["stop_position"],"refs":[],"recordCount":1,"confidence":0.66,"source":"openstreetmap","sourceIds":["node/3614216141"]}},{"type":"Feature","geometry":{"type":"Point","coordinates":[69.250562,41.331865]},"properties":{"id":"transit_9d91096c4d21ebeb","name":"Nomsiz avtobus bekati","nameEn":null,"types":["bus_stop"],"refs":[],"recordCount":1,"confidence":0.66,"source":"openstreetmap","sourceIds":["node/3667640839"]}},{"type":"Feature","geometry":{"type":"Point","coordinates":[69.251982,41.332451]},"properties":{"id":"transit_cf49e2a359c396fb","name":"Nomsiz avtobus bekati","nameEn":null,"types":["platform"],"refs":[],"recordCount":1,"confidence":0.66,"source":"openstreetmap","sourceIds":["node/3667640840"]}},{"type":"Feature","geometry":{"type":"Point","coordinates":[69.271942,41.292102]},"properties":{"id":"transit_d9740a4f8e893057","name":"Nomsiz avtobus bekati","nameEn":null,"types":["stop_position"],"refs":[],"recordCount":1,"confidence":0.66,"source":"openstreetmap","sourceIds":["node/3803065391"]}},{"type":"Feature","geometry":{"type":"Point","coordinates":[69.313692,41.325259]},"properties":{"id":"transit_e40b36defa519863","name":"Nomsiz avtobus bekati","nameEn":null,"types":["stop_position"],"refs":[],"recordCount":1,"confidence":0.66,"source":"openstreetmap","sourceIds":["node/3917953659"]}},{"type":"Feature","geometry":{"type":"Point","coordinates":[69.358308,41.291011]},"properties":{"id":"transit_6dd3f2a00a9b6a6f","name":"Nomsiz avtobus bekati","nameEn":null,"types":["bus_stop"],"refs":[],"recordCount":1,"confidence":0.66,"source":"openstreetmap","sourceIds":["node/3929927253"]}},{"type":"Feature","geometry":{"type":"Point","coordinates":[69.356795,41.290643]},"properties":{"id":"transit_11c77fe205233410","name":"Nomsiz avtobus bekati","nameEn":null,"types":["platform"],"refs":[],"recordCount":1,"confidence":0.66,"source":"openstreetmap","sourceIds":["node/3929927254"]}},{"type":"Feature","geometry":{"type":"Point","coordinates":[69.356413,41.292153]},"properties":{"id":"transit_7c3d1215c3631035","name":"Nomsiz avtobus bekati","nameEn":null,"types":["platform"],"refs":[],"recordCount":1,"confidence":0.66,"source":"openstreetmap","sourceIds":["node/3929927255"]}},{"type":"Feature","geometry":{"type":"Point","coordinates":[69.36,41.285513]},"properties":{"id":"transit_ee0d93f812ffeb6a","name":"Nomsiz avtobus bekati","nameEn":null,"types":["bus_stop"],"refs":[],"recordCount":1,"confidence":0.66,"source":"openstreetmap","sourceIds":["node/3929927256"]}},{"type":"Feature","geometry":{"type":"Point","coordinates":[69.360835,41.280285]},"properties":{"id":"transit_fc1a5814899b312e","name":"Nomsiz avtobus bekati","nameEn":null,"types":["bus_stop"],"refs":[],"recordCount":1,"confidence":0.66,"source":"openstreetmap","sourceIds":["node/3929928557"]}},{"type":"Feature","geometry":{"type":"Point","coordinates":[69.361365,41.281285]},"properties":{"id":"transit_9c58ba7925c53f36","name":"Nomsiz avtobus bekati","nameEn":null,"types":["bus_stop"],"refs":[],"recordCount":1,"confidence":0.66,"source":"openstreetmap","sourceIds":["node/3929928558"]}},{"type":"Feature","geometry":{"type":"Point","coordinates":[69.362058,41.277008]},"properties":{"id":"transit_bdefc30ecad8f95e","name":"Nomsiz avtobus bekati","nameEn":null,"types":["bus_stop"],"refs":[],"recordCount":1,"confidence":0.66,"source":"openstreetmap","sourceIds":["node/3929928559"]}},{"type":"Feature","geometry":{"type":"Point","coordinates":[69.174058,41.360824]},"properties":{"id":"transit_04baf38fbffc08a1","name":"Nomsiz avtobus bekati","nameEn":null,"types":["stop_position"],"refs":[],"recordCount":1,"confidence":0.66,"source":"openstreetmap","sourceIds":["node/3957625881"]}},{"type":"Feature","geometry":{"type":"Point","coordinates":[69.245644,41.293425]},"properties":{"id":"transit_79cf48db6118e977","name":"Nomsiz avtobus bekati","nameEn":null,"types":["bus_stop"],"refs":[],"recordCount":1,"confidence":0.66,"source":"openstreetmap","sourceIds":["node/3992324612"]}},{"type":"Feature","geometry":{"type":"Point","coordinates":[69.249907,41.293149]},"properties":{"id":"transit_387c25c42a78f567","name":"Nomsiz avtobus bekati","nameEn":null,"types":["bus_stop"],"refs":[],"recordCount":1,"confidence":0.66,"source":"openstreetmap","sourceIds":["node/3992324614"]}},{"type":"Feature","geometry":{"type":"Point","coordinates":[69.249774,41.293083]},"properties":{"id":"transit_3f1ed61c68ddcddd","name":"Nomsiz avtobus bekati","nameEn":null,"types":["bus_stop"],"refs":[],"recordCount":1,"confidence":0.66,"source":"openstreetmap","sourceIds":["node/3992324615"]}},{"type":"Feature","geometry":{"type":"Point","coordinates":[69.237928,41.2123]},"properties":{"id":"transit_74bd4ebb541f8ae1","name":"Nomsiz avtobus bekati","nameEn":null,"types":["bus_stop"],"refs":[],"recordCount":1,"confidence":0.66,"source":"openstreetmap","sourceIds":["node/4103049890"]}},{"type":"Feature","geometry":{"type":"Point","coordinates":[69.270768,41.366944]},"properties":{"id":"transit_5ad6852a29f311dd","name":"Nomsiz avtobus bekati","nameEn":null,"types":["stop_position"],"refs":[],"recordCount":1,"confidence":0.66,"source":"openstreetmap","sourceIds":["node/4103359989"]}},{"type":"Feature","geometry":{"type":"Point","coordinates":[69.240331,41.218102]},"properties":{"id":"transit_5fdac58d345ad003","name":"Nomsiz avtobus bekati","nameEn":null,"types":["bus_stop"],"refs":[],"recordCount":1,"confidence":0.66,"source":"openstreetmap","sourceIds":["node/4103997995"]}},{"type":"Feature","geometry":{"type":"Point","coordinates":[69.239341,41.217962]},"properties":{"id":"transit_e62a58105052aeab","name":"Nomsiz avtobus bekati","nameEn":null,"types":["bus_stop"],"refs":[],"recordCount":1,"confidence":0.66,"source":"openstreetmap","sourceIds":["node/4103997996"]}},{"type":"Feature","geometry":{"type":"Point","coordinates":[69.230585,41.2141]},"properties":{"id":"transit_0d2e36dd335bd5f7","name":"Nomsiz avtobus bekati","nameEn":null,"types":["bus_stop"],"refs":[],"recordCount":1,"confidence":0.66,"source":"openstreetmap","sourceIds":["node/4103997998"]}},{"type":"Feature","geometry":{"type":"Point","coordinates":[69.235752,41.216176]},"properties":{"id":"transit_e3303a6ac691ca80","name":"Nomsiz avtobus bekati","nameEn":null,"types":["bus_stop"],"refs":[],"recordCount":1,"confidence":0.66,"source":"openstreetmap","sourceIds":["node/4104026394"]}},{"type":"Feature","geometry":{"type":"Point","coordinates":[69.234059,41.215747]},"properties":{"id":"transit_8c904efb2c3a8610","name":"Nomsiz avtobus bekati","nameEn":null,"types":["bus_stop"],"refs":[],"recordCount":1,"confidence":0.66,"source":"openstreetmap","sourceIds":["node/4104026490"]}},{"type":"Feature","geometry":{"type":"Point","coordinates":[69.237747,41.212707]},"properties":{"id":"transit_868c77a3d662fa94","name":"Nomsiz avtobus bekati","nameEn":null,"types":["bus_stop"],"refs":[],"recordCount":1,"confidence":0.66,"source":"openstreetmap","sourceIds":["node/4104026491"]}},{"type":"Feature","geometry":{"type":"Point","coordinates":[69.185282,41.364106]},"properties":{"id":"transit_437007bd51210a18","name":"Nomsiz avtobus bekati","nameEn":null,"types":["bus_stop"],"refs":[],"recordCount":1,"confidence":0.66,"source":"openstreetmap","sourceIds":["node/4116711690"]}},{"type":"Feature","geometry":{"type":"Point","coordinates":[69.276921,41.345916]},"properties":{"id":"transit_0a389d3dab26be18","name":"Nomsiz avtobus bekati","nameEn":null,"types":["bus_stop"],"refs":[],"recordCount":1,"confidence":0.66,"source":"openstreetmap","sourceIds":["node/4119329036"]}},{"type":"Feature","geometry":{"type":"Point","coordinates":[69.193257,41.311682]},"properties":{"id":"transit_3cd0918feea0442a","name":"Nomsiz avtobus bekati","nameEn":null,"types":["bus_stop"],"refs":[],"recordCount":1,"confidence":0.66,"source":"openstreetmap","sourceIds":["node/4203714332"]}},{"type":"Feature","geometry":{"type":"Point","coordinates":[69.298909,41.33287]},"properties":{"id":"transit_83226f3b7a50dbd1","name":"Nomsiz avtobus bekati","nameEn":null,"types":["bus_stop"],"refs":[],"recordCount":1,"confidence":0.66,"source":"openstreetmap","sourceIds":["node/4221321430"]}},{"type":"Feature","geometry":{"type":"Point","coordinates":[69.298202,41.332947]},"properties":{"id":"transit_3957c5b1dfbe6603","name":"Nomsiz avtobus bekati","nameEn":null,"types":["bus_stop"],"refs":[],"recordCount":1,"confidence":0.66,"source":"openstreetmap","sourceIds":["node/4221322013"]}},{"type":"Feature","geometry":{"type":"Point","coordinates":[69.194135,41.298336]},"properties":{"id":"transit_eda1271469282052","name":"Nomsiz avtobus bekati","nameEn":null,"types":["stop_position"],"refs":[],"recordCount":1,"confidence":0.66,"source":"openstreetmap","sourceIds":["node/4257022590"]}},{"type":"Feature","geometry":{"type":"Point","coordinates":[69.19392,41.297311]},"properties":{"id":"transit_72121b849400e1c5","name":"Nomsiz avtobus bekati","nameEn":null,"types":["stop_position"],"refs":[],"recordCount":1,"confidence":0.66,"source":"openstreetmap","sourceIds":["node/4257089989"]}},{"type":"Feature","geometry":{"type":"Point","coordinates":[69.212067,41.35188]},"properties":{"id":"transit_7c4d273ed53ab95c","name":"Nomsiz avtobus bekati","nameEn":null,"types":["bus_stop"],"refs":[],"recordCount":1,"confidence":0.66,"source":"openstreetmap","sourceIds":["node/4320565318"]}},{"type":"Feature","geometry":{"type":"Point","coordinates":[69.310852,41.371282]},"properties":{"id":"transit_18a2a0f26f1899e7","name":"Nomsiz avtobus bekati","nameEn":null,"types":["bus_stop"],"refs":[],"recordCount":1,"confidence":0.66,"source":"openstreetmap","sourceIds":["node/4325764477"]}},{"type":"Feature","geometry":{"type":"Point","coordinates":[69.196113,41.227482]},"properties":{"id":"transit_fa5326d016c14514","name":"Nomsiz avtobus bekati","nameEn":null,"types":["bus_stop"],"refs":[],"recordCount":1,"confidence":0.66,"source":"openstreetmap","sourceIds":["node/4346828862"]}},{"type":"Feature","geometry":{"type":"Point","coordinates":[69.215766,41.252887]},"properties":{"id":"transit_533cefcc3dd46d03","name":"Nomsiz avtobus bekati","nameEn":null,"types":["platform"],"refs":[],"recordCount":1,"confidence":0.66,"source":"openstreetmap","sourceIds":["node/4346856112"]}},{"type":"Feature","geometry":{"type":"Point","coordinates":[69.331705,41.305207]},"properties":{"id":"transit_c7e72a72863f69a8","name":"Nomsiz avtobus bekati","nameEn":null,"types":["platform"],"refs":[],"recordCount":1,"confidence":0.66,"source":"openstreetmap","sourceIds":["node/4373939947"]}},{"type":"Feature","geometry":{"type":"Point","coordinates":[69.211517,41.223601]},"properties":{"id":"transit_94ad9becb6f7abca","name":"Nomsiz avtobus bekati","nameEn":null,"types":["bus_stop"],"refs":[],"recordCount":1,"confidence":0.66,"source":"openstreetmap","sourceIds":["node/4378528289"]}},{"type":"Feature","geometry":{"type":"Point","coordinates":[69.21846,41.226463]},"properties":{"id":"transit_1faca5166cd7716a","name":"Nomsiz avtobus bekati","nameEn":null,"types":["bus_stop"],"refs":[],"recordCount":1,"confidence":0.66,"source":"openstreetmap","sourceIds":["node/4378701390"]}},{"type":"Feature","geometry":{"type":"Point","coordinates":[69.21517,41.225146]},"properties":{"id":"transit_943b4554e73d9191","name":"Nomsiz avtobus bekati","nameEn":null,"types":["bus_stop"],"refs":[],"recordCount":1,"confidence":0.66,"source":"openstreetmap","sourceIds":["node/4379144098"]}},{"type":"Feature","geometry":{"type":"Point","coordinates":[69.328583,41.315331]},"properties":{"id":"transit_f94fee4369d48b87","name":"Nomsiz avtobus bekati","nameEn":null,"types":["platform","stop_position"],"refs":[],"recordCount":2,"confidence":0.78,"source":"openstreetmap","sourceIds":["node/4400692934","node/9020785702"]}},{"type":"Feature","geometry":{"type":"Point","coordinates":[69.213733,41.327917]},"properties":{"id":"transit_e81c88966ef41b02","name":"Nomsiz avtobus bekati","nameEn":null,"types":["bus_stop"],"refs":[],"recordCount":1,"confidence":0.66,"source":"openstreetmap","sourceIds":["node/4405715790"]}},{"type":"Feature","geometry":{"type":"Point","coordinates":[69.254942,41.280577]},"properties":{"id":"transit_6ff9cce6f56f9b35","name":"Nomsiz avtobus bekati","nameEn":null,"types":["platform"],"refs":[],"recordCount":1,"confidence":0.66,"source":"openstreetmap","sourceIds":["node/4411020111"]}},{"type":"Feature","geometry":{"type":"Point","coordinates":[69.196317,41.318061]},"properties":{"id":"transit_038a80e2166225f6","name":"Nomsiz avtobus bekati","nameEn":null,"types":["platform"],"refs":[],"recordCount":1,"confidence":0.66,"source":"openstreetmap","sourceIds":["node/4411624891"]}},{"type":"Feature","geometry":{"type":"Point","coordinates":[69.219538,41.379507]},"properties":{"id":"transit_f9576cf893a87d9d","name":"Nomsiz avtobus bekati","nameEn":null,"types":["bus_stop"],"refs":[],"recordCount":1,"confidence":0.66,"source":"openstreetmap","sourceIds":["node/4428672290"]}},{"type":"Feature","geometry":{"type":"Point","coordinates":[69.215847,41.383427]},"properties":{"id":"transit_07c7f865ceb04bca","name":"Nomsiz avtobus bekati","nameEn":null,"types":["platform","stop_position"],"refs":[],"recordCount":2,"confidence":0.78,"source":"openstreetmap","sourceIds":["node/13191349652","node/4428674291"]}},{"type":"Feature","geometry":{"type":"Point","coordinates":[69.220275,41.380021]},"properties":{"id":"transit_47fe41919d769f1e","name":"Nomsiz avtobus bekati","nameEn":null,"types":["bus_stop"],"refs":[],"recordCount":1,"confidence":0.66,"source":"openstreetmap","sourceIds":["node/4428680489"]}},{"type":"Feature","geometry":{"type":"Point","coordinates":[69.302823,41.308004]},"properties":{"id":"transit_1690101656adc4d8","name":"Nomsiz avtobus bekati","nameEn":null,"types":["stop_position"],"refs":[],"recordCount":1,"confidence":0.66,"source":"openstreetmap","sourceIds":["node/4475397913"]}},{"type":"Feature","geometry":{"type":"Point","coordinates":[69.309768,41.315346]},"properties":{"id":"transit_7a678646321049e5","name":"Nomsiz avtobus bekati","nameEn":null,"types":["stop_position"],"refs":[],"recordCount":1,"confidence":0.66,"source":"openstreetmap","sourceIds":["node/4475397915"]}},{"type":"Feature","geometry":{"type":"Point","coordinates":[69.202248,41.283024]},"properties":{"id":"transit_de6648d40bc1aaa8","name":"Nomsiz avtobus bekati","nameEn":null,"types":["stop_position"],"refs":[],"recordCount":1,"confidence":0.66,"source":"openstreetmap","sourceIds":["node/4479037966"]}},{"type":"Feature","geometry":{"type":"Point","coordinates":[69.330635,41.305215]},"properties":{"id":"transit_1e867461fd368b35","name":"Nomsiz avtobus bekati","nameEn":null,"types":["platform"],"refs":[],"recordCount":1,"confidence":0.66,"source":"openstreetmap","sourceIds":["node/4479057423"]}},{"type":"Feature","geometry":{"type":"Point","coordinates":[69.351723,41.297034]},"properties":{"id":"transit_cdb1a2732e719099","name":"Nomsiz avtobus bekati","nameEn":null,"types":["bus_stop"],"refs":[],"recordCount":1,"confidence":0.66,"source":"openstreetmap","sourceIds":["node/4488037489"]}},{"type":"Feature","geometry":{"type":"Point","coordinates":[69.223863,41.203147]},"properties":{"id":"transit_980c442c4e9b0f26","name":"Nomsiz avtobus bekati","nameEn":null,"types":["bus_stop"],"refs":[],"recordCount":1,"confidence":0.66,"source":"openstreetmap","sourceIds":["node/4529814692"]}},{"type":"Feature","geometry":{"type":"Point","coordinates":[69.227187,41.199406]},"properties":{"id":"transit_b8da3ecdb62df51f","name":"Nomsiz avtobus bekati","nameEn":null,"types":["bus_stop"],"refs":[],"recordCount":1,"confidence":0.66,"source":"openstreetmap","sourceIds":["node/4529821594"]}},{"type":"Feature","geometry":{"type":"Point","coordinates":[69.219879,41.193184]},"properties":{"id":"transit_9aa8565bcd840596","name":"Nomsiz avtobus bekati","nameEn":null,"types":["bus_stop"],"refs":[],"recordCount":1,"confidence":0.66,"source":"openstreetmap","sourceIds":["node/4529852590"]}},{"type":"Feature","geometry":{"type":"Point","coordinates":[69.229861,41.205549]},"properties":{"id":"transit_1fd52d007fba22f9","name":"Nomsiz avtobus bekati","nameEn":null,"types":["platform"],"refs":[],"recordCount":1,"confidence":0.66,"source":"openstreetmap","sourceIds":["node/4529852794"]}},{"type":"Feature","geometry":{"type":"Point","coordinates":[69.163547,41.262496]},"properties":{"id":"transit_c39beae20ac578f6","name":"Nomsiz avtobus bekati","nameEn":null,"types":["platform"],"refs":[],"recordCount":1,"confidence":0.66,"source":"openstreetmap","sourceIds":["node/4537730889"]}},{"type":"Feature","geometry":{"type":"Point","coordinates":[69.379671,41.350699]},"properties":{"id":"transit_f53c11a8a28be6a9","name":"Nomsiz avtobus bekati","nameEn":null,"types":["platform"],"refs":[],"recordCount":1,"confidence":0.66,"source":"openstreetmap","sourceIds":["node/4552910589"]}},{"type":"Feature","geometry":{"type":"Point","coordinates":[69.159771,41.257914]},"properties":{"id":"transit_eeeee6ff83c6aafe","name":"Nomsiz avtobus bekati","nameEn":null,"types":["platform"],"refs":[],"recordCount":1,"confidence":0.66,"source":"openstreetmap","sourceIds":["node/4559150392"]}},{"type":"Feature","geometry":{"type":"Point","coordinates":[69.207383,41.264075]},"properties":{"id":"transit_088e633bce10301e","name":"Nomsiz avtobus bekati","nameEn":null,"types":["bus_stop"],"refs":[],"recordCount":1,"confidence":0.66,"source":"openstreetmap","sourceIds":["node/4563547823"]}},{"type":"Feature","geometry":{"type":"Point","coordinates":[69.297471,41.353329]},"properties":{"id":"transit_33d68c2a0cce8f31","name":"Nomsiz avtobus bekati","nameEn":null,"types":["platform","stop_position"],"refs":[],"recordCount":2,"confidence":0.78,"source":"openstreetmap","sourceIds":["node/4588972790","node/9879155805"]}},{"type":"Feature","geometry":{"type":"Point","coordinates":[69.32247,41.310084]},"properties":{"id":"transit_18b466cb4cd8dac9","name":"Nomsiz avtobus bekati","nameEn":null,"types":["stop_position"],"refs":[],"recordCount":1,"confidence":0.66,"source":"openstreetmap","sourceIds":["node/4600979352"]}},{"type":"Feature","geometry":{"type":"Point","coordinates":[69.21809,41.200794]},"properties":{"id":"transit_13ee465368c25232","name":"Nomsiz avtobus bekati","nameEn":null,"types":["platform"],"refs":[],"recordCount":1,"confidence":0.66,"source":"openstreetmap","sourceIds":["node/4605753391"]}},{"type":"Feature","geometry":{"type":"Point","coordinates":[69.308717,41.368909]},"properties":{"id":"transit_79f402602e9cd7cd","name":"Nomsiz avtobus bekati","nameEn":null,"types":["platform"],"refs":[],"recordCount":1,"confidence":0.66,"source":"openstreetmap","sourceIds":["node/4656998905"]}},{"type":"Feature","geometry":{"type":"Point","coordinates":[69.277774,41.360581]},"properties":{"id":"transit_510d96daa6f590e4","name":"Nomsiz avtobus bekati","nameEn":null,"types":["bus_stop"],"refs":[],"recordCount":1,"confidence":0.66,"source":"openstreetmap","sourceIds":["node/4659411638"]}},{"type":"Feature","geometry":{"type":"Point","coordinates":[69.275112,41.36331]},"properties":{"id":"transit_3204fdd1b78b68ee","name":"Nomsiz avtobus bekati","nameEn":null,"types":["bus_stop"],"refs":[],"recordCount":1,"confidence":0.66,"source":"openstreetmap","sourceIds":["node/4680619632"]}},{"type":"Feature","geometry":{"type":"Point","coordinates":[69.274253,41.364323]},"properties":{"id":"transit_577868cd7032b80b","name":"Nomsiz avtobus bekati","nameEn":null,"types":["bus_stop"],"refs":[],"recordCount":1,"confidence":0.66,"source":"openstreetmap","sourceIds":["node/4680619674"]}},{"type":"Feature","geometry":{"type":"Point","coordinates":[69.292506,41.335111]},"properties":{"id":"transit_188a09fbde07d6ec","name":"Nomsiz avtobus bekati","nameEn":null,"types":["bus_stop"],"refs":[],"recordCount":1,"confidence":0.66,"source":"openstreetmap","sourceIds":["node/4685077989"]}},{"type":"Feature","geometry":{"type":"Point","coordinates":[69.209978,41.316291]},"properties":{"id":"transit_0b31bfba19abc3f9","name":"Nomsiz avtobus bekati","nameEn":null,"types":["stop_position"],"refs":[],"recordCount":1,"confidence":0.66,"source":"openstreetmap","sourceIds":["node/4731509694"]}},{"type":"Feature","geometry":{"type":"Point","coordinates":[69.21014,41.317218]},"properties":{"id":"transit_2116a5e681f85a3d","name":"Nomsiz avtobus bekati","nameEn":null,"types":["stop_position"],"refs":[],"recordCount":1,"confidence":0.66,"source":"openstreetmap","sourceIds":["node/4731526432"]}},{"type":"Feature","geometry":{"type":"Point","coordinates":[69.278806,41.271512]},"properties":{"id":"transit_1dfd424b812307c1","name":"Nomsiz avtobus bekati","nameEn":null,"types":["platform"],"refs":[],"recordCount":1,"confidence":0.66,"source":"openstreetmap","sourceIds":["node/4769665221"]}},{"type":"Feature","geometry":{"type":"Point","coordinates":[69.268638,41.330827]},"properties":{"id":"transit_937b635da7ccf5c0","name":"Nomsiz avtobus bekati","nameEn":null,"types":["bus_stop"],"refs":[],"recordCount":1,"confidence":0.66,"source":"openstreetmap","sourceIds":["node/4799655821"]}},{"type":"Feature","geometry":{"type":"Point","coordinates":[69.264172,41.329976]},"properties":{"id":"transit_a0fe66bd09b428bf","name":"Nomsiz avtobus bekati","nameEn":null,"types":["bus_stop"],"refs":[],"recordCount":1,"confidence":0.66,"source":"openstreetmap","sourceIds":["node/4799655822"]}},{"type":"Feature","geometry":{"type":"Point","coordinates":[69.380052,41.25719]},"properties":{"id":"transit_8cb41d1999cf2e5c","name":"Nomsiz avtobus bekati","nameEn":null,"types":["stop_position"],"refs":[],"recordCount":1,"confidence":0.66,"source":"openstreetmap","sourceIds":["node/4836995622"]}},{"type":"Feature","geometry":{"type":"Point","coordinates":[69.31479,41.357192]},"properties":{"id":"transit_dcdc307481ea8ee4","name":"Nomsiz avtobus bekati","nameEn":null,"types":["bus_stop"],"refs":[],"recordCount":1,"confidence":0.66,"source":"openstreetmap","sourceIds":["node/4939431626"]}},{"type":"Feature","geometry":{"type":"Point","coordinates":[69.338967,41.279429]},"properties":{"id":"transit_e33db1365e593c30","name":"Nomsiz avtobus bekati","nameEn":null,"types":["platform"],"refs":[],"recordCount":1,"confidence":0.66,"source":"openstreetmap","sourceIds":["node/5134716893"]}},{"type":"Feature","geometry":{"type":"Point","coordinates":[69.28707,41.372052]},"properties":{"id":"transit_c213e08c3d5ff2bc","name":"Nomsiz avtobus bekati","nameEn":null,"types":["bus_stop"],"refs":[],"recordCount":1,"confidence":0.66,"source":"openstreetmap","sourceIds":["node/5175134423"]}},{"type":"Feature","geometry":{"type":"Point","coordinates":[69.190543,41.210701]},"properties":{"id":"transit_62ca705415199621","name":"Nomsiz avtobus bekati","nameEn":null,"types":["bus_stop"],"refs":[],"recordCount":1,"confidence":0.66,"source":"openstreetmap","sourceIds":["node/5297373709"]}},{"type":"Feature","geometry":{"type":"Point","coordinates":[69.189772,41.209965]},"properties":{"id":"transit_0a415621ddd42f3a","name":"Nomsiz avtobus bekati","nameEn":null,"types":["bus_stop"],"refs":[],"recordCount":1,"confidence":0.66,"source":"openstreetmap","sourceIds":["node/5297373710"]}},{"type":"Feature","geometry":{"type":"Point","coordinates":[69.194163,41.188037]},"properties":{"id":"transit_5ef42e6418b564f2","name":"Nomsiz avtobus bekati","nameEn":null,"types":["platform"],"refs":[],"recordCount":1,"confidence":0.66,"source":"openstreetmap","sourceIds":["node/5297373713"]}},{"type":"Feature","geometry":{"type":"Point","coordinates":[69.190147,41.192121]},"properties":{"id":"transit_bef738f1ee0f55a1","name":"Nomsiz avtobus bekati","nameEn":null,"types":["bus_stop"],"refs":[],"recordCount":1,"confidence":0.66,"source":"openstreetmap","sourceIds":["node/5297373715"]}},{"type":"Feature","geometry":{"type":"Point","coordinates":[69.189651,41.192881]},"properties":{"id":"transit_88b135f96c41c515","name":"Nomsiz avtobus bekati","nameEn":null,"types":["platform"],"refs":[],"recordCount":1,"confidence":0.66,"source":"openstreetmap","sourceIds":["node/5297373716"]}},{"type":"Feature","geometry":{"type":"Point","coordinates":[69.382937,41.339012]},"properties":{"id":"transit_b111dcc5deefef4b","name":"Nomsiz avtobus bekati","nameEn":null,"types":["bus_stop"],"refs":[],"recordCount":1,"confidence":0.66,"source":"openstreetmap","sourceIds":["node/5372215723"]}},{"type":"Feature","geometry":{"type":"Point","coordinates":[69.375004,41.330022]},"properties":{"id":"transit_c19aaaecab7a02da","name":"Nomsiz avtobus bekati","nameEn":null,"types":["bus_stop"],"refs":[],"recordCount":1,"confidence":0.66,"source":"openstreetmap","sourceIds":["node/5392817833"]}},{"type":"Feature","geometry":{"type":"Point","coordinates":[69.253014,41.310521]},"properties":{"id":"transit_7cbbe0491be6ee9e","name":"Nomsiz avtobus bekati","nameEn":null,"types":["platform"],"refs":[],"recordCount":1,"confidence":0.66,"source":"openstreetmap","sourceIds":["node/5433389162"]}},{"type":"Feature","geometry":{"type":"Point","coordinates":[69.232455,41.330856]},"properties":{"id":"transit_5a552209eedff2e0","name":"Nomsiz avtobus bekati","nameEn":null,"types":["platform","stop_position"],"refs":[],"recordCount":2,"confidence":0.78,"source":"openstreetmap","sourceIds":["node/5434514268","node/8051671047"]}},{"type":"Feature","geometry":{"type":"Point","coordinates":[69.354305,41.349667]},"properties":{"id":"transit_780de7976298b94a","name":"Nomsiz avtobus bekati","nameEn":null,"types":["platform"],"refs":[],"recordCount":1,"confidence":0.66,"source":"openstreetmap","sourceIds":["node/5439297363"]}},{"type":"Feature","geometry":{"type":"Point","coordinates":[69.193956,41.318348]},"properties":{"id":"transit_effd9bc816af181a","name":"Nomsiz avtobus bekati","nameEn":null,"types":["platform"],"refs":[],"recordCount":1,"confidence":0.66,"source":"openstreetmap","sourceIds":["node/5439939760"]}},{"type":"Feature","geometry":{"type":"Point","coordinates":[69.222766,41.194235]},"properties":{"id":"transit_b83d40f5b9f133a6","name":"Nomsiz avtobus bekati","nameEn":null,"types":["platform"],"refs":[],"recordCount":1,"confidence":0.66,"source":"openstreetmap","sourceIds":["node/5602057141"]}},{"type":"Feature","geometry":{"type":"Point","coordinates":[69.228881,41.196736]},"properties":{"id":"transit_3d20c6b069b5fdda","name":"Nomsiz avtobus bekati","nameEn":null,"types":["platform"],"refs":[],"recordCount":1,"confidence":0.66,"source":"openstreetmap","sourceIds":["node/5602057142"]}},{"type":"Feature","geometry":{"type":"Point","coordinates":[69.228373,41.197624]},"properties":{"id":"transit_f419289d66304187","name":"Nomsiz avtobus bekati","nameEn":null,"types":["platform"],"refs":[],"recordCount":1,"confidence":0.66,"source":"openstreetmap","sourceIds":["node/5602057143"]}},{"type":"Feature","geometry":{"type":"Point","coordinates":[69.226503,41.200293]},"properties":{"id":"transit_b0d128b8e40c539f","name":"Nomsiz avtobus bekati","nameEn":null,"types":["platform"],"refs":[],"recordCount":1,"confidence":0.66,"source":"openstreetmap","sourceIds":["node/5602057152"]}},{"type":"Feature","geometry":{"type":"Point","coordinates":[69.346295,41.232439]},"properties":{"id":"transit_64074b5b7a052360","name":"Nomsiz avtobus bekati","nameEn":null,"types":["bus_stop"],"refs":[],"recordCount":1,"confidence":0.66,"source":"openstreetmap","sourceIds":["node/5659644122"]}},{"type":"Feature","geometry":{"type":"Point","coordinates":[69.345999,41.23218]},"properties":{"id":"transit_8418cd2bf258b622","name":"Nomsiz avtobus bekati","nameEn":null,"types":["bus_stop"],"refs":[],"recordCount":1,"confidence":0.66,"source":"openstreetmap","sourceIds":["node/5659644123"]}},{"type":"Feature","geometry":{"type":"Point","coordinates":[69.245058,41.166579]},"properties":{"id":"transit_f0174d0871471f3c","name":"Nomsiz avtobus bekati","nameEn":null,"types":["platform"],"refs":[],"recordCount":1,"confidence":0.66,"source":"openstreetmap","sourceIds":["node/5698510453"]}},{"type":"Feature","geometry":{"type":"Point","coordinates":[69.24649,41.165952]},"properties":{"id":"transit_f0362f32bea887e7","name":"Nomsiz avtobus bekati","nameEn":null,"types":["platform"],"refs":[],"recordCount":1,"confidence":0.66,"source":"openstreetmap","sourceIds":["node/5698510454"]}},{"type":"Feature","geometry":{"type":"Point","coordinates":[69.303542,41.323873]},"properties":{"id":"transit_2b7e6b2aef930d9c","name":"Nomsiz avtobus bekati","nameEn":null,"types":["bus_stop"],"refs":[],"recordCount":1,"confidence":0.66,"source":"openstreetmap","sourceIds":["node/5749480823"]}},{"type":"Feature","geometry":{"type":"Point","coordinates":[69.382253,41.305156]},"properties":{"id":"transit_d7bf6370d941c3c6","name":"Nomsiz avtobus bekati","nameEn":null,"types":["bus_stop"],"refs":[],"recordCount":1,"confidence":0.66,"source":"openstreetmap","sourceIds":["node/5878277289"]}},{"type":"Feature","geometry":{"type":"Point","coordinates":[69.38312,41.305138]},"properties":{"id":"transit_1186bcbafdd90c54","name":"Nomsiz avtobus bekati","nameEn":null,"types":["bus_stop"],"refs":[],"recordCount":1,"confidence":0.66,"source":"openstreetmap","sourceIds":["node/5878277290"]}},{"type":"Feature","geometry":{"type":"Point","coordinates":[69.35663,41.308681]},"properties":{"id":"transit_c27f02637a843086","name":"Nomsiz avtobus bekati","nameEn":null,"types":["platform"],"refs":[],"recordCount":1,"confidence":0.66,"source":"openstreetmap","sourceIds":["node/5907590958"]}},{"type":"Feature","geometry":{"type":"Point","coordinates":[69.277249,41.352064]},"properties":{"id":"transit_7a9d3ae87eba6655","name":"Nomsiz avtobus bekati","nameEn":null,"types":["platform"],"refs":[],"recordCount":1,"confidence":0.66,"source":"openstreetmap","sourceIds":["node/5934022891"]}},{"type":"Feature","geometry":{"type":"Point","coordinates":[69.288666,41.35117]},"properties":{"id":"transit_7a93196cc4487c2d","name":"Nomsiz avtobus bekati","nameEn":null,"types":["platform","stop_position"],"refs":[],"recordCount":2,"confidence":0.78,"source":"openstreetmap","sourceIds":["node/5936436543","node/9879155963"]}},{"type":"Feature","geometry":{"type":"Point","coordinates":[69.309071,41.355982]},"properties":{"id":"transit_68e082af1a1e4aac","name":"Nomsiz avtobus bekati","nameEn":null,"types":["platform","stop_position"],"refs":[],"recordCount":2,"confidence":0.78,"source":"openstreetmap","sourceIds":["node/6018062319","node/9879154041"]}},{"type":"Feature","geometry":{"type":"Point","coordinates":[69.190903,41.322448]},"properties":{"id":"transit_c64ba062a3f72692","name":"Nomsiz avtobus bekati","nameEn":null,"types":["bus_stop"],"refs":[],"recordCount":1,"confidence":0.66,"source":"openstreetmap","sourceIds":["node/6123538088"]}},{"type":"Feature","geometry":{"type":"Point","coordinates":[69.279674,41.302406]},"properties":{"id":"transit_4bc53e55e748bb97","name":"Nomsiz avtobus bekati","nameEn":null,"types":["bus_stop"],"refs":[],"recordCount":1,"confidence":0.66,"source":"openstreetmap","sourceIds":["node/6228976399"]}},{"type":"Feature","geometry":{"type":"Point","coordinates":[69.213254,41.282564]},"properties":{"id":"transit_a433c4af6d34e46c","name":"Nomsiz avtobus bekati","nameEn":null,"types":["platform"],"refs":[],"recordCount":1,"confidence":0.66,"source":"openstreetmap","sourceIds":["node/6320477498"]}},{"type":"Feature","geometry":{"type":"Point","coordinates":[69.267622,41.346825]},"properties":{"id":"transit_ecb32bcbb1e2c343","name":"Nomsiz avtobus bekati","nameEn":null,"types":["platform"],"refs":[],"recordCount":1,"confidence":0.66,"source":"openstreetmap","sourceIds":["node/6322327060"]}},{"type":"Feature","geometry":{"type":"Point","coordinates":[69.404451,41.250097]},"properties":{"id":"transit_601bc24e97352ca7","name":"Nomsiz avtobus bekati","nameEn":null,"types":["platform"],"refs":[],"recordCount":1,"confidence":0.66,"source":"openstreetmap","sourceIds":["node/6412304903"]}},{"type":"Feature","geometry":{"type":"Point","coordinates":[69.476178,41.246781]},"properties":{"id":"transit_3b12eaec241f231f","name":"Nomsiz avtobus bekati","nameEn":null,"types":["bus_stop"],"refs":[],"recordCount":1,"confidence":0.66,"source":"openstreetmap","sourceIds":["node/6412367972"]}},{"type":"Feature","geometry":{"type":"Point","coordinates":[69.464341,41.253367]},"properties":{"id":"transit_e86e9e9bea5bed69","name":"Nomsiz avtobus bekati","nameEn":null,"types":["bus_stop"],"refs":[],"recordCount":1,"confidence":0.66,"source":"openstreetmap","sourceIds":["node/6412367976"]}},{"type":"Feature","geometry":{"type":"Point","coordinates":[69.483312,41.242866]},"properties":{"id":"transit_2c8475416416c82c","name":"Nomsiz avtobus bekati","nameEn":null,"types":["bus_stop"],"refs":[],"recordCount":1,"confidence":0.66,"source":"openstreetmap","sourceIds":["node/6412379018"]}},{"type":"Feature","geometry":{"type":"Point","coordinates":[69.511969,41.251829]},"properties":{"id":"transit_19f6d8edc2215910","name":"Nomsiz avtobus bekati","nameEn":null,"types":["bus_stop"],"refs":[],"recordCount":1,"confidence":0.66,"source":"openstreetmap","sourceIds":["node/6412433624"]}},{"type":"Feature","geometry":{"type":"Point","coordinates":[69.508574,41.23931]},"properties":{"id":"transit_4d4a018bde21bbe8","name":"Nomsiz avtobus bekati","nameEn":null,"types":["bus_stop"],"refs":[],"recordCount":1,"confidence":0.66,"source":"openstreetmap","sourceIds":["node/6412433627"]}},{"type":"Feature","geometry":{"type":"Point","coordinates":[69.499837,41.234005]},"properties":{"id":"transit_a1b9c154a14fe4e3","name":"Nomsiz avtobus bekati","nameEn":null,"types":["bus_stop"],"refs":[],"recordCount":1,"confidence":0.66,"source":"openstreetmap","sourceIds":["node/6412433631"]}},{"type":"Feature","geometry":{"type":"Point","coordinates":[69.508898,41.243393]},"properties":{"id":"transit_0c41a7865248d028","name":"Nomsiz avtobus bekati","nameEn":null,"types":["bus_stop"],"refs":[],"recordCount":1,"confidence":0.66,"source":"openstreetmap","sourceIds":["node/6412523088"]}},{"type":"Feature","geometry":{"type":"Point","coordinates":[69.51245,41.25314]},"properties":{"id":"transit_7ec24b98822b2b76","name":"Nomsiz avtobus bekati","nameEn":null,"types":["bus_stop"],"refs":[],"recordCount":1,"confidence":0.66,"source":"openstreetmap","sourceIds":["node/6412523089"]}},{"type":"Feature","geometry":{"type":"Point","coordinates":[69.475976,41.246922]},"properties":{"id":"transit_49d349acaf9adad6","name":"Nomsiz avtobus bekati","nameEn":null,"types":["bus_stop"],"refs":[],"recordCount":1,"confidence":0.66,"source":"openstreetmap","sourceIds":["node/6412541801"]}},{"type":"Feature","geometry":{"type":"Point","coordinates":[69.419511,41.25983]},"properties":{"id":"transit_50ab217ba8ae9e4a","name":"Nomsiz avtobus bekati","nameEn":null,"types":["stop_position"],"refs":[],"recordCount":1,"confidence":0.66,"source":"openstreetmap","sourceIds":["node/6412569379"]}},{"type":"Feature","geometry":{"type":"Point","coordinates":[69.432609,41.25612]},"properties":{"id":"transit_2ddb463dfd13f81b","name":"Nomsiz avtobus bekati","nameEn":null,"types":["platform"],"refs":[],"recordCount":1,"confidence":0.66,"source":"openstreetmap","sourceIds":["node/6412570589"]}},{"type":"Feature","geometry":{"type":"Point","coordinates":[69.442322,41.255688]},"properties":{"id":"transit_58a53b85b56cbf20","name":"Nomsiz avtobus bekati","nameEn":null,"types":["platform"],"refs":[],"recordCount":1,"confidence":0.66,"source":"openstreetmap","sourceIds":["node/6412570590"]}},{"type":"Feature","geometry":{"type":"Point","coordinates":[69.463544,41.25384]},"properties":{"id":"transit_3bf502fe7a9eac63","name":"Nomsiz avtobus bekati","nameEn":null,"types":["bus_stop"],"refs":[],"recordCount":1,"confidence":0.66,"source":"openstreetmap","sourceIds":["node/6412570592"]}},{"type":"Feature","geometry":{"type":"Point","coordinates":[69.403896,41.249845]},"properties":{"id":"transit_29ee85214e192605","name":"Nomsiz avtobus bekati","nameEn":null,"types":["platform"],"refs":[],"recordCount":1,"confidence":0.66,"source":"openstreetmap","sourceIds":["node/6412592280"]}},{"type":"Feature","geometry":{"type":"Point","coordinates":[69.256672,41.244149]},"properties":{"id":"transit_81907bbdac3ceddb","name":"Nomsiz avtobus bekati","nameEn":null,"types":["bus_stop"],"refs":[],"recordCount":1,"confidence":0.66,"source":"openstreetmap","sourceIds":["node/6490366486"]}},{"type":"Feature","geometry":{"type":"Point","coordinates":[69.271427,41.318467]},"properties":{"id":"transit_f4f0a5130da49727","name":"Nomsiz avtobus bekati","nameEn":null,"types":["platform"],"refs":[],"recordCount":1,"confidence":0.66,"source":"openstreetmap","sourceIds":["node/6569442985"]}},{"type":"Feature","geometry":{"type":"Point","coordinates":[69.273308,41.343074]},"properties":{"id":"transit_f29a58437c036b04","name":"Nomsiz avtobus bekati","nameEn":null,"types":["platform"],"refs":[],"recordCount":1,"confidence":0.66,"source":"openstreetmap","sourceIds":["node/6645561146"]}},{"type":"Feature","geometry":{"type":"Point","coordinates":[69.274151,41.343098]},"properties":{"id":"transit_e290c3b787845d8a","name":"Nomsiz avtobus bekati","nameEn":null,"types":["platform"],"refs":[],"recordCount":1,"confidence":0.66,"source":"openstreetmap","sourceIds":["node/6645593903"]}},{"type":"Feature","geometry":{"type":"Point","coordinates":[69.357237,41.308736]},"properties":{"id":"transit_0761c72cc549f97c","name":"Nomsiz avtobus bekati","nameEn":null,"types":["bus_stop"],"refs":[],"recordCount":1,"confidence":0.66,"source":"openstreetmap","sourceIds":["node/6807989430"]}},{"type":"Feature","geometry":{"type":"Point","coordinates":[69.236114,41.314]},"properties":{"id":"transit_e3dcded8ef8ca574","name":"Nomsiz avtobus bekati","nameEn":null,"types":["platform","stop_position"],"refs":[],"recordCount":2,"confidence":0.78,"source":"openstreetmap","sourceIds":["node/10782347561","node/6813793170"]}},{"type":"Feature","geometry":{"type":"Point","coordinates":[69.200244,41.26856]},"properties":{"id":"transit_3534cf6159e40993","name":"Nomsiz avtobus bekati","nameEn":null,"types":["platform"],"refs":[],"recordCount":1,"confidence":0.66,"source":"openstreetmap","sourceIds":["node/7281991383"]}},{"type":"Feature","geometry":{"type":"Point","coordinates":[69.369678,41.313096]},"properties":{"id":"transit_8aa5f1f863ba4039","name":"Nomsiz avtobus bekati","nameEn":null,"types":["bus_stop"],"refs":[],"recordCount":1,"confidence":0.66,"source":"openstreetmap","sourceIds":["node/7393015862"]}},{"type":"Feature","geometry":{"type":"Point","coordinates":[69.370295,41.313198]},"properties":{"id":"transit_740e3c3d150e8ca9","name":"Nomsiz avtobus bekati","nameEn":null,"types":["bus_stop"],"refs":[],"recordCount":1,"confidence":0.66,"source":"openstreetmap","sourceIds":["node/7393015869"]}},{"type":"Feature","geometry":{"type":"Point","coordinates":[69.374991,41.315162]},"properties":{"id":"transit_40352a5c4e8a41af","name":"Nomsiz avtobus bekati","nameEn":null,"types":["bus_stop"],"refs":[],"recordCount":1,"confidence":0.66,"source":"openstreetmap","sourceIds":["node/7393015876"]}},{"type":"Feature","geometry":{"type":"Point","coordinates":[69.37557,41.315286]},"properties":{"id":"transit_7a3dd551197c7688","name":"Nomsiz avtobus bekati","nameEn":null,"types":["bus_stop"],"refs":[],"recordCount":1,"confidence":0.66,"source":"openstreetmap","sourceIds":["node/7393015877"]}},{"type":"Feature","geometry":{"type":"Point","coordinates":[69.392402,41.320876]},"properties":{"id":"transit_d9ec68c98edb8881","name":"Nomsiz avtobus bekati","nameEn":null,"types":["bus_stop"],"refs":[],"recordCount":1,"confidence":0.66,"source":"openstreetmap","sourceIds":["node/7393020518"]}},{"type":"Feature","geometry":{"type":"Point","coordinates":[69.391767,41.320882]},"properties":{"id":"transit_a8b7ecba685dcf86","name":"Nomsiz avtobus bekati","nameEn":null,"types":["bus_stop"],"refs":[],"recordCount":1,"confidence":0.66,"source":"openstreetmap","sourceIds":["node/7393020519"]}},{"type":"Feature","geometry":{"type":"Point","coordinates":[69.398228,41.321841]},"properties":{"id":"transit_5d854524681051a3","name":"Nomsiz avtobus bekati","nameEn":null,"types":["bus_stop"],"refs":[],"recordCount":1,"confidence":0.66,"source":"openstreetmap","sourceIds":["node/7393020520"]}},{"type":"Feature","geometry":{"type":"Point","coordinates":[69.397584,41.321843]},"properties":{"id":"transit_360a7c4eb818f826","name":"Nomsiz avtobus bekati","nameEn":null,"types":["bus_stop"],"refs":[],"recordCount":1,"confidence":0.66,"source":"openstreetmap","sourceIds":["node/7393020521"]}},{"type":"Feature","geometry":{"type":"Point","coordinates":[69.40877,41.323591]},"properties":{"id":"transit_e17c58ff4b4798c5","name":"Nomsiz avtobus bekati","nameEn":null,"types":["bus_stop"],"refs":[],"recordCount":1,"confidence":0.66,"source":"openstreetmap","sourceIds":["node/7393020522"]}},{"type":"Feature","geometry":{"type":"Point","coordinates":[69.408097,41.323584]},"properties":{"id":"transit_1c39b94abacaf6aa","name":"Nomsiz avtobus bekati","nameEn":null,"types":["bus_stop"],"refs":[],"recordCount":1,"confidence":0.66,"source":"openstreetmap","sourceIds":["node/7393020523"]}},{"type":"Feature","geometry":{"type":"Point","coordinates":[69.414317,41.324406]},"properties":{"id":"transit_f90c224ee5a0c001","name":"Nomsiz avtobus bekati","nameEn":null,"types":["bus_stop"],"refs":[],"recordCount":1,"confidence":0.66,"source":"openstreetmap","sourceIds":["node/7393020524"]}},{"type":"Feature","geometry":{"type":"Point","coordinates":[69.414705,41.324834]},"properties":{"id":"transit_7e0525bed4c31403","name":"Nomsiz avtobus bekati","nameEn":null,"types":["bus_stop"],"refs":[],"recordCount":1,"confidence":0.66,"source":"openstreetmap","sourceIds":["node/7393020525"]}},{"type":"Feature","geometry":{"type":"Point","coordinates":[69.422147,41.325754]},"properties":{"id":"transit_0240a2efe224c004","name":"Nomsiz avtobus bekati","nameEn":null,"types":["bus_stop"],"refs":[],"recordCount":1,"confidence":0.66,"source":"openstreetmap","sourceIds":["node/7393020526"]}},{"type":"Feature","geometry":{"type":"Point","coordinates":[69.422707,41.325717]},"properties":{"id":"transit_4dd7d74806d2eba5","name":"Nomsiz avtobus bekati","nameEn":null,"types":["bus_stop"],"refs":[],"recordCount":1,"confidence":0.66,"source":"openstreetmap","sourceIds":["node/7393020527"]}},{"type":"Feature","geometry":{"type":"Point","coordinates":[69.460494,41.317586]},"properties":{"id":"transit_586d052625fde559","name":"Nomsiz avtobus bekati","nameEn":null,"types":["platform"],"refs":[],"recordCount":1,"confidence":0.66,"source":"openstreetmap","sourceIds":["node/7393020534"]}},{"type":"Feature","geometry":{"type":"Point","coordinates":[69.462094,41.317244]},"properties":{"id":"transit_64c7e3e39a67211e","name":"Nomsiz avtobus bekati","nameEn":null,"types":["bus_stop"],"refs":[],"recordCount":1,"confidence":0.66,"source":"openstreetmap","sourceIds":["node/7393020535"]}},{"type":"Feature","geometry":{"type":"Point","coordinates":[69.210918,41.281295]},"properties":{"id":"transit_63ea14377e12ec32","name":"Nomsiz avtobus bekati","nameEn":null,"types":["stop_position"],"refs":[],"recordCount":1,"confidence":0.66,"source":"openstreetmap","sourceIds":["node/7405847745"]}},{"type":"Feature","geometry":{"type":"Point","coordinates":[69.346515,41.306947]},"properties":{"id":"transit_1d74a9348ab65ac1","name":"Nomsiz avtobus bekati","nameEn":null,"types":["platform"],"refs":[],"recordCount":1,"confidence":0.66,"source":"openstreetmap","sourceIds":["node/7475545301"]}},{"type":"Feature","geometry":{"type":"Point","coordinates":[69.347191,41.306913]},"properties":{"id":"transit_cf3ac33dee8ae8ff","name":"Nomsiz avtobus bekati","nameEn":null,"types":["platform"],"refs":[],"recordCount":1,"confidence":0.66,"source":"openstreetmap","sourceIds":["node/7475545302"]}},{"type":"Feature","geometry":{"type":"Point","coordinates":[69.235969,41.314361]},"properties":{"id":"transit_65a3e70643b2eb20","name":"Nomsiz avtobus bekati","nameEn":null,"types":["platform","stop_position"],"refs":[],"recordCount":2,"confidence":0.78,"source":"openstreetmap","sourceIds":["node/7821416016","node/8740792619"]}},{"type":"Feature","geometry":{"type":"Point","coordinates":[69.226748,41.319281]},"properties":{"id":"transit_3fb0af1817e8d9ed","name":"Nomsiz avtobus bekati","nameEn":null,"types":["platform"],"refs":[],"recordCount":1,"confidence":0.66,"source":"openstreetmap","sourceIds":["node/7833689910"]}},{"type":"Feature","geometry":{"type":"Point","coordinates":[69.307733,41.320168]},"properties":{"id":"transit_01c0d3f6961b95ab","name":"Nomsiz avtobus bekati","nameEn":null,"types":["stop_position"],"refs":[],"recordCount":1,"confidence":0.66,"source":"openstreetmap","sourceIds":["node/7903314941"]}},{"type":"Feature","geometry":{"type":"Point","coordinates":[69.30767,41.320003]},"properties":{"id":"transit_a5f45aff6efd9501","name":"Nomsiz avtobus bekati","nameEn":null,"types":["platform"],"refs":[],"recordCount":1,"confidence":0.66,"source":"openstreetmap","sourceIds":["node/7903314942"]}},{"type":"Feature","geometry":{"type":"Point","coordinates":[69.258352,41.311108]},"properties":{"id":"transit_4b0e5759cb6f0cdb","name":"Nomsiz avtobus bekati","nameEn":null,"types":["stop_position"],"refs":[],"recordCount":1,"confidence":0.66,"source":"openstreetmap","sourceIds":["node/7903314956"]}},{"type":"Feature","geometry":{"type":"Point","coordinates":[69.258332,41.310971]},"properties":{"id":"transit_d015db367b71fd9f","name":"Nomsiz avtobus bekati","nameEn":null,"types":["platform"],"refs":[],"recordCount":1,"confidence":0.66,"source":"openstreetmap","sourceIds":["node/7903314957"]}},{"type":"Feature","geometry":{"type":"Point","coordinates":[69.254437,41.311194]},"properties":{"id":"transit_c7b3abff2e35a1bd","name":"Nomsiz avtobus bekati","nameEn":null,"types":["platform","stop_position"],"refs":[],"recordCount":2,"confidence":0.78,"source":"openstreetmap","sourceIds":["node/7903314958","node/7903314959"]}},{"type":"Feature","geometry":{"type":"Point","coordinates":[69.229216,41.322851]},"properties":{"id":"transit_5b39b1850ba1cd0d","name":"Nomsiz avtobus bekati","nameEn":null,"types":["platform"],"refs":[],"recordCount":1,"confidence":0.66,"source":"openstreetmap","sourceIds":["node/8044531462"]}},{"type":"Feature","geometry":{"type":"Point","coordinates":[69.230017,41.332636]},"properties":{"id":"transit_fd37cc3346a49d64","name":"Nomsiz avtobus bekati","nameEn":null,"types":["platform","stop_position"],"refs":[],"recordCount":2,"confidence":0.78,"source":"openstreetmap","sourceIds":["node/8051636854","node/8051636855"]}},{"type":"Feature","geometry":{"type":"Point","coordinates":[69.229388,41.333445]},"properties":{"id":"transit_93834dcbd4a6cb32","name":"Nomsiz avtobus bekati","nameEn":null,"types":["platform","stop_position"],"refs":[],"recordCount":2,"confidence":0.78,"source":"openstreetmap","sourceIds":["node/8051671113","node/8051671114"]}},{"type":"Feature","geometry":{"type":"Point","coordinates":[69.198212,41.218618]},"properties":{"id":"transit_a0796cfd2342f8f7","name":"Nomsiz avtobus bekati","nameEn":null,"types":["stop_position"],"refs":[],"recordCount":1,"confidence":0.66,"source":"openstreetmap","sourceIds":["node/8283226680"]}},{"type":"Feature","geometry":{"type":"Point","coordinates":[69.289503,41.359347]},"properties":{"id":"transit_50b2f04606b283f3","name":"Nomsiz avtobus bekati","nameEn":null,"types":["platform"],"refs":[],"recordCount":1,"confidence":0.66,"source":"openstreetmap","sourceIds":["node/8578805812"]}},{"type":"Feature","geometry":{"type":"Point","coordinates":[69.193062,41.316702]},"properties":{"id":"transit_9c740215a9669819","name":"Nomsiz avtobus bekati","nameEn":null,"types":["stop_position"],"refs":[],"recordCount":1,"confidence":0.66,"source":"openstreetmap","sourceIds":["node/8740752140"]}},{"type":"Feature","geometry":{"type":"Point","coordinates":[69.192672,41.317431]},"properties":{"id":"transit_c79b9e6fbf2183c9","name":"Nomsiz avtobus bekati","nameEn":null,"types":["platform"],"refs":[],"recordCount":1,"confidence":0.66,"source":"openstreetmap","sourceIds":["node/8740752152"]}},{"type":"Feature","geometry":{"type":"Point","coordinates":[69.457896,41.298856]},"properties":{"id":"transit_6fe0728e7dbd7f41","name":"Nomsiz avtobus bekati","nameEn":null,"types":["platform"],"refs":[],"recordCount":1,"confidence":0.66,"source":"openstreetmap","sourceIds":["node/9067705650"]}},{"type":"Feature","geometry":{"type":"Point","coordinates":[69.458847,41.299761]},"properties":{"id":"transit_480471b54f92db45","name":"Nomsiz avtobus bekati","nameEn":null,"types":["platform"],"refs":[],"recordCount":1,"confidence":0.66,"source":"openstreetmap","sourceIds":["node/9067705653"]}},{"type":"Feature","geometry":{"type":"Point","coordinates":[69.465283,41.307795]},"properties":{"id":"transit_a0f93685f66b6cdb","name":"Nomsiz avtobus bekati","nameEn":null,"types":["platform"],"refs":[],"recordCount":1,"confidence":0.66,"source":"openstreetmap","sourceIds":["node/9067705715"]}},{"type":"Feature","geometry":{"type":"Point","coordinates":[69.467172,41.308871]},"properties":{"id":"transit_31ffaa98193fd61f","name":"Nomsiz avtobus bekati","nameEn":null,"types":["platform"],"refs":[],"recordCount":1,"confidence":0.66,"source":"openstreetmap","sourceIds":["node/9067711129"]}},{"type":"Feature","geometry":{"type":"Point","coordinates":[69.278469,41.348258]},"properties":{"id":"transit_daa7e7f7aeba73fa","name":"Nomsiz avtobus bekati","nameEn":null,"types":["bus_stop"],"refs":[],"recordCount":1,"confidence":0.66,"source":"openstreetmap","sourceIds":["node/9094082745"]}},{"type":"Feature","geometry":{"type":"Point","coordinates":[69.427047,41.326437]},"properties":{"id":"transit_253c79c736849a25","name":"Nomsiz avtobus bekati","nameEn":null,"types":["bus_stop"],"refs":[],"recordCount":1,"confidence":0.66,"source":"openstreetmap","sourceIds":["node/9187631454"]}},{"type":"Feature","geometry":{"type":"Point","coordinates":[69.436013,41.271582]},"properties":{"id":"transit_4d83333e63f4f24c","name":"Nomsiz avtobus bekati","nameEn":null,"types":["platform"],"refs":[],"recordCount":1,"confidence":0.66,"source":"openstreetmap","sourceIds":["node/9205691608"]}},{"type":"Feature","geometry":{"type":"Point","coordinates":[69.446302,41.279928]},"properties":{"id":"transit_1242cc03d6810ae7","name":"Nomsiz avtobus bekati","nameEn":null,"types":["platform"],"refs":[],"recordCount":1,"confidence":0.66,"source":"openstreetmap","sourceIds":["node/9205691648"]}},{"type":"Feature","geometry":{"type":"Point","coordinates":[69.451769,41.289014]},"properties":{"id":"transit_762033c0b749b079","name":"Nomsiz avtobus bekati","nameEn":null,"types":["platform"],"refs":[],"recordCount":1,"confidence":0.66,"source":"openstreetmap","sourceIds":["node/9205691677"]}},{"type":"Feature","geometry":{"type":"Point","coordinates":[69.419392,41.25995]},"properties":{"id":"transit_c6720212fbd1c39d","name":"Nomsiz avtobus bekati","nameEn":null,"types":["platform"],"refs":[],"recordCount":1,"confidence":0.66,"source":"openstreetmap","sourceIds":["node/9207854460"]}},{"type":"Feature","geometry":{"type":"Point","coordinates":[69.154009,41.31472]},"properties":{"id":"transit_c1a3ea98e1f1ca17","name":"Nomsiz avtobus bekati","nameEn":null,"types":["platform"],"refs":[],"recordCount":1,"confidence":0.66,"source":"openstreetmap","sourceIds":["node/9273048189"]}},{"type":"Feature","geometry":{"type":"Point","coordinates":[69.262552,41.343858]},"properties":{"id":"transit_b43afc77ac64c7a5","name":"Nomsiz avtobus bekati","nameEn":null,"types":["platform"],"refs":[],"recordCount":1,"confidence":0.66,"source":"openstreetmap","sourceIds":["node/9366077680"]}},{"type":"Feature","geometry":{"type":"Point","coordinates":[69.377747,41.355175]},"properties":{"id":"transit_01306b86593f7f57","name":"Nomsiz avtobus bekati","nameEn":null,"types":["platform"],"refs":[],"recordCount":1,"confidence":0.66,"source":"openstreetmap","sourceIds":["node/9663853149"]}},{"type":"Feature","geometry":{"type":"Point","coordinates":[69.273061,41.163936]},"properties":{"id":"transit_53306bd1f6970a3b","name":"Nomsiz avtobus bekati","nameEn":null,"types":["platform"],"refs":[],"recordCount":1,"confidence":0.66,"source":"openstreetmap","sourceIds":["node/9748808237"]}},{"type":"Feature","geometry":{"type":"Point","coordinates":[69.27468,41.163738]},"properties":{"id":"transit_c34329967af67f49","name":"Nomsiz avtobus bekati","nameEn":null,"types":["platform"],"refs":[],"recordCount":1,"confidence":0.66,"source":"openstreetmap","sourceIds":["node/9748808330"]}},{"type":"Feature","geometry":{"type":"Point","coordinates":[69.300568,41.178273]},"properties":{"id":"transit_496ff3879772522b","name":"Nomsiz avtobus bekati","nameEn":null,"types":["platform"],"refs":[],"recordCount":1,"confidence":0.66,"source":"openstreetmap","sourceIds":["node/9748808361"]}},{"type":"Feature","geometry":{"type":"Point","coordinates":[69.301877,41.178677]},"properties":{"id":"transit_68bf5bada8531d7f","name":"Nomsiz avtobus bekati","nameEn":null,"types":["platform"],"refs":[],"recordCount":1,"confidence":0.66,"source":"openstreetmap","sourceIds":["node/9748808367"]}},{"type":"Feature","geometry":{"type":"Point","coordinates":[69.292494,41.351008]},"properties":{"id":"transit_ac20fa5fac1da84a","name":"Nomsiz avtobus bekati","nameEn":null,"types":["platform"],"refs":[],"recordCount":1,"confidence":0.66,"source":"openstreetmap","sourceIds":["node/9879155849"]}},{"type":"Feature","geometry":{"type":"Point","coordinates":[69.238989,41.312491]},"properties":{"id":"transit_437627afa86a10bf","name":"Nomsiz avtobus bekati","nameEn":null,"types":["platform"],"refs":[],"recordCount":1,"confidence":0.66,"source":"openstreetmap","sourceIds":["node/9898146734"]}},{"type":"Feature","geometry":{"type":"Point","coordinates":[69.354186,41.349599]},"properties":{"id":"transit_6da3a37e254c603b","name":"Nomsiz avtobus bekati","nameEn":null,"types":["stop_position"],"refs":[],"recordCount":1,"confidence":0.66,"source":"openstreetmap","sourceIds":["node/9949986278"]}},{"type":"Feature","geometry":{"type":"Point","coordinates":[69.37692,41.332194]},"properties":{"id":"transit_d9400d77381d167e","name":"Nomsiz avtobus bekati","nameEn":null,"types":["platform"],"refs":[],"recordCount":1,"confidence":0.66,"source":"openstreetmap","sourceIds":["node/9955369782"]}},{"type":"Feature","geometry":{"type":"Point","coordinates":[69.376186,41.331993]},"properties":{"id":"transit_b0399ec0c5a13287","name":"Nomsiz avtobus bekati","nameEn":null,"types":["platform"],"refs":[],"recordCount":1,"confidence":0.66,"source":"openstreetmap","sourceIds":["node/9955369802"]}},{"type":"Feature","geometry":{"type":"Point","coordinates":[69.406754,41.334791]},"properties":{"id":"transit_672963807e9b3555","name":"Nomsiz avtobus bekati","nameEn":null,"types":["platform"],"refs":[],"recordCount":1,"confidence":0.66,"source":"openstreetmap","sourceIds":["node/9956953300"]}},{"type":"Feature","geometry":{"type":"Point","coordinates":[69.3422,41.298186]},"properties":{"id":"transit_5cb1937a673407b0","name":"Nomsiz avtobus bekati","nameEn":null,"types":["platform"],"refs":[],"recordCount":1,"confidence":0.66,"source":"openstreetmap","sourceIds":["node/10047389353"]}},{"type":"Feature","geometry":{"type":"Point","coordinates":[69.23718,41.297595]},"properties":{"id":"transit_a22ff3abc1a16029","name":"Nomsiz avtobus bekati","nameEn":null,"types":["platform"],"refs":[],"recordCount":1,"confidence":0.66,"source":"openstreetmap","sourceIds":["node/10140631334"]}},{"type":"Feature","geometry":{"type":"Point","coordinates":[69.257527,41.297201]},"properties":{"id":"transit_e09bb537a490003d","name":"Nomsiz avtobus bekati","nameEn":null,"types":["platform"],"refs":[],"recordCount":1,"confidence":0.66,"source":"openstreetmap","sourceIds":["node/10161264205"]}},{"type":"Feature","geometry":{"type":"Point","coordinates":[69.258348,41.289346]},"properties":{"id":"transit_e2d2ce58e14244ca","name":"Nomsiz avtobus bekati","nameEn":null,"types":["platform"],"refs":[],"recordCount":1,"confidence":0.66,"source":"openstreetmap","sourceIds":["node/10697158219"]}},{"type":"Feature","geometry":{"type":"Point","coordinates":[69.257126,41.288799]},"properties":{"id":"transit_1c1491b4132dffed","name":"Nomsiz avtobus bekati","nameEn":null,"types":["platform"],"refs":[],"recordCount":1,"confidence":0.66,"source":"openstreetmap","sourceIds":["node/10697158220"]}},{"type":"Feature","geometry":{"type":"Point","coordinates":[69.18335,41.250048]},"properties":{"id":"transit_6b4108b63590a08f","name":"Nomsiz avtobus bekati","nameEn":null,"types":["platform"],"refs":[],"recordCount":1,"confidence":0.66,"source":"openstreetmap","sourceIds":["node/10746504302"]}},{"type":"Feature","geometry":{"type":"Point","coordinates":[69.179901,41.247956]},"properties":{"id":"transit_3dc10c3ebbd4f88a","name":"Nomsiz avtobus bekati","nameEn":null,"types":["platform"],"refs":[],"recordCount":1,"confidence":0.66,"source":"openstreetmap","sourceIds":["node/10746504412"]}},{"type":"Feature","geometry":{"type":"Point","coordinates":[69.232393,41.298976]},"properties":{"id":"transit_8aef0d9edbc3eafa","name":"Nomsiz avtobus bekati","nameEn":null,"types":["platform"],"refs":[],"recordCount":1,"confidence":0.66,"source":"openstreetmap","sourceIds":["node/11108442167"]}},{"type":"Feature","geometry":{"type":"Point","coordinates":[69.40264,41.224023]},"properties":{"id":"transit_9db23d7da7e53409","name":"Nomsiz avtobus bekati","nameEn":null,"types":["platform"],"refs":[],"recordCount":1,"confidence":0.66,"source":"openstreetmap","sourceIds":["node/11194240595"]}},{"type":"Feature","geometry":{"type":"Point","coordinates":[69.402265,41.222965]},"properties":{"id":"transit_391334b78b2e669d","name":"Nomsiz avtobus bekati","nameEn":null,"types":["platform"],"refs":[],"recordCount":1,"confidence":0.66,"source":"openstreetmap","sourceIds":["node/11194247962"]}},{"type":"Feature","geometry":{"type":"Point","coordinates":[69.232963,41.298874]},"properties":{"id":"transit_83bac00a2a6078ec","name":"Nomsiz avtobus bekati","nameEn":null,"types":["platform"],"refs":[],"recordCount":1,"confidence":0.66,"source":"openstreetmap","sourceIds":["node/11277558230"]}},{"type":"Feature","geometry":{"type":"Point","coordinates":[69.215834,41.383141]},"properties":{"id":"transit_46875abd732d752d","name":"Nomsiz avtobus bekati","nameEn":null,"types":["platform","stop_position"],"refs":[],"recordCount":2,"confidence":0.78,"source":"openstreetmap","sourceIds":["node/12526832694","node/13191349407"]}},{"type":"Feature","geometry":{"type":"Point","coordinates":[69.211334,41.358596]},"properties":{"id":"transit_182d83a5f9b0b320","name":"Nomsiz avtobus bekati","nameEn":null,"types":["platform"],"refs":[],"recordCount":1,"confidence":0.66,"source":"openstreetmap","sourceIds":["node/12536377128"]}},{"type":"Feature","geometry":{"type":"Point","coordinates":[69.219039,41.204925]},"properties":{"id":"transit_6a755ba182bd4dc7","name":"Nomsiz avtobus bekati","nameEn":null,"types":["platform"],"refs":[],"recordCount":1,"confidence":0.66,"source":"openstreetmap","sourceIds":["node/12795271784"]}},{"type":"Feature","geometry":{"type":"Point","coordinates":[69.234234,41.292699]},"properties":{"id":"transit_6e4cf20efb98b88e","name":"Nomsiz avtobus bekati","nameEn":null,"types":["platform"],"refs":[],"recordCount":1,"confidence":0.66,"source":"openstreetmap","sourceIds":["node/12966249682"]}},{"type":"Feature","geometry":{"type":"Point","coordinates":[69.230485,41.289137]},"properties":{"id":"transit_617e478906d46b30","name":"Nomsiz avtobus bekati","nameEn":null,"types":["platform"],"refs":[],"recordCount":1,"confidence":0.66,"source":"openstreetmap","sourceIds":["node/12968763290"]}},{"type":"Feature","geometry":{"type":"Point","coordinates":[69.253607,41.294086]},"properties":{"id":"transit_033773ac5ada8766","name":"Nomsiz avtobus bekati","nameEn":null,"types":["platform"],"refs":[],"recordCount":1,"confidence":0.66,"source":"openstreetmap","sourceIds":["node/12978244907"]}},{"type":"Feature","geometry":{"type":"Point","coordinates":[69.264904,41.32493]},"properties":{"id":"transit_5cca9ab694e40e03","name":"Nomsiz avtobus bekati","nameEn":null,"types":["bus_stop"],"refs":[],"recordCount":1,"confidence":0.66,"source":"openstreetmap","sourceIds":["node/13120718948"]}},{"type":"Feature","geometry":{"type":"Point","coordinates":[69.198875,41.369263]},"properties":{"id":"transit_f314b6c97d3206e9","name":"Nomsiz avtobus bekati","nameEn":null,"types":["bus_stop"],"refs":[],"recordCount":1,"confidence":0.66,"source":"openstreetmap","sourceIds":["node/13149270521"]}},{"type":"Feature","geometry":{"type":"Point","coordinates":[69.287885,41.375961]},"properties":{"id":"transit_18e4f524a06cc59b","name":"Nomsiz avtobus bekati","nameEn":null,"types":["bus_stop"],"refs":[],"recordCount":1,"confidence":0.66,"source":"openstreetmap","sourceIds":["node/13161806531"]}},{"type":"Feature","geometry":{"type":"Point","coordinates":[69.21829,41.380743]},"properties":{"id":"transit_ebbdac2931918404","name":"Nomsiz avtobus bekati","nameEn":null,"types":["platform"],"refs":[],"recordCount":1,"confidence":0.66,"source":"openstreetmap","sourceIds":["node/13191334788"]}},{"type":"Feature","geometry":{"type":"Point","coordinates":[69.218089,41.381404]},"properties":{"id":"transit_6fab31c86c9e160d","name":"Nomsiz avtobus bekati","nameEn":null,"types":["platform"],"refs":[],"recordCount":1,"confidence":0.66,"source":"openstreetmap","sourceIds":["node/13191334791"]}},{"type":"Feature","geometry":{"type":"Point","coordinates":[69.184923,41.29822]},"properties":{"id":"transit_b62d350fb3124334","name":"Nomsiz avtobus bekati","nameEn":null,"types":["platform"],"refs":[],"recordCount":1,"confidence":0.66,"source":"openstreetmap","sourceIds":["node/13246595150"]}},{"type":"Feature","geometry":{"type":"Point","coordinates":[69.192907,41.297912]},"properties":{"id":"transit_db5851ae783a32c4","name":"Nomsiz avtobus bekati","nameEn":null,"types":["stop_position"],"refs":[],"recordCount":1,"confidence":0.66,"source":"openstreetmap","sourceIds":["node/13246609557"]}},{"type":"Feature","geometry":{"type":"Point","coordinates":[69.240893,41.193162]},"properties":{"id":"transit_16cb77c7b4809354","name":"Nomsiz avtobus bekati","nameEn":null,"types":["platform"],"refs":[],"recordCount":1,"confidence":0.66,"source":"openstreetmap","sourceIds":["node/13264804435"]}},{"type":"Feature","geometry":{"type":"Point","coordinates":[69.169851,41.348404]},"properties":{"id":"transit_2569391788811351","name":"Nomsiz avtobus bekati","nameEn":null,"types":["platform"],"refs":[],"recordCount":1,"confidence":0.66,"source":"openstreetmap","sourceIds":["node/13297153535"]}},{"type":"Feature","geometry":{"type":"Point","coordinates":[69.234249,41.320223]},"properties":{"id":"transit_c681ee830b515a74","name":"Nomsiz avtobus bekati","nameEn":null,"types":["platform"],"refs":[],"recordCount":1,"confidence":0.66,"source":"openstreetmap","sourceIds":["node/13299450361"]}},{"type":"Feature","geometry":{"type":"Point","coordinates":[69.204402,41.320214]},"properties":{"id":"transit_41d8301c2d7e34c8","name":"Nomsiz avtobus bekati","nameEn":null,"types":["platform"],"refs":[],"recordCount":1,"confidence":0.66,"source":"openstreetmap","sourceIds":["node/13299450368"]}},{"type":"Feature","geometry":{"type":"Point","coordinates":[69.204887,41.316676]},"properties":{"id":"transit_20ab03ae66ae2c6e","name":"Nomsiz avtobus bekati","nameEn":null,"types":["platform"],"refs":[],"recordCount":1,"confidence":0.66,"source":"openstreetmap","sourceIds":["node/13299450369"]}},{"type":"Feature","geometry":{"type":"Point","coordinates":[69.207451,41.313669]},"properties":{"id":"transit_0a8e22c54d67da74","name":"Nomsiz avtobus bekati","nameEn":null,"types":["platform"],"refs":[],"recordCount":1,"confidence":0.66,"source":"openstreetmap","sourceIds":["node/13299450371"]}},{"type":"Feature","geometry":{"type":"Point","coordinates":[69.214244,41.317083]},"properties":{"id":"transit_28fb5e92475f2a3e","name":"Nomsiz avtobus bekati","nameEn":null,"types":["platform"],"refs":[],"recordCount":1,"confidence":0.66,"source":"openstreetmap","sourceIds":["node/13299450379"]}},{"type":"Feature","geometry":{"type":"Point","coordinates":[69.214151,41.321623]},"properties":{"id":"transit_1d8a6f30617e8267","name":"Nomsiz avtobus bekati","nameEn":null,"types":["platform"],"refs":[],"recordCount":1,"confidence":0.66,"source":"openstreetmap","sourceIds":["node/13299450383"]}},{"type":"Feature","geometry":{"type":"Point","coordinates":[69.232983,41.319592]},"properties":{"id":"transit_6a1f2296942aaf86","name":"Nomsiz avtobus bekati","nameEn":null,"types":["platform"],"refs":[],"recordCount":1,"confidence":0.66,"source":"openstreetmap","sourceIds":["node/13299450392"]}},{"type":"Feature","geometry":{"type":"Point","coordinates":[69.238883,41.321536]},"properties":{"id":"transit_5f9e63d5667ec3e1","name":"Nomsiz avtobus bekati","nameEn":null,"types":["stop_position"],"refs":[],"recordCount":3,"confidence":0.9,"source":"openstreetmap","sourceIds":["node/13299450394","node/13326721976","node/13392741450"]}},{"type":"Feature","geometry":{"type":"Point","coordinates":[69.285379,41.28026]},"properties":{"id":"transit_4986833724332579","name":"Nomsiz avtobus bekati","nameEn":null,"types":["platform"],"refs":[],"recordCount":1,"confidence":0.66,"source":"openstreetmap","sourceIds":["node/13299687025"]}},{"type":"Feature","geometry":{"type":"Point","coordinates":[69.286837,41.277987]},"properties":{"id":"transit_0c1b33c5f0bb299a","name":"Nomsiz avtobus bekati","nameEn":null,"types":["platform"],"refs":[],"recordCount":1,"confidence":0.66,"source":"openstreetmap","sourceIds":["node/13299687026"]}},{"type":"Feature","geometry":{"type":"Point","coordinates":[69.286945,41.276351]},"properties":{"id":"transit_93174767168adb6a","name":"Nomsiz avtobus bekati","nameEn":null,"types":["platform"],"refs":[],"recordCount":1,"confidence":0.66,"source":"openstreetmap","sourceIds":["node/13299687029"]}},{"type":"Feature","geometry":{"type":"Point","coordinates":[69.2842,41.273503]},"properties":{"id":"transit_e1a71c9f3f00602e","name":"Nomsiz avtobus bekati","nameEn":null,"types":["platform"],"refs":[],"recordCount":1,"confidence":0.66,"source":"openstreetmap","sourceIds":["node/13299687030"]}},{"type":"Feature","geometry":{"type":"Point","coordinates":[69.283612,41.269292]},"properties":{"id":"transit_a757664d13b96d3a","name":"Nomsiz avtobus bekati","nameEn":null,"types":["platform"],"refs":[],"recordCount":1,"confidence":0.66,"source":"openstreetmap","sourceIds":["node/13299687037"]}},{"type":"Feature","geometry":{"type":"Point","coordinates":[69.276546,41.269385]},"properties":{"id":"transit_b3349c0819eafc8c","name":"Nomsiz avtobus bekati","nameEn":null,"types":["platform"],"refs":[],"recordCount":1,"confidence":0.66,"source":"openstreetmap","sourceIds":["node/13299687038"]}},{"type":"Feature","geometry":{"type":"Point","coordinates":[69.279801,41.271983]},"properties":{"id":"transit_f5ccfcbdbcf78ffa","name":"Nomsiz avtobus bekati","nameEn":null,"types":["platform"],"refs":[],"recordCount":1,"confidence":0.66,"source":"openstreetmap","sourceIds":["node/13299687050"]}},{"type":"Feature","geometry":{"type":"Point","coordinates":[69.283842,41.273507]},"properties":{"id":"transit_b9b53b0b35b91ff5","name":"Nomsiz avtobus bekati","nameEn":null,"types":["platform"],"refs":[],"recordCount":1,"confidence":0.66,"source":"openstreetmap","sourceIds":["node/13299687058"]}},{"type":"Feature","geometry":{"type":"Point","coordinates":[69.287049,41.276776]},"properties":{"id":"transit_4a55da495b46323c","name":"Nomsiz avtobus bekati","nameEn":null,"types":["platform"],"refs":[],"recordCount":1,"confidence":0.66,"source":"openstreetmap","sourceIds":["node/13299687070"]}},{"type":"Feature","geometry":{"type":"Point","coordinates":[69.28686,41.277699]},"properties":{"id":"transit_1cc3c486aef2e8ef","name":"Nomsiz avtobus bekati","nameEn":null,"types":["platform"],"refs":[],"recordCount":1,"confidence":0.66,"source":"openstreetmap","sourceIds":["node/13299687072"]}},{"type":"Feature","geometry":{"type":"Point","coordinates":[69.285175,41.280258]},"properties":{"id":"transit_fd94bcc880980b73","name":"Nomsiz avtobus bekati","nameEn":null,"types":["platform"],"refs":[],"recordCount":1,"confidence":0.66,"source":"openstreetmap","sourceIds":["node/13299687086"]}},{"type":"Feature","geometry":{"type":"Point","coordinates":[69.278378,41.290557]},"properties":{"id":"transit_3850ab74bd3ca3a4","name":"Nomsiz avtobus bekati","nameEn":null,"types":["platform"],"refs":[],"recordCount":1,"confidence":0.66,"source":"openstreetmap","sourceIds":["node/13299709320"]}},{"type":"Feature","geometry":{"type":"Point","coordinates":[69.202238,41.179019]},"properties":{"id":"transit_720b7d42cc25e072","name":"Nomsiz avtobus bekati","nameEn":null,"types":["platform"],"refs":[],"recordCount":1,"confidence":0.66,"source":"openstreetmap","sourceIds":["node/13301673508"]}},{"type":"Feature","geometry":{"type":"Point","coordinates":[69.234508,41.16704]},"properties":{"id":"transit_41fa394f3d22aa54","name":"Nomsiz avtobus bekati","nameEn":null,"types":["platform"],"refs":[],"recordCount":1,"confidence":0.66,"source":"openstreetmap","sourceIds":["node/13301673520"]}},{"type":"Feature","geometry":{"type":"Point","coordinates":[69.23534,41.166273]},"properties":{"id":"transit_01018b21b5490760","name":"Nomsiz avtobus bekati","nameEn":null,"types":["platform"],"refs":[],"recordCount":1,"confidence":0.66,"source":"openstreetmap","sourceIds":["node/13301673521"]}},{"type":"Feature","geometry":{"type":"Point","coordinates":[69.333661,41.202675]},"properties":{"id":"transit_047df291107bffa6","name":"Nomsiz avtobus bekati","nameEn":null,"types":["platform"],"refs":[],"recordCount":1,"confidence":0.66,"source":"openstreetmap","sourceIds":["node/13301673587"]}},{"type":"Feature","geometry":{"type":"Point","coordinates":[69.331246,41.201343]},"properties":{"id":"transit_7b5a31796bd5204d","name":"Nomsiz avtobus bekati","nameEn":null,"types":["platform"],"refs":[],"recordCount":1,"confidence":0.66,"source":"openstreetmap","sourceIds":["node/13301673588"]}},{"type":"Feature","geometry":{"type":"Point","coordinates":[69.348632,41.214297]},"properties":{"id":"transit_62d3a0ce8cf3381c","name":"Nomsiz avtobus bekati","nameEn":null,"types":["platform"],"refs":[],"recordCount":1,"confidence":0.66,"source":"openstreetmap","sourceIds":["node/13301673601"]}},{"type":"Feature","geometry":{"type":"Point","coordinates":[69.349947,41.214798]},"properties":{"id":"transit_335cfbb7e4d055d7","name":"Nomsiz avtobus bekati","nameEn":null,"types":["platform"],"refs":[],"recordCount":1,"confidence":0.66,"source":"openstreetmap","sourceIds":["node/13301673602"]}},{"type":"Feature","geometry":{"type":"Point","coordinates":[69.271036,41.375904]},"properties":{"id":"transit_394fdadc09efece4","name":"Nomsiz avtobus bekati","nameEn":null,"types":["platform","stop_position"],"refs":[],"recordCount":2,"confidence":0.78,"source":"openstreetmap","sourceIds":["node/13341109598","node/13341109599"]}},{"type":"Feature","geometry":{"type":"Point","coordinates":[69.27172,41.374963]},"properties":{"id":"transit_8ea0db8900a6d067","name":"Nomsiz avtobus bekati","nameEn":null,"types":["platform"],"refs":[],"recordCount":1,"confidence":0.66,"source":"openstreetmap","sourceIds":["node/13341120401"]}},{"type":"Feature","geometry":{"type":"Point","coordinates":[69.271867,41.375036]},"properties":{"id":"transit_4a1e8c5918d3c534","name":"Nomsiz avtobus bekati","nameEn":null,"types":["stop_position"],"refs":[],"recordCount":1,"confidence":0.66,"source":"openstreetmap","sourceIds":["node/13341120402"]}},{"type":"Feature","geometry":{"type":"Point","coordinates":[69.263988,41.372087]},"properties":{"id":"transit_5506317121a45055","name":"Nomsiz avtobus bekati","nameEn":null,"types":["platform","stop_position"],"refs":[],"recordCount":2,"confidence":0.78,"source":"openstreetmap","sourceIds":["node/13341120416","node/13341120418"]}},{"type":"Feature","geometry":{"type":"Point","coordinates":[69.19882,41.218219]},"properties":{"id":"transit_8ecf5aea8f02adb4","name":"Nomsiz avtobus bekati","nameEn":null,"types":["stop_position"],"refs":[],"recordCount":1,"confidence":0.66,"source":"openstreetmap","sourceIds":["node/13352013981"]}},{"type":"Feature","geometry":{"type":"Point","coordinates":[69.31865,41.310161]},"properties":{"id":"transit_ccc626022bb250aa","name":"Nomsiz avtobus bekati","nameEn":null,"types":["stop_position"],"refs":[],"recordCount":1,"confidence":0.66,"source":"openstreetmap","sourceIds":["node/13391400896"]}},{"type":"Feature","geometry":{"type":"Point","coordinates":[69.16178,41.306862]},"properties":{"id":"transit_81e7d527b2ceb293","name":"Nomsiz avtobus bekati","nameEn":null,"types":["stop_position"],"refs":[],"recordCount":1,"confidence":0.66,"source":"openstreetmap","sourceIds":["node/13393175406"]}},{"type":"Feature","geometry":{"type":"Point","coordinates":[69.178629,41.335494]},"properties":{"id":"transit_b37e6931414e6e49","name":"Nomsiz avtobus bekati","nameEn":null,"types":["stop_position"],"refs":[],"recordCount":1,"confidence":0.66,"source":"openstreetmap","sourceIds":["node/13426651877"]}},{"type":"Feature","geometry":{"type":"Point","coordinates":[69.328534,41.344948]},"properties":{"id":"transit_c527537283575511","name":"Nomsiz avtobus bekati","nameEn":null,"types":["stop_position"],"refs":[],"recordCount":1,"confidence":0.66,"source":"openstreetmap","sourceIds":["node/13618378762"]}},{"type":"Feature","geometry":{"type":"Point","coordinates":[69.370266,41.340968]},"properties":{"id":"transit_86a82dbd90fed75a","name":"Nomsiz avtobus bekati","nameEn":null,"types":["stop_position"],"refs":[],"recordCount":1,"confidence":0.66,"source":"openstreetmap","sourceIds":["node/13618378772"]}},{"type":"Feature","geometry":{"type":"Point","coordinates":[69.217751,41.287481]},"properties":{"id":"transit_6be369a589948131","name":"Nomsiz avtobus bekati","nameEn":null,"types":["platform"],"refs":[],"recordCount":1,"confidence":0.66,"source":"openstreetmap","sourceIds":["node/13666312296"]}},{"type":"Feature","geometry":{"type":"Point","coordinates":[69.163625,41.317979]},"properties":{"id":"transit_f2f140b33e90d564","name":"Nonvoyxona","nameEn":null,"types":["stop_position"],"refs":[],"recordCount":1,"confidence":0.76,"source":"openstreetmap","sourceIds":["node/13393175442"]}},{"type":"Feature","geometry":{"type":"Point","coordinates":[69.224462,41.291332]},"properties":{"id":"transit_c95c2c1a3f204aaf","name":"Novza metro bekati","nameEn":null,"types":["platform","stop_position"],"refs":[],"recordCount":4,"confidence":0.96,"source":"openstreetmap","sourceIds":["node/13357905505","node/13357905506","node/564648038","node/7368941851"]}},{"type":"Feature","geometry":{"type":"Point","coordinates":[69.224388,41.292516]},"properties":{"id":"transit_d5e15ea28e19581f","name":"Novza metro bekati","nameEn":null,"types":["stop_position"],"refs":[],"recordCount":1,"confidence":0.76,"source":"openstreetmap","sourceIds":["node/13357903094"]}},{"type":"Feature","geometry":{"type":"Point","coordinates":[69.289931,41.300819]},"properties":{"id":"transit_1a9d0fb4fc8124b5","name":"Nukus ko'chasi","nameEn":"Nukus street","types":["platform","stop_position"],"refs":[],"recordCount":4,"confidence":0.96,"source":"openstreetmap","sourceIds":["node/5363052425","node/5372202122","node/7899249926","node/7899249927"]}},{"type":"Feature","geometry":{"type":"Point","coordinates":[69.316972,41.37975]},"properties":{"id":"transit_d5e0fe80b3fd1a44","name":"Nuroniy oromgoxi","nameEn":null,"types":["platform","stop_position"],"refs":[],"recordCount":4,"confidence":0.96,"source":"openstreetmap","sourceIds":["node/13342647739","node/13342647740","node/13342647741","node/5724392023"]}},{"type":"Feature","geometry":{"type":"Point","coordinates":[69.253016,41.251807]},"properties":{"id":"transit_7d1e7b13cad9282d","name":"Obirahmat mahallasi","nameEn":null,"types":["platform"],"refs":[],"recordCount":1,"confidence":0.76,"source":"openstreetmap","sourceIds":["node/3052510021"]}},{"type":"Feature","geometry":{"type":"Point","coordinates":[69.252597,41.252494]},"properties":{"id":"transit_b4c4def0e7c50cf0","name":"Obirahmat mahallasi","nameEn":null,"types":["platform"],"refs":[],"recordCount":1,"confidence":0.76,"source":"openstreetmap","sourceIds":["node/7824442862"]}},{"type":"Feature","geometry":{"type":"Point","coordinates":[69.308673,41.277423]},"properties":{"id":"transit_c4748320ee85afb9","name":"Obishir ko'chasi","nameEn":null,"types":["stop_position"],"refs":[],"recordCount":1,"confidence":0.76,"source":"openstreetmap","sourceIds":["node/13534580229"]}},{"type":"Feature","geometry":{"type":"Point","coordinates":[69.265143,41.245097]},"properties":{"id":"transit_57c0255147e7e462","name":"Obod mahallasi","nameEn":null,"types":["platform","stop_position"],"refs":[],"recordCount":2,"confidence":0.88,"source":"openstreetmap","sourceIds":["node/13324929850","node/3051433029"]}},{"type":"Feature","geometry":{"type":"Point","coordinates":[69.265685,41.244249]},"properties":{"id":"transit_0ecebe59d31a8428","name":"Obod mahallasi","nameEn":null,"types":["platform","stop_position"],"refs":[],"recordCount":2,"confidence":0.88,"source":"openstreetmap","sourceIds":["node/13324929851","node/6490374286"]}},{"type":"Feature","geometry":{"type":"Point","coordinates":[69.308405,41.252529]},"properties":{"id":"transit_f186dcf6a5ed7c23","name":"Olimpiya savdo markazi","nameEn":null,"types":["platform","stop_position"],"refs":[],"recordCount":4,"confidence":0.96,"source":"openstreetmap","sourceIds":["node/1037210899","node/1037210900","node/1654756084","node/1654756093"]}},{"type":"Feature","geometry":{"type":"Point","coordinates":[69.333182,41.34207]},"properties":{"id":"transit_d457359859e50c55","name":"Oliy Himmat","nameEn":null,"types":["stop_position"],"refs":[],"recordCount":2,"confidence":0.88,"source":"openstreetmap","sourceIds":["node/13612699374","node/13618378767"]}},{"type":"Feature","geometry":{"type":"Point","coordinates":[69.331133,41.351112]},"properties":{"id":"transit_d384c95ab3d069b9","name":"Oliy Himmat ko'chasi","nameEn":null,"types":["stop_position"],"refs":[],"recordCount":1,"confidence":0.76,"source":"openstreetmap","sourceIds":["node/2012049660"]}},{"type":"Feature","geometry":{"type":"Point","coordinates":[69.328841,41.351217]},"properties":{"id":"transit_f2e55c2a0dd1c25c","name":"Oliy Himmat ko'chasi","nameEn":null,"types":["stop_position"],"refs":[],"recordCount":1,"confidence":0.76,"source":"openstreetmap","sourceIds":["node/2012049661"]}},{"type":"Feature","geometry":{"type":"Point","coordinates":[69.330902,41.352145]},"properties":{"id":"transit_e9e42e78934079d3","name":"Oliy Himmat ko'chasi","nameEn":null,"types":["stop_position"],"refs":[],"recordCount":1,"confidence":0.76,"source":"openstreetmap","sourceIds":["node/4303579298"]}},{"type":"Feature","geometry":{"type":"Point","coordinates":[69.195739,41.256335]},"properties":{"id":"transit_11fbaed5d4ce4f1f","name":"Olmazor metro bekati","nameEn":null,"types":["stop_position"],"refs":[],"recordCount":1,"confidence":0.76,"source":"openstreetmap","sourceIds":["node/5277812649"]}},{"type":"Feature","geometry":{"type":"Point","coordinates":[69.281857,41.319465]},"properties":{"id":"transit_9512f0b370901cb8","name":"Oloy bozori","nameEn":"Alay bazar","types":["stop_position"],"refs":[],"recordCount":1,"confidence":0.76,"source":"openstreetmap","sourceIds":["node/1192364478"]}},{"type":"Feature","geometry":{"type":"Point","coordinates":[69.281293,41.318779]},"properties":{"id":"transit_3038c95daadf6864","name":"Oloy bozori","nameEn":null,"types":["stop_position"],"refs":[],"recordCount":1,"confidence":0.76,"source":"openstreetmap","sourceIds":["node/13317658891"]}},{"type":"Feature","geometry":{"type":"Point","coordinates":[69.305954,41.271472]},"properties":{"id":"transit_bd7500dc73b2b61f","name":"Oltinko'l 2-tor ko'chasi","nameEn":null,"types":["platform","stop_position"],"refs":[],"recordCount":3,"confidence":0.96,"source":"openstreetmap","sourceIds":["node/12092272875","node/13320072491","node/13320072492"]}},{"type":"Feature","geometry":{"type":"Point","coordinates":[69.334284,41.314297]},"properties":{"id":"transit_c0829e99e2a820a0","name":"Oltintepa 5-o'tish ko'chasi","nameEn":null,"types":["bus_stop"],"refs":[],"recordCount":2,"confidence":0.88,"source":"openstreetmap","sourceIds":["node/3614216149","node/4233004369"]}},{"type":"Feature","geometry":{"type":"Point","coordinates":[69.329821,41.31227]},"properties":{"id":"transit_ab70a70f4676af41","name":"Oltintepa ko'chasi","nameEn":null,"types":["stop_position"],"refs":[],"recordCount":1,"confidence":0.76,"source":"openstreetmap","sourceIds":["node/3614216142"]}},{"type":"Feature","geometry":{"type":"Point","coordinates":[69.331203,41.312576]},"properties":{"id":"transit_1ebdeaf95b1f8136","name":"Oltintepa ko'chasi","nameEn":null,"types":["platform","stop_position"],"refs":[],"recordCount":3,"confidence":0.96,"source":"openstreetmap","sourceIds":["node/13391420503","node/4350617529","node/5437491123"]}},{"type":"Feature","geometry":{"type":"Point","coordinates":[69.162411,41.315259]},"properties":{"id":"transit_37fae8ad81412d47","name":"Ona va bola markazi","nameEn":null,"types":["stop_position"],"refs":[],"recordCount":1,"confidence":0.76,"source":"openstreetmap","sourceIds":["node/6112503070"]}},{"type":"Feature","geometry":{"type":"Point","coordinates":[69.161215,41.314923]},"properties":{"id":"transit_9a662a3ea286ab34","name":"Ona va bola markazi","nameEn":null,"types":["platform","stop_position"],"refs":[],"recordCount":2,"confidence":0.88,"source":"openstreetmap","sourceIds":["node/13393175409","node/13393175410"]}},{"type":"Feature","geometry":{"type":"Point","coordinates":[69.208527,41.284452]},"properties":{"id":"transit_1cc16eaf48a5f073","name":"Operetta teatri","nameEn":null,"types":["platform"],"refs":[],"recordCount":1,"confidence":0.76,"source":"openstreetmap","sourceIds":["node/4741461927"]}},{"type":"Feature","geometry":{"type":"Point","coordinates":[69.208043,41.285111]},"properties":{"id":"transit_4beb8da8d6f49683","name":"Operetta teatri","nameEn":null,"types":["platform","stop_position"],"refs":[],"recordCount":2,"confidence":0.88,"source":"openstreetmap","sourceIds":["node/13184687409","node/5864533434"]}},{"type":"Feature","geometry":{"type":"Point","coordinates":[69.319613,41.268038]},"properties":{"id":"transit_bae6663a13e8e634","name":"Oqdaryo tor ko'chasi","nameEn":null,"types":["platform","stop_position"],"refs":[],"recordCount":2,"confidence":0.88,"source":"openstreetmap","sourceIds":["node/13383918641","node/4714604789"]}},{"type":"Feature","geometry":{"type":"Point","coordinates":[69.321015,41.268307]},"properties":{"id":"transit_2d56056dc15cba40","name":"Oqdaryo tor ko'chasi","nameEn":null,"types":["platform","stop_position"],"refs":[],"recordCount":2,"confidence":0.88,"source":"openstreetmap","sourceIds":["node/13383918640","node/4714604790"]}},{"type":"Feature","geometry":{"type":"Point","coordinates":[69.210479,41.322674]},"properties":{"id":"transit_f1edb1af752b9eb7","name":"Oqlon mahallasi","nameEn":null,"types":["platform"],"refs":[],"recordCount":1,"confidence":0.76,"source":"openstreetmap","sourceIds":["node/13246453181"]}},{"type":"Feature","geometry":{"type":"Point","coordinates":[69.316123,41.360305]},"properties":{"id":"transit_cf8c7fb29557d866","name":"Oqtepa","nameEn":"Aktepa","types":["platform"],"refs":[],"recordCount":1,"confidence":0.76,"source":"openstreetmap","sourceIds":["node/4939431625"]}},{"type":"Feature","geometry":{"type":"Point","coordinates":[69.325526,41.369008]},"properties":{"id":"transit_416d50abcbd617ef","name":"Oqtepa 7-tor ko'chasi","nameEn":null,"types":["platform","stop_position"],"refs":[],"recordCount":3,"confidence":0.96,"source":"openstreetmap","sourceIds":["node/13339363555","node/13339363556","node/4939438121"]}},{"type":"Feature","geometry":{"type":"Point","coordinates":[69.194204,41.209119]},"properties":{"id":"transit_708c78ec3fc2ee15","name":"Oriyat mahallasi","nameEn":null,"types":["platform","stop_position"],"refs":[],"recordCount":4,"confidence":0.96,"source":"openstreetmap","sourceIds":["node/13352013903","node/13352013904","node/13352013907","node/13352013909"]}},{"type":"Feature","geometry":{"type":"Point","coordinates":[69.176819,41.246886]},"properties":{"id":"transit_e98e24b10ded9482","name":"Otchopar","nameEn":"Hippodrome","types":["platform","stop_position"],"refs":[],"recordCount":2,"confidence":0.88,"source":"openstreetmap","sourceIds":["node/10746504477","node/5109136423"]}},{"type":"Feature","geometry":{"type":"Point","coordinates":[69.179652,41.247844]},"properties":{"id":"transit_c436245b69789d1b","name":"Otchopar","nameEn":"Hippodrome","types":["platform","stop_position"],"refs":[],"recordCount":2,"confidence":0.88,"source":"openstreetmap","sourceIds":["node/13409294066","node/13409294067"]}},{"type":"Feature","geometry":{"type":"Point","coordinates":[69.272355,41.298232]},"properties":{"id":"transit_8f8f59cc52c2d30d","name":"Oybek metrosi","nameEn":"Aybek metro","types":["platform","stop_position"],"refs":["Метро Ойбек"],"recordCount":3,"confidence":0.96,"source":"openstreetmap","sourceIds":["node/13317658838","node/5922476398","node/914197240"]}},{"type":"Feature","geometry":{"type":"Point","coordinates":[69.272743,41.299358]},"properties":{"id":"transit_479c424232c02644","name":"Oybek metrosi","nameEn":"Aybek metro","types":["stop_position"],"refs":[],"recordCount":1,"confidence":0.76,"source":"openstreetmap","sourceIds":["node/914197243"]}},{"type":"Feature","geometry":{"type":"Point","coordinates":[69.272965,41.342305]},"properties":{"id":"transit_d66251b9f8cf852c","name":"Oybek uy muzeyi","nameEn":null,"types":["bus_stop"],"refs":[],"recordCount":1,"confidence":0.76,"source":"openstreetmap","sourceIds":["node/6752634786"]}},{"type":"Feature","geometry":{"type":"Point","coordinates":[69.217948,41.247561]},"properties":{"id":"transit_f5ab58c14dfd6d8b","name":"Ozgarish qo'rg'oni","nameEn":null,"types":["platform","stop_position"],"refs":[],"recordCount":2,"confidence":0.88,"source":"openstreetmap","sourceIds":["node/13348321224","node/4260183689"]}},{"type":"Feature","geometry":{"type":"Point","coordinates":[69.218104,41.248543]},"properties":{"id":"transit_0d0ee4f066f8356f","name":"Ozgarish qo'rg'oni","nameEn":null,"types":["platform","stop_position"],"refs":[],"recordCount":2,"confidence":0.88,"source":"openstreetmap","sourceIds":["node/13348321225","node/4270045091"]}},{"type":"Feature","geometry":{"type":"Point","coordinates":[69.335967,41.30951]},"properties":{"id":"transit_93c27196dfdc5f8e","name":"Parkent 5-tor ko'chasi","nameEn":null,"types":["platform","stop_position"],"refs":[],"recordCount":3,"confidence":0.96,"source":"openstreetmap","sourceIds":["node/13448639871","node/13448639872","node/13448639884"]}},{"type":"Feature","geometry":{"type":"Point","coordinates":[69.32574,41.314894]},"properties":{"id":"transit_3a7366ac2c2fcd36","name":"Parkent bozori","nameEn":null,"types":["stop_position"],"refs":[],"recordCount":1,"confidence":0.76,"source":"openstreetmap","sourceIds":["node/4475397914"]}},{"type":"Feature","geometry":{"type":"Point","coordinates":[69.321178,41.315551]},"properties":{"id":"transit_944c949529b9a325","name":"Parkent bozori","nameEn":null,"types":["stop_position"],"refs":[],"recordCount":1,"confidence":0.76,"source":"openstreetmap","sourceIds":["node/4475424986"]}},{"type":"Feature","geometry":{"type":"Point","coordinates":[69.254274,41.317777]},"properties":{"id":"transit_5c50813e724164dd","name":"Paxtakor metrosi","nameEn":null,"types":["stop_position"],"refs":[],"recordCount":1,"confidence":0.76,"source":"openstreetmap","sourceIds":["node/7832983861"]}},{"type":"Feature","geometry":{"type":"Point","coordinates":[69.19422,41.34875]},"properties":{"id":"transit_9825e751ef662ecc","name":"Paxtachi koʻchasi","nameEn":null,"types":["platform"],"refs":[],"recordCount":2,"confidence":0.88,"source":"openstreetmap","sourceIds":["node/5359046759","node/7824442873"]}},{"type":"Feature","geometry":{"type":"Point","coordinates":[69.355026,41.320598]},"properties":{"id":"transit_f7bd04d877889ee9","name":"Paynet","nameEn":null,"types":["bus_stop"],"refs":[],"recordCount":1,"confidence":0.76,"source":"openstreetmap","sourceIds":["node/4299019895"]}},{"type":"Feature","geometry":{"type":"Point","coordinates":[69.212131,41.299163]},"properties":{"id":"transit_c83d27198aa5edd6","name":"Pedagogika texnikumi","nameEn":null,"types":["platform","stop_position"],"refs":[],"recordCount":4,"confidence":0.96,"source":"openstreetmap","sourceIds":["node/13181503826","node/13181503827","node/2004304133","node/2363467811"]}},{"type":"Feature","geometry":{"type":"Point","coordinates":[69.211867,41.300567]},"properties":{"id":"transit_e1ca358e0e2efe6c","name":"Pedagogika texnikumi","nameEn":null,"types":["stop_position"],"refs":[],"recordCount":1,"confidence":0.76,"source":"openstreetmap","sourceIds":["node/2363478519"]}},{"type":"Feature","geometry":{"type":"Point","coordinates":[69.2133,41.300524]},"properties":{"id":"transit_e2e1defb64b844b3","name":"Pedagogika texnikumi","nameEn":null,"types":["stop_position"],"refs":[],"recordCount":1,"confidence":0.76,"source":"openstreetmap","sourceIds":["node/2363478522"]}},{"type":"Feature","geometry":{"type":"Point","coordinates":[69.334634,41.355177]},"properties":{"id":"transit_f0cec99c689f865e","name":"Pediatriya instituti","nameEn":null,"types":["stop_position"],"refs":[],"recordCount":1,"confidence":0.76,"source":"openstreetmap","sourceIds":["node/4303580094"]}},{"type":"Feature","geometry":{"type":"Point","coordinates":[69.33338,41.354209]},"properties":{"id":"transit_36f54fde4a928335","name":"Pediatriya instituti","nameEn":null,"types":["stop_position"],"refs":[],"recordCount":1,"confidence":0.76,"source":"openstreetmap","sourceIds":["node/4303580898"]}},{"type":"Feature","geometry":{"type":"Point","coordinates":[69.332394,41.363896]},"properties":{"id":"transit_df96b8305d39fc66","name":"PMI klinikasi","nameEn":null,"types":["stop_position"],"refs":[],"recordCount":1,"confidence":0.76,"source":"openstreetmap","sourceIds":["node/4901469922"]}},{"type":"Feature","geometry":{"type":"Point","coordinates":[69.333249,41.363015]},"properties":{"id":"transit_e21a8b68b5d5054e","name":"PMI klinikasi","nameEn":null,"types":["platform","stop_position"],"refs":[],"recordCount":2,"confidence":0.88,"source":"openstreetmap","sourceIds":["node/13339363552","node/6953489286"]}},{"type":"Feature","geometry":{"type":"Point","coordinates":[69.168149,41.336192]},"properties":{"id":"transit_5739e57a0baef5bd","name":"Poliklinika","nameEn":null,"types":["stop_position"],"refs":[],"recordCount":1,"confidence":0.76,"source":"openstreetmap","sourceIds":["node/6091356089"]}},{"type":"Feature","geometry":{"type":"Point","coordinates":[69.347061,41.289745]},"properties":{"id":"transit_6d5f5d059e92d604","name":"Poliklinika","nameEn":null,"types":["stop_position"],"refs":[],"recordCount":2,"confidence":0.88,"source":"openstreetmap","sourceIds":["node/13534580273","node/13534580309"]}},{"type":"Feature","geometry":{"type":"Point","coordinates":[69.324528,41.324452]},"properties":{"id":"transit_8d355736fe5f2c26","name":"Politologiya instituti","nameEn":null,"types":["platform","stop_position"],"refs":[],"recordCount":2,"confidence":0.88,"source":"openstreetmap","sourceIds":["node/1106258027","node/7906882889"]}},{"type":"Feature","geometry":{"type":"Point","coordinates":[69.323388,41.325411]},"properties":{"id":"transit_caf6a36434f1884b","name":"Politologiya instituti","nameEn":null,"types":["platform","stop_position"],"refs":[],"recordCount":3,"confidence":0.96,"source":"openstreetmap","sourceIds":["node/11973878178","node/13392724364","node/1899864992"]}},{"type":"Feature","geometry":{"type":"Point","coordinates":[69.322667,41.251957]},"properties":{"id":"transit_95aba23f87b4845d","name":"Pochta","nameEn":null,"types":["stop_position"],"refs":[],"recordCount":1,"confidence":0.76,"source":"openstreetmap","sourceIds":["node/2012617892"]}},{"type":"Feature","geometry":{"type":"Point","coordinates":[69.323153,41.252789]},"properties":{"id":"transit_59cff1bb628ece3c","name":"Pochta","nameEn":null,"types":["stop_position"],"refs":[],"recordCount":1,"confidence":0.76,"source":"openstreetmap","sourceIds":["node/4665646609"]}},{"type":"Feature","geometry":{"type":"Point","coordinates":[69.322338,41.252907]},"properties":{"id":"transit_f23dd314066e2f5c","name":"Pochta bekati (Zaytun Evos)","nameEn":null,"types":["stop_position"],"refs":[],"recordCount":1,"confidence":0.76,"source":"openstreetmap","sourceIds":["node/7029537485"]}},{"type":"Feature","geometry":{"type":"Point","coordinates":[69.187468,41.363259]},"properties":{"id":"transit_2e2fd7026b645834","name":"Professorlar mavzesi","nameEn":null,"types":["bus_stop"],"refs":[],"recordCount":1,"confidence":0.76,"source":"openstreetmap","sourceIds":["node/5323204071"]}},{"type":"Feature","geometry":{"type":"Point","coordinates":[69.277981,41.321716]},"properties":{"id":"transit_26401c2ac6704f1f","name":"Qashqar dahasi","nameEn":null,"types":["stop_position"],"refs":[],"recordCount":1,"confidence":0.76,"source":"openstreetmap","sourceIds":["node/2122550310"]}},{"type":"Feature","geometry":{"type":"Point","coordinates":[69.301063,41.24435]},"properties":{"id":"transit_6255d1fe2779f774","name":"Qiyot metrosi","nameEn":null,"types":["platform","stop_position"],"refs":[],"recordCount":2,"confidence":0.88,"source":"openstreetmap","sourceIds":["node/10956755307","node/13322774125"]}},{"type":"Feature","geometry":{"type":"Point","coordinates":[69.319499,41.349441]},"properties":{"id":"transit_f8ba0d724ae5c606","name":"Qizilqo'rg'on kochasi","nameEn":null,"types":["platform","stop_position"],"refs":[],"recordCount":2,"confidence":0.88,"source":"openstreetmap","sourceIds":["node/13421332039","node/4303678689"]}},{"type":"Feature","geometry":{"type":"Point","coordinates":[69.321117,41.349171]},"properties":{"id":"transit_ac328f67d11092bf","name":"Qizilqo'rg'on kochasi","nameEn":null,"types":["stop_position"],"refs":[],"recordCount":1,"confidence":0.76,"source":"openstreetmap","sourceIds":["node/6018062324"]}},{"type":"Feature","geometry":{"type":"Point","coordinates":[69.321714,41.350042]},"properties":{"id":"transit_24074139bbe61d53","name":"Qizilqo'rg'on kochasi","nameEn":null,"types":["stop_position"],"refs":[],"recordCount":1,"confidence":0.76,"source":"openstreetmap","sourceIds":["node/13421332038"]}},{"type":"Feature","geometry":{"type":"Point","coordinates":[69.240599,41.34861]},"properties":{"id":"transit_3894ec56f7bdc53c","name":"Qorasaroy","nameEn":null,"types":["bus_stop"],"refs":[],"recordCount":1,"confidence":0.76,"source":"openstreetmap","sourceIds":["node/1770608953"]}},{"type":"Feature","geometry":{"type":"Point","coordinates":[69.242949,41.341471]},"properties":{"id":"transit_e3c8c65acf031fd9","name":"Qorasaroy koʻchasi","nameEn":null,"types":["platform","stop_position"],"refs":[],"recordCount":2,"confidence":0.88,"source":"openstreetmap","sourceIds":["node/13326721947","node/13326721948"]}},{"type":"Feature","geometry":{"type":"Point","coordinates":[69.241221,41.341875]},"properties":{"id":"transit_43b70e4c4aaa70fe","name":"Qorasaroy koʻchasi","nameEn":null,"types":["platform","stop_position"],"refs":[],"recordCount":2,"confidence":0.88,"source":"openstreetmap","sourceIds":["node/13326721949","node/13326721950"]}},{"type":"Feature","geometry":{"type":"Point","coordinates":[69.375482,41.334104]},"properties":{"id":"transit_29fa08bd77d32377","name":"Qorasuv 1-mavzesi","nameEn":"89 avtobus oxiri","types":["stop_position"],"refs":[],"recordCount":2,"confidence":0.88,"source":"openstreetmap","sourceIds":["node/13429276690","node/7035339085"]}},{"type":"Feature","geometry":{"type":"Point","coordinates":[69.365278,41.331412]},"properties":{"id":"transit_8358ad55acb39f9c","name":"Qorasuv 2-mavzesi","nameEn":null,"types":["stop_position"],"refs":[],"recordCount":1,"confidence":0.76,"source":"openstreetmap","sourceIds":["node/4535929290"]}},{"type":"Feature","geometry":{"type":"Point","coordinates":[69.36606,41.331853]},"properties":{"id":"transit_e9f5b992e0f1ccf1","name":"Qorasuv 2-mavzesi","nameEn":null,"types":["stop_position"],"refs":[],"recordCount":1,"confidence":0.76,"source":"openstreetmap","sourceIds":["node/4535940692"]}},{"type":"Feature","geometry":{"type":"Point","coordinates":[69.266616,41.2251]},"properties":{"id":"transit_30de39b06e38c6d1","name":"Qorasuv boshqarish jamoa xo'jaligi","nameEn":null,"types":["platform","stop_position"],"refs":[],"recordCount":4,"confidence":0.96,"source":"openstreetmap","sourceIds":["node/11927043346","node/13326560034","node/13326560035","node/13326560036"]}},{"type":"Feature","geometry":{"type":"Point","coordinates":[69.355771,41.316547]},"properties":{"id":"transit_59badc3b00c68736","name":"Qorasuv dahasi 6-mavze","nameEn":null,"types":["platform","stop_position"],"refs":[],"recordCount":3,"confidence":0.96,"source":"openstreetmap","sourceIds":["node/13448639836","node/4831271325","node/4831277922"]}},{"type":"Feature","geometry":{"type":"Point","coordinates":[69.217011,41.279378]},"properties":{"id":"transit_fde53f2dea591a84","name":"Qozirabod mahallasi","nameEn":null,"types":["platform"],"refs":[],"recordCount":1,"confidence":0.76,"source":"openstreetmap","sourceIds":["node/3409273384"]}},{"type":"Feature","geometry":{"type":"Point","coordinates":[69.218324,41.278277]},"properties":{"id":"transit_ef9980324d4ad9a1","name":"Qozirabod mahallasi","nameEn":null,"types":["platform","stop_position"],"refs":[],"recordCount":2,"confidence":0.88,"source":"openstreetmap","sourceIds":["node/13411338022","node/4945532232"]}},{"type":"Feature","geometry":{"type":"Point","coordinates":[69.218366,41.279173]},"properties":{"id":"transit_259d1a7bc7632cad","name":"Qozirabod mahallasi","nameEn":null,"types":["platform"],"refs":[],"recordCount":1,"confidence":0.76,"source":"openstreetmap","sourceIds":["node/5242991122"]}},{"type":"Feature","geometry":{"type":"Point","coordinates":[69.217109,41.278341]},"properties":{"id":"transit_ac4a66331b83364d","name":"Qozirabod mahallasi","nameEn":null,"types":["stop_position"],"refs":[],"recordCount":1,"confidence":0.76,"source":"openstreetmap","sourceIds":["node/7498724121"]}},{"type":"Feature","geometry":{"type":"Point","coordinates":[69.383895,41.24237]},"properties":{"id":"transit_b628e31e67af4c7c","name":"Qoziyon koʻchasi","nameEn":null,"types":["stop_position"],"refs":[],"recordCount":1,"confidence":0.76,"source":"openstreetmap","sourceIds":["node/13626605791"]}},{"type":"Feature","geometry":{"type":"Point","coordinates":[69.3385,41.285973]},"properties":{"id":"transit_c95b1201312347ba","name":"Qozonxona","nameEn":null,"types":["platform","stop_position"],"refs":[],"recordCount":3,"confidence":0.96,"source":"openstreetmap","sourceIds":["node/13534580268","node/13534580334","node/4448657793"]}},{"type":"Feature","geometry":{"type":"Point","coordinates":[69.337338,41.286474]},"properties":{"id":"transit_de245862c792e8e4","name":"Qozonxona","nameEn":null,"types":["stop_position"],"refs":[],"recordCount":1,"confidence":0.76,"source":"openstreetmap","sourceIds":["node/13534580267"]}},{"type":"Feature","geometry":{"type":"Point","coordinates":[69.256561,41.249945]},"properties":{"id":"transit_abb35907163d2d69","name":"Qumariq mahallasi","nameEn":null,"types":["platform"],"refs":[],"recordCount":1,"confidence":0.76,"source":"openstreetmap","sourceIds":["node/7824442869"]}},{"type":"Feature","geometry":{"type":"Point","coordinates":[69.147876,41.268102]},"properties":{"id":"transit_14f0038a42a5b374","name":"Qurilish ko'chasi","nameEn":null,"types":["stop_position"],"refs":[],"recordCount":2,"confidence":0.88,"source":"openstreetmap","sourceIds":["node/4856852822","node/4856886121"]}},{"type":"Feature","geometry":{"type":"Point","coordinates":[69.358713,41.245958]},"properties":{"id":"transit_b775c1b53efe9609","name":"Qurilish tresti","nameEn":null,"types":["platform","stop_position"],"refs":[],"recordCount":2,"confidence":0.88,"source":"openstreetmap","sourceIds":["node/13376416785","node/4556529259"]}},{"type":"Feature","geometry":{"type":"Point","coordinates":[69.361132,41.246457]},"properties":{"id":"transit_8f85079e5ac9d9ae","name":"Qurilish tresti","nameEn":null,"types":["stop_position"],"refs":[],"recordCount":1,"confidence":0.76,"source":"openstreetmap","sourceIds":["node/4772094821"]}},{"type":"Feature","geometry":{"type":"Point","coordinates":[69.258461,41.219804]},"properties":{"id":"transit_cc26f57c0b82ab85","name":"Quruvchi metro mekati","nameEn":null,"types":["platform","stop_position"],"refs":[],"recordCount":2,"confidence":0.88,"source":"openstreetmap","sourceIds":["node/11927064614","node/13326560033"]}},{"type":"Feature","geometry":{"type":"Point","coordinates":[69.259346,41.22128]},"properties":{"id":"transit_6e26443ab8809efe","name":"Quruvchi metro mekati","nameEn":null,"types":["platform","stop_position"],"refs":[],"recordCount":2,"confidence":0.88,"source":"openstreetmap","sourceIds":["node/13326560031","node/13326560032"]}},{"type":"Feature","geometry":{"type":"Point","coordinates":[69.262553,41.213345]},"properties":{"id":"transit_2f0086adcb2d26b7","name":"Quruvchilar dahasi","nameEn":null,"types":["platform","stop_position"],"refs":[],"recordCount":4,"confidence":0.96,"source":"openstreetmap","sourceIds":["node/13326559971","node/13326559972","node/13326559983","node/13326559984"]}},{"type":"Feature","geometry":{"type":"Point","coordinates":[69.246209,41.266879]},"properties":{"id":"transit_3a18a2ce9f69745b","name":"Qushbegi dahasi","nameEn":null,"types":["stop_position"],"refs":[],"recordCount":2,"confidence":0.88,"source":"openstreetmap","sourceIds":["node/1564072267","node/3060450729"]}},{"type":"Feature","geometry":{"type":"Point","coordinates":[69.247011,41.266072]},"properties":{"id":"transit_c58b30fa3ee61a5d","name":"Qushbegi dahasi","nameEn":null,"types":["stop_position"],"refs":[],"recordCount":1,"confidence":0.76,"source":"openstreetmap","sourceIds":["node/3060450707"]}},{"type":"Feature","geometry":{"type":"Point","coordinates":[69.327393,41.236878]},"properties":{"id":"transit_02c8f7f9157dd8e3","name":"Qo‘ylik dehqon bozori","nameEn":null,"types":["stop_position"],"refs":[],"recordCount":1,"confidence":0.76,"source":"openstreetmap","sourceIds":["node/4449161448"]}},{"type":"Feature","geometry":{"type":"Point","coordinates":[69.332664,41.238568]},"properties":{"id":"transit_513907c89dd59672","name":"Qo‘yliq buyum bozori","nameEn":null,"types":["stop_position"],"refs":[],"recordCount":1,"confidence":0.76,"source":"openstreetmap","sourceIds":["node/11963965993"]}},{"type":"Feature","geometry":{"type":"Point","coordinates":[69.309831,41.247179]},"properties":{"id":"transit_8d0aaca9d7ff8019","name":"Qo‘yliq dahasi 1-mavze","nameEn":null,"types":["stop_position"],"refs":[],"recordCount":1,"confidence":0.76,"source":"openstreetmap","sourceIds":["node/13382168680"]}},{"type":"Feature","geometry":{"type":"Point","coordinates":[69.301688,41.251846]},"properties":{"id":"transit_1cf9fdfb8bf734bd","name":"Qo'yliq dahasi 2-mavze","nameEn":null,"types":["platform","stop_position"],"refs":[],"recordCount":4,"confidence":0.96,"source":"openstreetmap","sourceIds":["node/13322774135","node/13322774136","node/2012617890","node/2012617891"]}},{"type":"Feature","geometry":{"type":"Point","coordinates":[69.301739,41.245352]},"properties":{"id":"transit_9137ff4770340749","name":"Qo'yliq dahasi 4-mavze","nameEn":null,"types":["platform","stop_position"],"refs":[],"recordCount":2,"confidence":0.88,"source":"openstreetmap","sourceIds":["node/13322774130","node/5274955821"]}},{"type":"Feature","geometry":{"type":"Point","coordinates":[69.293797,41.244266]},"properties":{"id":"transit_9c2434a59b66be58","name":"Qo'yliq dahasi 5-mavze","nameEn":"Kuylyuk-5","types":["platform","stop_position"],"refs":[],"recordCount":4,"confidence":0.96,"source":"openstreetmap","sourceIds":["node/13322774101","node/13322774115","node/4412901775","node/6490374485"]}},{"type":"Feature","geometry":{"type":"Point","coordinates":[69.288577,41.24428]},"properties":{"id":"transit_6dfeed37b98a8e52","name":"Qo'yliq dahasi 6-mavze","nameEn":null,"types":["platform","stop_position"],"refs":[],"recordCount":4,"confidence":0.96,"source":"openstreetmap","sourceIds":["node/13324929900","node/13324943801","node/13324943802","node/4412901774"]}},{"type":"Feature","geometry":{"type":"Point","coordinates":[69.268182,41.244383]},"properties":{"id":"transit_5123e0e8a2609ff8","name":"Qo'yliq dahasi 7-mavze","nameEn":null,"types":["platform","stop_position"],"refs":[],"recordCount":4,"confidence":0.96,"source":"openstreetmap","sourceIds":["node/13324929839","node/13324929840","node/13324929841","node/8962231784"]}},{"type":"Feature","geometry":{"type":"Point","coordinates":[69.328333,41.242126]},"properties":{"id":"transit_24948dcef669c56b","name":"Qo'yliq markaz 3","nameEn":"Qo'yliq markaz 3","types":["stop_position"],"refs":[],"recordCount":1,"confidence":0.76,"source":"openstreetmap","sourceIds":["node/4665758918"]}},{"type":"Feature","geometry":{"type":"Point","coordinates":[69.32883,41.241158]},"properties":{"id":"transit_836e6034a9ac3d76","name":"Qo'yliq markaz 3","nameEn":null,"types":["stop_position"],"refs":[],"recordCount":1,"confidence":0.76,"source":"openstreetmap","sourceIds":["node/5794307857"]}},{"type":"Feature","geometry":{"type":"Point","coordinates":[69.327357,41.237354]},"properties":{"id":"transit_17aba76679c7d968","name":"Qoʻyliq-Markaz-1 avto shoh bekati","nameEn":null,"types":["platform","stop_position"],"refs":[],"recordCount":2,"confidence":0.88,"source":"openstreetmap","sourceIds":["node/13038000892","node/13362139551"]}},{"type":"Feature","geometry":{"type":"Point","coordinates":[69.185819,41.265791]},"properties":{"id":"transit_9fdb608e15bc66ab","name":"Radiotexnika kolleji","nameEn":null,"types":["stop_position"],"refs":[],"recordCount":2,"confidence":0.88,"source":"openstreetmap","sourceIds":["node/1332435734","node/5954166519"]}},{"type":"Feature","geometry":{"type":"Point","coordinates":[69.207343,41.310643]},"properties":{"id":"transit_f012814997344b72","name":"Rahmat Fayziy ko'chasi","nameEn":null,"types":["stop_position"],"refs":[],"recordCount":1,"confidence":0.76,"source":"openstreetmap","sourceIds":["node/7560535803"]}},{"type":"Feature","geometry":{"type":"Point","coordinates":[69.208553,41.312213]},"properties":{"id":"transit_afad7c86a7b8d5b9","name":"Rahmat Fayziy ko'chasi","nameEn":null,"types":["stop_position"],"refs":[],"recordCount":1,"confidence":0.76,"source":"openstreetmap","sourceIds":["node/13567441312"]}},{"type":"Feature","geometry":{"type":"Point","coordinates":[69.241655,41.317707]},"properties":{"id":"transit_5a2d8a6ff75dd3cc","name":"Rassomchilik kolleji","nameEn":null,"types":["platform"],"refs":[],"recordCount":1,"confidence":0.76,"source":"openstreetmap","sourceIds":["node/13297153508"]}},{"type":"Feature","geometry":{"type":"Point","coordinates":[69.325721,41.310186]},"properties":{"id":"transit_71186e8efcf0969a","name":"Riyoziy mavzesi","nameEn":null,"types":["stop_position"],"refs":[],"recordCount":1,"confidence":0.76,"source":"openstreetmap","sourceIds":["node/3614216140"]}},{"type":"Feature","geometry":{"type":"Point","coordinates":[69.327252,41.310968]},"properties":{"id":"transit_99e863b7d3d7b903","name":"Riyoziy mavzesi","nameEn":null,"types":["stop_position"],"refs":[],"recordCount":1,"confidence":0.76,"source":"openstreetmap","sourceIds":["node/4689061095"]}},{"type":"Feature","geometry":{"type":"Point","coordinates":[69.271201,41.28689]},"properties":{"id":"transit_25d29b17a02c3b85","name":"Rossiya Federatsiyasining elchixonasi","nameEn":null,"types":["platform","stop_position"],"refs":[],"recordCount":4,"confidence":0.96,"source":"openstreetmap","sourceIds":["node/13314837128","node/13314837129","node/1430019283","node/1430019284"]}},{"type":"Feature","geometry":{"type":"Point","coordinates":[69.347296,41.323738]},"properties":{"id":"transit_80062ac9aa92ce28","name":"Salom ko'chasi","nameEn":null,"types":["stop_position"],"refs":[],"recordCount":2,"confidence":0.88,"source":"openstreetmap","sourceIds":["node/11339340400","node/4464641705"]}},{"type":"Feature","geometry":{"type":"Point","coordinates":[69.342961,41.328029]},"properties":{"id":"transit_2b946de0fc44adae","name":"Salom choyxonasi","nameEn":null,"types":["platform"],"refs":[],"recordCount":2,"confidence":0.88,"source":"openstreetmap","sourceIds":["node/13308775512","node/13308775516"]}},{"type":"Feature","geometry":{"type":"Point","coordinates":[69.279912,41.30325]},"properties":{"id":"transit_91e15c7563e3a41b","name":"San'at muzeyi","nameEn":null,"types":["stop_position"],"refs":[],"recordCount":1,"confidence":0.76,"source":"openstreetmap","sourceIds":["node/1830476466"]}},{"type":"Feature","geometry":{"type":"Point","coordinates":[69.2787,41.302633]},"properties":{"id":"transit_a6adcdc63b8a08d8","name":"San'at muzeyi","nameEn":null,"types":["platform","stop_position"],"refs":[],"recordCount":2,"confidence":0.88,"source":"openstreetmap","sourceIds":["node/13317658844","node/3917944058"]}},{"type":"Feature","geometry":{"type":"Point","coordinates":[69.342928,41.320725]},"properties":{"id":"transit_7982016e6a16b94e","name":"Sanatoriya instituti","nameEn":null,"types":["stop_position"],"refs":[],"recordCount":3,"confidence":0.96,"source":"openstreetmap","sourceIds":["node/4232992189","node/4232992194","node/5969760685"]}},{"type":"Feature","geometry":{"type":"Point","coordinates":[69.203364,41.296371]},"properties":{"id":"transit_746cac3b8bcc7694","name":"Sanitariya-epidemiologiya stansiyasi","nameEn":null,"types":["platform","stop_position"],"refs":[],"recordCount":2,"confidence":0.88,"source":"openstreetmap","sourceIds":["node/13181503860","node/2004975035"]}},{"type":"Feature","geometry":{"type":"Point","coordinates":[69.201095,41.29566]},"properties":{"id":"transit_840155882f126407","name":"Sanitariya-epidemiologiya stansiyasi","nameEn":null,"types":["platform","stop_position"],"refs":[],"recordCount":2,"confidence":0.88,"source":"openstreetmap","sourceIds":["node/13357903087","node/2004975038"]}},{"type":"Feature","geometry":{"type":"Point","coordinates":[69.253244,41.286425]},"properties":{"id":"transit_879f75c569d76393","name":"Saodat savdo markazi","nameEn":"Saodat (Frunzensky)","types":["platform"],"refs":[],"recordCount":1,"confidence":0.76,"source":"openstreetmap","sourceIds":["node/1803889223"]}},{"type":"Feature","geometry":{"type":"Point","coordinates":[69.254571,41.286198]},"properties":{"id":"transit_c7ba73593394c76d","name":"Saodat savdo markazi","nameEn":"Saodat (Frunzensky)","types":["platform","stop_position"],"refs":[],"recordCount":2,"confidence":0.88,"source":"openstreetmap","sourceIds":["node/13359926439","node/1963986173"]}},{"type":"Feature","geometry":{"type":"Point","coordinates":[69.253778,41.28445]},"properties":{"id":"transit_dbf9714db65ce6c2","name":"Saodat savdo markazi","nameEn":"Saodat (Frunzensky)","types":["platform"],"refs":[],"recordCount":1,"confidence":0.76,"source":"openstreetmap","sourceIds":["node/5998943240"]}},{"type":"Feature","geometry":{"type":"Point","coordinates":[69.25281,41.284672]},"properties":{"id":"transit_d3619a78a168b2d0","name":"Saodat savdo markazi","nameEn":"Saodat (Frunzensky)","types":["platform"],"refs":[],"recordCount":1,"confidence":0.76,"source":"openstreetmap","sourceIds":["node/13311620589"]}},{"type":"Feature","geometry":{"type":"Point","coordinates":[69.296346,41.268505]},"properties":{"id":"transit_eea84f276ab0d915","name":"Sariko'l ko'chasi","nameEn":null,"types":["platform","stop_position"],"refs":[],"recordCount":6,"confidence":0.96,"source":"openstreetmap","sourceIds":["node/13320079514","node/13320079515","node/13320079516","node/13320079517","node/13320079518","node/13320079519"]}},{"type":"Feature","geometry":{"type":"Point","coordinates":[69.237799,41.341707]},"properties":{"id":"transit_ae33f9003f443368","name":"Sariqsuv ko'chasi","nameEn":null,"types":["platform","stop_position"],"refs":[],"recordCount":2,"confidence":0.88,"source":"openstreetmap","sourceIds":["node/10598504166","node/13326721946"]}},{"type":"Feature","geometry":{"type":"Point","coordinates":[69.236476,41.341863]},"properties":{"id":"transit_5dd18e34bc65a35b","name":"Sariqsuv ko'chasi","nameEn":null,"types":["platform","stop_position"],"refs":[],"recordCount":2,"confidence":0.88,"source":"openstreetmap","sourceIds":["node/13289712869","node/13326721945"]}},{"type":"Feature","geometry":{"type":"Point","coordinates":[69.281363,41.361716]},"properties":{"id":"transit_6e26abc72470dd26","name":"Savdo markazi","nameEn":null,"types":["platform","stop_position"],"refs":[],"recordCount":2,"confidence":0.88,"source":"openstreetmap","sourceIds":["node/13334213772","node/4709806416"]}},{"type":"Feature","geometry":{"type":"Point","coordinates":[69.28417,41.36224]},"properties":{"id":"transit_e5abb8916ea0b2fe","name":"Savdo markazi","nameEn":null,"types":["platform","stop_position"],"refs":[],"recordCount":2,"confidence":0.88,"source":"openstreetmap","sourceIds":["node/13334213773","node/13334213774"]}},{"type":"Feature","geometry":{"type":"Point","coordinates":[69.338636,41.327581]},"properties":{"id":"transit_7f99e0126a19be18","name":"Sayohat ko'chasi","nameEn":null,"types":["platform"],"refs":[],"recordCount":1,"confidence":0.76,"source":"openstreetmap","sourceIds":["node/4576683472"]}},{"type":"Feature","geometry":{"type":"Point","coordinates":[69.339637,41.327536]},"properties":{"id":"transit_516253ec9167041d","name":"Sayohat ko'chasi","nameEn":null,"types":["stop_position"],"refs":[],"recordCount":1,"confidence":0.76,"source":"openstreetmap","sourceIds":["node/4717073185"]}},{"type":"Feature","geometry":{"type":"Point","coordinates":[69.334311,41.32685]},"properties":{"id":"transit_371236426d30d654","name":"Sayohat mehmonxonasi","nameEn":null,"types":["platform","stop_position"],"refs":[],"recordCount":4,"confidence":0.96,"source":"openstreetmap","sourceIds":["node/13308770745","node/13308770746","node/7906987237","node/7906987238"]}},{"type":"Feature","geometry":{"type":"Point","coordinates":[69.300355,41.284659]},"properties":{"id":"transit_66fe8df231e3f80d","name":"Sayxun ko'chasi","nameEn":null,"types":["platform","stop_position"],"refs":[],"recordCount":3,"confidence":0.96,"source":"openstreetmap","sourceIds":["node/13376423336","node/13376423337","node/13376423338"]}},{"type":"Feature","geometry":{"type":"Point","coordinates":[69.230228,41.34093]},"properties":{"id":"transit_a87449b1bf1623a0","name":"Sag'bon ko'chasi","nameEn":null,"types":["platform","stop_position"],"refs":[],"recordCount":2,"confidence":0.88,"source":"openstreetmap","sourceIds":["node/13326721960","node/1632337664"]}},{"type":"Feature","geometry":{"type":"Point","coordinates":[69.231667,41.340887]},"properties":{"id":"transit_c0e180ac2ee0e718","name":"Sag'bon ko'chasi","nameEn":null,"types":["platform","stop_position"],"refs":[],"recordCount":3,"confidence":0.96,"source":"openstreetmap","sourceIds":["node/13289712831","node/13326721952","node/13326721959"]}},{"type":"Feature","geometry":{"type":"Point","coordinates":[69.230873,41.341606]},"properties":{"id":"transit_487c83039696bf9f","name":"Sag'bon ko'chasi","nameEn":null,"types":["stop_position"],"refs":[],"recordCount":1,"confidence":0.76,"source":"openstreetmap","sourceIds":["node/13326721951"]}},{"type":"Feature","geometry":{"type":"Point","coordinates":[69.214674,41.234854]},"properties":{"id":"transit_bcca202e8d66a1e4","name":"Sergeli avto bozori","nameEn":null,"types":["platform","stop_position"],"refs":[],"recordCount":2,"confidence":0.88,"source":"openstreetmap","sourceIds":["node/13352014250","node/4260183789"]}},{"type":"Feature","geometry":{"type":"Point","coordinates":[69.214498,41.235679]},"properties":{"id":"transit_21eade20e8bd3747","name":"Sergeli avto bozori","nameEn":null,"types":["platform","stop_position"],"refs":[],"recordCount":2,"confidence":0.88,"source":"openstreetmap","sourceIds":["node/13352014251","node/4271686890"]}},{"type":"Feature","geometry":{"type":"Point","coordinates":[69.219535,41.227459]},"properties":{"id":"transit_eb9a73ae24518b26","name":"Sergeli bozori","nameEn":null,"types":["stop_position"],"refs":[],"recordCount":1,"confidence":0.76,"source":"openstreetmap","sourceIds":["node/3548969118"]}},{"type":"Feature","geometry":{"type":"Point","coordinates":[69.218977,41.228064]},"properties":{"id":"transit_51036008ec3dcb5e","name":"Sergeli bozori","nameEn":null,"types":["stop_position"],"refs":[],"recordCount":1,"confidence":0.76,"source":"openstreetmap","sourceIds":["node/3548969124"]}},{"type":"Feature","geometry":{"type":"Point","coordinates":[69.192609,41.205681]},"properties":{"id":"transit_7cb4e719ddbd6817","name":"Sergeli dahasi 10-mavze","nameEn":null,"types":["stop_position"],"refs":[],"recordCount":2,"confidence":0.88,"source":"openstreetmap","sourceIds":["node/13343037755","node/13351981098"]}},{"type":"Feature","geometry":{"type":"Point","coordinates":[69.191452,41.207003]},"properties":{"id":"transit_3b7921f0be44869a","name":"Sergeli dahasi 10-mavze","nameEn":null,"types":["stop_position"],"refs":[],"recordCount":1,"confidence":0.76,"source":"openstreetmap","sourceIds":["node/13351981091"]}},{"type":"Feature","geometry":{"type":"Point","coordinates":[69.207864,41.221442]},"properties":{"id":"transit_a3f305ce9e337a03","name":"Sergeli dahasi 7-mavze","nameEn":null,"types":["stop_position"],"refs":[],"recordCount":1,"confidence":0.76,"source":"openstreetmap","sourceIds":["node/13352014096"]}},{"type":"Feature","geometry":{"type":"Point","coordinates":[69.206789,41.221912]},"properties":{"id":"transit_a8d3d83fb2e616ad","name":"Sergeli dahasi 7-mavze","nameEn":null,"types":["stop_position"],"refs":[],"recordCount":1,"confidence":0.76,"source":"openstreetmap","sourceIds":["node/13352014106"]}},{"type":"Feature","geometry":{"type":"Point","coordinates":[69.199947,41.216994]},"properties":{"id":"transit_97d1796b3231f0cf","name":"Sergeli dahasi 9-mavze","nameEn":null,"types":["stop_position"],"refs":[],"recordCount":1,"confidence":0.76,"source":"openstreetmap","sourceIds":["node/13352013946"]}},{"type":"Feature","geometry":{"type":"Point","coordinates":[69.243775,41.323681]},"properties":{"id":"transit_b48c398336dad104","name":"Sirk","nameEn":null,"types":["stop_position"],"refs":[],"recordCount":1,"confidence":0.76,"source":"openstreetmap","sourceIds":["node/13392741449"]}},{"type":"Feature","geometry":{"type":"Point","coordinates":[69.222235,41.223243]},"properties":{"id":"transit_8db5e05cb886a563","name":"Sirg'ali dahasi 8-mavse","nameEn":null,"types":["platform","stop_position"],"refs":[],"recordCount":2,"confidence":0.88,"source":"openstreetmap","sourceIds":["node/13352014221","node/13352014222"]}},{"type":"Feature","geometry":{"type":"Point","coordinates":[69.221225,41.224456]},"properties":{"id":"transit_0d14bb576c0e46ed","name":"Sirg'ali dahasi 8-mavse","nameEn":null,"types":["stop_position"],"refs":[],"recordCount":1,"confidence":0.76,"source":"openstreetmap","sourceIds":["node/13352014223"]}},{"type":"Feature","geometry":{"type":"Point","coordinates":[69.224134,41.220095]},"properties":{"id":"transit_92a94302ab1ad218","name":"Sirg'ali tuman hokimiyati","nameEn":null,"types":["stop_position"],"refs":[],"recordCount":1,"confidence":0.76,"source":"openstreetmap","sourceIds":["node/4104035389"]}},{"type":"Feature","geometry":{"type":"Point","coordinates":[69.223375,41.219034]},"properties":{"id":"transit_a424b27c8fee8040","name":"Sirg'ali tuman hokimiyati","nameEn":null,"types":["platform","stop_position"],"refs":[],"recordCount":2,"confidence":0.88,"source":"openstreetmap","sourceIds":["node/13352014217","node/13352014218"]}},{"type":"Feature","geometry":{"type":"Point","coordinates":[69.322526,41.237488]},"properties":{"id":"transit_bce8665bd77a7e58","name":"Somonbozor","nameEn":null,"types":["stop_position"],"refs":[],"recordCount":1,"confidence":0.76,"source":"openstreetmap","sourceIds":["node/11930725062"]}},{"type":"Feature","geometry":{"type":"Point","coordinates":[69.251823,41.32612]},"properties":{"id":"transit_1fd5405c8175744b","name":"Sovplastital","nameEn":null,"types":["stop_position"],"refs":[],"recordCount":1,"confidence":0.76,"source":"openstreetmap","sourceIds":["node/1539317105"]}},{"type":"Feature","geometry":{"type":"Point","coordinates":[69.320098,41.277131]},"properties":{"id":"transit_6a4ec73a18feecb9","name":"Sovutkichlar kombinati","nameEn":null,"types":["platform","stop_position"],"refs":[],"recordCount":2,"confidence":0.88,"source":"openstreetmap","sourceIds":["node/13534580392","node/378073253"]}},{"type":"Feature","geometry":{"type":"Point","coordinates":[69.318517,41.276437]},"properties":{"id":"transit_8561b0910ae7f9a7","name":"Sovutkichlar kombinati","nameEn":null,"types":["stop_position"],"refs":[],"recordCount":1,"confidence":0.76,"source":"openstreetmap","sourceIds":["node/13534580263"]}},{"type":"Feature","geometry":{"type":"Point","coordinates":[69.229337,41.271326]},"properties":{"id":"transit_96404dda20b36fac","name":"Spitamen ko'chasi","nameEn":null,"types":["platform","stop_position"],"refs":[],"recordCount":3,"confidence":0.96,"source":"openstreetmap","sourceIds":["node/13414265743","node/4774080722","node/5147748328"]}},{"type":"Feature","geometry":{"type":"Point","coordinates":[69.215678,41.295725]},"properties":{"id":"transit_5a732a8099923da8","name":"Sport tovarlari do'koni","nameEn":null,"types":["stop_position"],"refs":[],"recordCount":1,"confidence":0.76,"source":"openstreetmap","sourceIds":["node/5670367993"]}},{"type":"Feature","geometry":{"type":"Point","coordinates":[69.217001,41.295959]},"properties":{"id":"transit_7aebe6b855a716db","name":"Sport tovarlari do'koni","nameEn":null,"types":["stop_position"],"refs":[],"recordCount":1,"confidence":0.76,"source":"openstreetmap","sourceIds":["node/5670367994"]}},{"type":"Feature","geometry":{"type":"Point","coordinates":[69.216161,41.296708]},"properties":{"id":"transit_dc6627cff20dbecc","name":"Sport tovarlari do'koni","nameEn":null,"types":["stop_position"],"refs":[],"recordCount":1,"confidence":0.76,"source":"openstreetmap","sourceIds":["node/5670367995"]}},{"type":"Feature","geometry":{"type":"Point","coordinates":[69.224643,41.321034]},"properties":{"id":"transit_ca98f59e01de1b33","name":"Stadion","nameEn":null,"types":["platform"],"refs":[],"recordCount":1,"confidence":0.76,"source":"openstreetmap","sourceIds":["node/5434514191"]}},{"type":"Feature","geometry":{"type":"Point","coordinates":[69.225994,41.320653]},"properties":{"id":"transit_39c79dc3aa293f58","name":"Stadion","nameEn":null,"types":["platform","stop_position"],"refs":[],"recordCount":2,"confidence":0.88,"source":"openstreetmap","sourceIds":["node/6348920465","node/8044531464"]}},{"type":"Feature","geometry":{"type":"Point","coordinates":[69.315814,41.323242]},"properties":{"id":"transit_3067f07d1a1f4786","name":"Statistika boshqarmasi","nameEn":null,"types":["platform","stop_position"],"refs":[],"recordCount":3,"confidence":0.96,"source":"openstreetmap","sourceIds":["node/10169534958","node/13392724374","node/9667178496"]}},{"type":"Feature","geometry":{"type":"Point","coordinates":[69.313394,41.31247]},"properties":{"id":"transit_17a2f55d3b849001","name":"Sultonali Mashxadi ko'chasi","nameEn":null,"types":["platform"],"refs":[],"recordCount":1,"confidence":0.76,"source":"openstreetmap","sourceIds":["node/3614216145"]}},{"type":"Feature","geometry":{"type":"Point","coordinates":[69.314567,41.313391]},"properties":{"id":"transit_7ae94a381da910e0","name":"Sultonali Mashxadi ko'chasi","nameEn":null,"types":["platform"],"refs":[],"recordCount":1,"confidence":0.76,"source":"openstreetmap","sourceIds":["node/13308775518"]}},{"type":"Feature","geometry":{"type":"Point","coordinates":[69.293471,41.2841]},"properties":{"id":"transit_c9ce2d0fc4a62c92","name":"Sumbula ko'chasi","nameEn":null,"types":["stop_position"],"refs":[],"recordCount":2,"confidence":0.88,"source":"openstreetmap","sourceIds":["node/11782927939","node/11782927940"]}},{"type":"Feature","geometry":{"type":"Point","coordinates":[69.23336,41.291648]},"properties":{"id":"transit_658d235014f4dd93","name":"Sut Mahsulotlari Kombinati","nameEn":null,"types":["platform"],"refs":[],"recordCount":1,"confidence":0.76,"source":"openstreetmap","sourceIds":["node/12968785276"]}},{"type":"Feature","geometry":{"type":"Point","coordinates":[69.369281,41.250841]},"properties":{"id":"transit_1dd0fb1671306291","name":"Suvsoz dahasi 1-mavze","nameEn":null,"types":["stop_position"],"refs":[],"recordCount":1,"confidence":0.76,"source":"openstreetmap","sourceIds":["node/4447982098"]}},{"type":"Feature","geometry":{"type":"Point","coordinates":[69.370528,41.251212]},"properties":{"id":"transit_74c9b4a0f319f9af","name":"Suvsoz dahasi 1-mavze","nameEn":null,"types":["stop_position"],"refs":[],"recordCount":2,"confidence":0.88,"source":"openstreetmap","sourceIds":["node/4448071789","node/5539277024"]}},{"type":"Feature","geometry":{"type":"Point","coordinates":[69.375365,41.255093]},"properties":{"id":"transit_2473a47ef0afb00b","name":"Suvsoz dahasi 2-mavze","nameEn":null,"types":["platform","stop_position"],"refs":[],"recordCount":3,"confidence":0.96,"source":"openstreetmap","sourceIds":["node/4447998595","node/4837004421","node/4837004521"]}},{"type":"Feature","geometry":{"type":"Point","coordinates":[69.31619,41.348312]},"properties":{"id":"transit_03b62a6ad9332c76","name":"Suvsoz Nazarbek","nameEn":null,"types":["bus_stop"],"refs":[],"recordCount":1,"confidence":0.76,"source":"openstreetmap","sourceIds":["node/6538803585"]}},{"type":"Feature","geometry":{"type":"Point","coordinates":[69.377716,41.25697]},"properties":{"id":"transit_271065f0832b4bf1","name":"Suvsoz stadioni","nameEn":null,"types":["stop_position"],"refs":[],"recordCount":2,"confidence":0.88,"source":"openstreetmap","sourceIds":["node/13376416753","node/4447998594"]}},{"type":"Feature","geometry":{"type":"Point","coordinates":[69.179062,41.291519]},"properties":{"id":"transit_800fe51206006467","name":"Sverdlovsk uylari","nameEn":"Sverdlovsk houses","types":["platform","stop_position"],"refs":[],"recordCount":3,"confidence":0.96,"source":"openstreetmap","sourceIds":["node/13343037767","node/4271055696","node/4271055697"]}},{"type":"Feature","geometry":{"type":"Point","coordinates":[69.178812,41.292462]},"properties":{"id":"transit_c10b72b7dca7ccdc","name":"Sverdlovsk uylari","nameEn":"Sverdlovsk houses","types":["stop_position"],"refs":[],"recordCount":1,"confidence":0.76,"source":"openstreetmap","sourceIds":["node/13343037762"]}},{"type":"Feature","geometry":{"type":"Point","coordinates":[69.189356,41.260266]},"properties":{"id":"transit_e2b9c7d994a2a6c1","name":"Soʻgalli ota koʻchasi","nameEn":null,"types":["stop_position"],"refs":[],"recordCount":2,"confidence":0.88,"source":"openstreetmap","sourceIds":["node/13409294056","node/13409294100"]}},{"type":"Feature","geometry":{"type":"Point","coordinates":[69.217307,41.252896]},"properties":{"id":"transit_a2b6449505b9c831","name":"Tabassum kafesi","nameEn":null,"types":["platform","stop_position"],"refs":[],"recordCount":2,"confidence":0.88,"source":"openstreetmap","sourceIds":["node/13348321226","node/245847523"]}},{"type":"Feature","geometry":{"type":"Point","coordinates":[69.217269,41.251658]},"properties":{"id":"transit_df95eab631201cbc","name":"Tabassum kafesi","nameEn":null,"types":["platform","stop_position"],"refs":[],"recordCount":2,"confidence":0.88,"source":"openstreetmap","sourceIds":["node/13348321232","node/4260145390"]}},{"type":"Feature","geometry":{"type":"Point","coordinates":[69.327244,41.243759]},"properties":{"id":"transit_7249f8490d89342e","name":"Tabassum ko'chasi","nameEn":null,"types":["stop_position"],"refs":[],"recordCount":1,"confidence":0.76,"source":"openstreetmap","sourceIds":["node/11273643155"]}},{"type":"Feature","geometry":{"type":"Point","coordinates":[69.326794,41.244872]},"properties":{"id":"transit_ac8fc19ae46cdbac","name":"Tabassum ko'chasi","nameEn":null,"types":["stop_position"],"refs":[],"recordCount":1,"confidence":0.76,"source":"openstreetmap","sourceIds":["node/13376423294"]}},{"type":"Feature","geometry":{"type":"Point","coordinates":[69.294527,41.272578]},"properties":{"id":"transit_7a63fff0e0075545","name":"Tallimarjon ko'chasi","nameEn":null,"types":["platform","stop_position"],"refs":[],"recordCount":4,"confidence":0.96,"source":"openstreetmap","sourceIds":["node/13320079520","node/13320079521","node/13320079522","node/13320079523"]}},{"type":"Feature","geometry":{"type":"Point","coordinates":[69.376555,41.355577]},"properties":{"id":"transit_c8d00f7630fea1fb","name":"Tantana ko'chasi","nameEn":null,"types":["platform","stop_position"],"refs":[],"recordCount":2,"confidence":0.88,"source":"openstreetmap","sourceIds":["node/1141952770","node/9663853180"]}},{"type":"Feature","geometry":{"type":"Point","coordinates":[69.378014,41.356086]},"properties":{"id":"transit_f2277a3913a31571","name":"Tantana ko'chasi","nameEn":null,"types":["platform","stop_position"],"refs":[],"recordCount":2,"confidence":0.88,"source":"openstreetmap","sourceIds":["node/3128844308","node/9663853147"]}},{"type":"Feature","geometry":{"type":"Point","coordinates":[69.282538,41.29473]},"properties":{"id":"transit_94c0b87ea2d8f6ca","name":"Taras Shevchenko koʻchasi","nameEn":"Taras Shevchenko st.","types":["platform","stop_position"],"refs":[],"recordCount":2,"confidence":0.88,"source":"openstreetmap","sourceIds":["node/13314837104","node/4449161472"]}},{"type":"Feature","geometry":{"type":"Point","coordinates":[69.283683,41.295193]},"properties":{"id":"transit_f3cc9a22c33f1f5b","name":"Taras Shevchenko koʻchasi","nameEn":"Taras Shevchenko st.","types":["platform","stop_position"],"refs":[],"recordCount":2,"confidence":0.88,"source":"openstreetmap","sourceIds":["node/13314837105","node/13314837106"]}},{"type":"Feature","geometry":{"type":"Point","coordinates":[69.194431,41.258474]},"properties":{"id":"transit_a14201ea60adeb3a","name":"Taxi Bukhara","nameEn":"Shared taxi to Bukhara","types":["bus_stop"],"refs":[],"recordCount":1,"confidence":0.76,"source":"openstreetmap","sourceIds":["node/6918593085"]}},{"type":"Feature","geometry":{"type":"Point","coordinates":[69.257551,41.338981]},"properties":{"id":"transit_4fc6b7555c75e202","name":"Taxtapul ko'chasi","nameEn":null,"types":["platform","stop_position"],"refs":[],"recordCount":2,"confidence":0.88,"source":"openstreetmap","sourceIds":["node/13331990927","node/5513766562"]}},{"type":"Feature","geometry":{"type":"Point","coordinates":[69.254748,41.338966]},"properties":{"id":"transit_c83a8792db89049b","name":"Taxtapul ko'chasi","nameEn":null,"types":["platform","stop_position"],"refs":[],"recordCount":2,"confidence":0.88,"source":"openstreetmap","sourceIds":["node/13331990925","node/13331990926"]}},{"type":"Feature","geometry":{"type":"Point","coordinates":[69.300459,41.306712]},"properties":{"id":"transit_85ad5684c8ade013","name":"TashMU-1","nameEn":null,"types":["stop_position"],"refs":[],"recordCount":1,"confidence":0.76,"source":"openstreetmap","sourceIds":["node/4628484958"]}},{"type":"Feature","geometry":{"type":"Point","coordinates":[69.375669,41.246375]},"properties":{"id":"transit_83422f38132037f4","name":"Televideniye va radio kolleji","nameEn":null,"types":["stop_position"],"refs":[],"recordCount":1,"confidence":0.76,"source":"openstreetmap","sourceIds":["node/13541191526"]}},{"type":"Feature","geometry":{"type":"Point","coordinates":[69.281837,41.28666]},"properties":{"id":"transit_204cb53886c9a1ad","name":"Temiryo'lchilar poliklinikasi","nameEn":null,"types":["platform","stop_position"],"refs":[],"recordCount":2,"confidence":0.88,"source":"openstreetmap","sourceIds":["node/13300407631","node/3374950980"]}},{"type":"Feature","geometry":{"type":"Point","coordinates":[69.283012,41.2867]},"properties":{"id":"transit_c9dea333618196ef","name":"Temiryo'lchilar poliklinikasi","nameEn":null,"types":["platform"],"refs":[],"recordCount":1,"confidence":0.76,"source":"openstreetmap","sourceIds":["node/4087554641"]}},{"type":"Feature","geometry":{"type":"Point","coordinates":[69.283128,41.287467]},"properties":{"id":"transit_b539d5128f87eaca","name":"Temiryo'lchilar poliklinikasi","nameEn":null,"types":["platform","stop_position"],"refs":[],"recordCount":2,"confidence":0.88,"source":"openstreetmap","sourceIds":["node/13299687023","node/4180633195"]}},{"type":"Feature","geometry":{"type":"Point","coordinates":[69.283974,41.288035]},"properties":{"id":"transit_11c40fd9296cf7fe","name":"Temiryo'lchilar poliklinikasi","nameEn":null,"types":["platform"],"refs":[],"recordCount":1,"confidence":0.76,"source":"openstreetmap","sourceIds":["node/13300407635"]}},{"type":"Feature","geometry":{"type":"Point","coordinates":[69.285342,41.296454]},"properties":{"id":"transit_fe7118da6f887ffb","name":"Temiryo'lchilar san'at saroyi","nameEn":null,"types":["stop_position"],"refs":[],"recordCount":1,"confidence":0.76,"source":"openstreetmap","sourceIds":["node/2006083386"]}},{"type":"Feature","geometry":{"type":"Point","coordinates":[69.286508,41.296348]},"properties":{"id":"transit_9a090d5fd08c1c24","name":"Temiryo'lchilar san'at saroyi","nameEn":null,"types":["platform"],"refs":[],"recordCount":2,"confidence":0.88,"source":"openstreetmap","sourceIds":["node/13314822290","node/13314822291"]}},{"type":"Feature","geometry":{"type":"Point","coordinates":[69.305332,41.301256]},"properties":{"id":"transit_fb9e16b80d9d9163","name":"Temiryo'lchilar shifoxonasi","nameEn":null,"types":["platform","stop_position"],"refs":[],"recordCount":4,"confidence":0.96,"source":"openstreetmap","sourceIds":["node/13667263126","node/13667263127","node/4825294423","node/4825302721"]}},{"type":"Feature","geometry":{"type":"Point","coordinates":[69.277278,41.280501]},"properties":{"id":"transit_75a0a27da7d5d557","name":"Temiryo'chilar kolleji","nameEn":null,"types":["platform","stop_position"],"refs":[],"recordCount":3,"confidence":0.96,"source":"openstreetmap","sourceIds":["node/1244324295","node/13362139531","node/4180582423"]}},{"type":"Feature","geometry":{"type":"Point","coordinates":[69.299375,41.291402]},"properties":{"id":"transit_fd1a04af2c5ba7b2","name":"Teplovoz deposi","nameEn":null,"types":["platform","stop_position"],"refs":[],"recordCount":2,"confidence":0.88,"source":"openstreetmap","sourceIds":["node/1012079437","node/13324943832"]}},{"type":"Feature","geometry":{"type":"Point","coordinates":[69.298856,41.292355]},"properties":{"id":"transit_c2db119ace0d5f1a","name":"Teplovoz deposi","nameEn":null,"types":["platform","stop_position"],"refs":[],"recordCount":2,"confidence":0.88,"source":"openstreetmap","sourceIds":["node/13324943847","node/4449161470"]}},{"type":"Feature","geometry":{"type":"Point","coordinates":[69.218182,41.265567]},"properties":{"id":"transit_8873e170584049ab","name":"Tez yordam markazi","nameEn":null,"types":["platform","stop_position"],"refs":[],"recordCount":2,"confidence":0.88,"source":"openstreetmap","sourceIds":["node/3409273377","node/5730484567"]}},{"type":"Feature","geometry":{"type":"Point","coordinates":[69.216517,41.26695]},"properties":{"id":"transit_f9f6c2cdb25ef779","name":"Tez yordam markazi","nameEn":null,"types":["stop_position"],"refs":[],"recordCount":1,"confidence":0.76,"source":"openstreetmap","sourceIds":["node/3409273378"]}},{"type":"Feature","geometry":{"type":"Point","coordinates":[69.188497,41.298425]},"properties":{"id":"transit_a25d8a0d25410366","name":"Tez yordam shifoxonasi","nameEn":null,"types":["stop_position"],"refs":[],"recordCount":2,"confidence":0.88,"source":"openstreetmap","sourceIds":["node/13246595173","node/13364358824"]}},{"type":"Feature","geometry":{"type":"Point","coordinates":[69.176934,41.357364]},"properties":{"id":"transit_b3a667f3de7d374a","name":"Tibbiyot Akademiyasi","nameEn":null,"types":["stop_position"],"refs":[],"recordCount":1,"confidence":0.76,"source":"openstreetmap","sourceIds":["node/1624785264"]}},{"type":"Feature","geometry":{"type":"Point","coordinates":[69.173569,41.358053]},"properties":{"id":"transit_7b5558a781912b7c","name":"Tibbiyot Akademiyasi","nameEn":null,"types":["stop_position"],"refs":[],"recordCount":1,"confidence":0.76,"source":"openstreetmap","sourceIds":["node/13627044471"]}},{"type":"Feature","geometry":{"type":"Point","coordinates":[69.177435,41.349141]},"properties":{"id":"transit_3b1f1bada55af56f","name":"Tibbiyot akademiyasi klinikasi","nameEn":null,"types":["stop_position"],"refs":[],"recordCount":1,"confidence":0.76,"source":"openstreetmap","sourceIds":["node/4485277067"]}},{"type":"Feature","geometry":{"type":"Point","coordinates":[69.178321,41.348668]},"properties":{"id":"transit_d095aad8715e1805","name":"Tibbiyot akademiyasi klinikasi","nameEn":null,"types":["platform","stop_position"],"refs":[],"recordCount":2,"confidence":0.88,"source":"openstreetmap","sourceIds":["node/5323167608","node/7824442829"]}},{"type":"Feature","geometry":{"type":"Point","coordinates":[69.211784,41.325251]},"properties":{"id":"transit_ffc6774811e454ac","name":"Tibbiyot kolleji","nameEn":null,"types":["stop_position"],"refs":[],"recordCount":2,"confidence":0.88,"source":"openstreetmap","sourceIds":["node/4434130610","node/6045271135"]}},{"type":"Feature","geometry":{"type":"Point","coordinates":[69.210822,41.336988]},"properties":{"id":"transit_cb32e72af370e36c","name":"Tinchlik ko‘chasi","nameEn":null,"types":["platform"],"refs":[],"recordCount":2,"confidence":0.88,"source":"openstreetmap","sourceIds":["node/13297153519","node/5369855547"]}},{"type":"Feature","geometry":{"type":"Point","coordinates":[69.218156,41.33289]},"properties":{"id":"transit_7f2438f7281b7459","name":"Tinchlik metrosi","nameEn":null,"types":["platform","stop_position"],"refs":[],"recordCount":3,"confidence":0.96,"source":"openstreetmap","sourceIds":["node/13326721975","node/1849501250","node/5370470877"]}},{"type":"Feature","geometry":{"type":"Point","coordinates":[69.219088,41.332067]},"properties":{"id":"transit_31725a1d7c74a47c","name":"Tinchlik metrosi","nameEn":null,"types":["platform"],"refs":[],"recordCount":1,"confidence":0.76,"source":"openstreetmap","sourceIds":["node/13297153516"]}},{"type":"Feature","geometry":{"type":"Point","coordinates":[69.335827,41.275155]},"properties":{"id":"transit_3e6d2893015567d3","name":"TKX zavodi","nameEn":null,"types":["stop_position"],"refs":[],"recordCount":2,"confidence":0.88,"source":"openstreetmap","sourceIds":["node/4714591793","node/4714597792"]}},{"type":"Feature","geometry":{"type":"Point","coordinates":[69.283102,41.244401]},"properties":{"id":"transit_150b40486a9863f4","name":"Tolarik metro bekati","nameEn":null,"types":["platform","stop_position"],"refs":[],"recordCount":2,"confidence":0.88,"source":"openstreetmap","sourceIds":["node/13324929875","node/13324929876"]}},{"type":"Feature","geometry":{"type":"Point","coordinates":[69.284586,41.244176]},"properties":{"id":"transit_bd213e35c056b2f6","name":"Tolarik metro bekati","nameEn":null,"types":["platform","stop_position"],"refs":[],"recordCount":2,"confidence":0.88,"source":"openstreetmap","sourceIds":["node/13324929898","node/13324929899"]}},{"type":"Feature","geometry":{"type":"Point","coordinates":[69.320837,41.255076]},"properties":{"id":"transit_385347fa644ae68f","name":"Tolariq ko'chasi","nameEn":null,"types":["platform","stop_position"],"refs":[],"recordCount":2,"confidence":0.88,"source":"openstreetmap","sourceIds":["node/13362139517","node/2012617895"]}},{"type":"Feature","geometry":{"type":"Point","coordinates":[69.319503,41.255691]},"properties":{"id":"transit_c1981b4e0a19a5da","name":"Tolariq ko'chasi","nameEn":null,"types":["platform","stop_position"],"refs":[],"recordCount":2,"confidence":0.88,"source":"openstreetmap","sourceIds":["node/13322774172","node/2012617902"]}},{"type":"Feature","geometry":{"type":"Point","coordinates":[69.320528,41.256121]},"properties":{"id":"transit_0680996ea7c76556","name":"Tolariq ko'chasi","nameEn":null,"types":["platform","stop_position"],"refs":[],"recordCount":2,"confidence":0.88,"source":"openstreetmap","sourceIds":["node/13322774154","node/2012617907"]}},{"type":"Feature","geometry":{"type":"Point","coordinates":[69.197736,41.348495]},"properties":{"id":"transit_772d9708fd5594de","name":"Tongi bog‘bonchilik xo‘jaligi","nameEn":null,"types":["platform","stop_position"],"refs":[],"recordCount":2,"confidence":0.88,"source":"openstreetmap","sourceIds":["node/5653263225","node/7824442832"]}},{"type":"Feature","geometry":{"type":"Point","coordinates":[69.198483,41.347723]},"properties":{"id":"transit_56fe7ca8abbcb0a1","name":"Tongi bog‘bonchilik xo‘jaligi","nameEn":null,"types":["platform"],"refs":[],"recordCount":1,"confidence":0.76,"source":"openstreetmap","sourceIds":["node/13297153526"]}},{"type":"Feature","geometry":{"type":"Point","coordinates":[69.338967,41.358819]},"properties":{"id":"transit_068182f76ed2d628","name":"ToshGRES mavzesi","nameEn":null,"types":["platform","stop_position"],"refs":[],"recordCount":2,"confidence":0.88,"source":"openstreetmap","sourceIds":["node/13339363498","node/4303576196"]}},{"type":"Feature","geometry":{"type":"Point","coordinates":[69.337339,41.358982]},"properties":{"id":"transit_afd83ffc9e0750ed","name":"ToshGRES mavzesi","nameEn":null,"types":["platform","stop_position"],"refs":[],"recordCount":2,"confidence":0.88,"source":"openstreetmap","sourceIds":["node/13339363514","node/4421700829"]}},{"type":"Feature","geometry":{"type":"Point","coordinates":[69.192816,41.256766]},"properties":{"id":"transit_35d28a89b7afe5f7","name":"Toshkent avtovokzali","nameEn":null,"types":["stop_position"],"refs":[],"recordCount":1,"confidence":0.76,"source":"openstreetmap","sourceIds":["node/5887925086"]}},{"type":"Feature","geometry":{"type":"Point","coordinates":[69.287954,41.292907]},"properties":{"id":"transit_a737e3b5f9218488","name":"Toshkent metro bekati","nameEn":null,"types":["platform","stop_position"],"refs":[],"recordCount":2,"confidence":0.88,"source":"openstreetmap","sourceIds":["node/13324943849","node/1569569011"]}},{"type":"Feature","geometry":{"type":"Point","coordinates":[69.28836,41.293917]},"properties":{"id":"transit_79be2f7f57d44398","name":"Toshkent metro bekati","nameEn":null,"types":["platform","stop_position"],"refs":[],"recordCount":2,"confidence":0.88,"source":"openstreetmap","sourceIds":["node/13324943850","node/4449161471"]}},{"type":"Feature","geometry":{"type":"Point","coordinates":[69.270336,41.308165]},"properties":{"id":"transit_be066de63958598f","name":"Toshkent MUM","nameEn":"TsUM","types":["stop_position"],"refs":[],"recordCount":2,"confidence":0.88,"source":"openstreetmap","sourceIds":["node/13354206931","node/359466328"]}},{"type":"Feature","geometry":{"type":"Point","coordinates":[69.2682,41.207153]},"properties":{"id":"transit_ce8868659784b886","name":"Toshkent quvur zavodi","nameEn":null,"types":["platform","stop_position"],"refs":[],"recordCount":2,"confidence":0.88,"source":"openstreetmap","sourceIds":["node/13326559825","node/13326559841"]}},{"type":"Feature","geometry":{"type":"Point","coordinates":[69.350436,41.313684]},"properties":{"id":"transit_61d9134d3cbabcbc","name":"Toshkent viloyati IIBB","nameEn":null,"types":["platform","stop_position"],"refs":[],"recordCount":2,"confidence":0.88,"source":"openstreetmap","sourceIds":["node/13448637078","node/13448637079"]}},{"type":"Feature","geometry":{"type":"Point","coordinates":[69.352792,41.314729]},"properties":{"id":"transit_7e588e782243302d","name":"Toshkent viloyati IIBB","nameEn":null,"types":["stop_position"],"refs":[],"recordCount":1,"confidence":0.76,"source":"openstreetmap","sourceIds":["node/13448639847"]}},{"type":"Feature","geometry":{"type":"Point","coordinates":[69.285856,41.2929]},"properties":{"id":"transit_f2d6578069880b5d","name":"Toshkent vokzali","nameEn":"Severny vokzal","types":["platform","stop_position"],"refs":[],"recordCount":2,"confidence":0.88,"source":"openstreetmap","sourceIds":["node/13320079530","node/1984623517"]}},{"type":"Feature","geometry":{"type":"Point","coordinates":[69.28408,41.290226]},"properties":{"id":"transit_5502b85684a95f0d","name":"Toshkent vokzali","nameEn":null,"types":["platform"],"refs":[],"recordCount":1,"confidence":0.76,"source":"openstreetmap","sourceIds":["node/13320079529"]}},{"type":"Feature","geometry":{"type":"Point","coordinates":[69.314861,41.296584]},"properties":{"id":"transit_62bc762b395d5b7c","name":"Toshkent-tovar stansiyasi","nameEn":null,"types":["stop_position"],"refs":[],"recordCount":1,"confidence":0.76,"source":"openstreetmap","sourceIds":["node/10250797289"]}},{"type":"Feature","geometry":{"type":"Point","coordinates":[69.313208,41.297283]},"properties":{"id":"transit_45179760873b9678","name":"Toshkent-tovar stansiyasi","nameEn":null,"types":["stop_position"],"refs":[],"recordCount":1,"confidence":0.76,"source":"openstreetmap","sourceIds":["node/13667263124"]}},{"type":"Feature","geometry":{"type":"Point","coordinates":[69.213953,41.328568]},"properties":{"id":"transit_0f36af9f82469093","name":"Toshko'cha kochasi","nameEn":"Bus Stop","types":["stop_position"],"refs":[],"recordCount":1,"confidence":0.76,"source":"openstreetmap","sourceIds":["node/7315056185"]}},{"type":"Feature","geometry":{"type":"Point","coordinates":[69.215288,41.329689]},"properties":{"id":"transit_91fa7188e9c5aeea","name":"Toshko'cha kochasi","nameEn":"Bus Stop","types":["stop_position"],"refs":[],"recordCount":1,"confidence":0.76,"source":"openstreetmap","sourceIds":["node/7315056285"]}},{"type":"Feature","geometry":{"type":"Point","coordinates":[69.175016,41.348536]},"properties":{"id":"transit_15ba9cf0586d5d30","name":"ToshMI","nameEn":null,"types":["platform","stop_position"],"refs":[],"recordCount":2,"confidence":0.88,"source":"openstreetmap","sourceIds":["node/13297153531","node/4483839588"]}},{"type":"Feature","geometry":{"type":"Point","coordinates":[69.255849,41.324362]},"properties":{"id":"transit_2c27129b64cd018d","name":"Transport agentligi","nameEn":null,"types":["stop_position"],"refs":[],"recordCount":1,"confidence":0.76,"source":"openstreetmap","sourceIds":["node/1539351122"]}},{"type":"Feature","geometry":{"type":"Point","coordinates":[69.259142,41.32475]},"properties":{"id":"transit_014d86127f438a2c","name":"Transport agentligi","nameEn":null,"types":["stop_position"],"refs":[],"recordCount":1,"confidence":0.76,"source":"openstreetmap","sourceIds":["node/13392724361"]}},{"type":"Feature","geometry":{"type":"Point","coordinates":[69.278028,41.273294]},"properties":{"id":"transit_e920b3218ab231d1","name":"Transport universiteti","nameEn":"Transport Institute","types":["platform","stop_position"],"refs":[],"recordCount":3,"confidence":0.96,"source":"openstreetmap","sourceIds":["node/13362139527","node/4753906121","node/4769608423"]}},{"type":"Feature","geometry":{"type":"Point","coordinates":[69.383662,41.351694]},"properties":{"id":"transit_404f61cfc70ee2ee","name":"TTZ-2","nameEn":null,"types":["platform"],"refs":[],"recordCount":1,"confidence":0.76,"source":"openstreetmap","sourceIds":["node/13308770757"]}},{"type":"Feature","geometry":{"type":"Point","coordinates":[69.193888,41.358582]},"properties":{"id":"transit_85ec15038be5fb21","name":"Tuproqshunoslik instituti","nameEn":null,"types":["stop_position"],"refs":[],"recordCount":1,"confidence":0.76,"source":"openstreetmap","sourceIds":["node/5753504032"]}},{"type":"Feature","geometry":{"type":"Point","coordinates":[69.192876,41.359418]},"properties":{"id":"transit_51b554a5e94010b8","name":"Tuproqshunoslik instituti","nameEn":null,"types":["stop_position"],"refs":[],"recordCount":1,"confidence":0.76,"source":"openstreetmap","sourceIds":["node/5753504033"]}},{"type":"Feature","geometry":{"type":"Point","coordinates":[69.165212,41.343416]},"properties":{"id":"transit_72094880613d6436","name":"Turar joy","nameEn":null,"types":["platform","stop_position"],"refs":[],"recordCount":2,"confidence":0.88,"source":"openstreetmap","sourceIds":["node/13297153555","node/3957625858"]}},{"type":"Feature","geometry":{"type":"Point","coordinates":[69.296221,41.375584]},"properties":{"id":"transit_823084ab8b10d523","name":"Turkiston metro bekati","nameEn":null,"types":["platform","stop_position"],"refs":[],"recordCount":3,"confidence":0.96,"source":"openstreetmap","sourceIds":["node/13339363618","node/1595853391","node/4714574695"]}},{"type":"Feature","geometry":{"type":"Point","coordinates":[69.294899,41.375084]},"properties":{"id":"transit_5ea0ed2f4fe9e058","name":"Turkiston metro bekati","nameEn":null,"types":["platform","stop_position"],"refs":[],"recordCount":2,"confidence":0.88,"source":"openstreetmap","sourceIds":["node/13339363619","node/4280906890"]}},{"type":"Feature","geometry":{"type":"Point","coordinates":[69.260262,41.323942]},"properties":{"id":"transit_1f436552b3f25aab","name":"Turon mehmonxonasi","nameEn":null,"types":["stop_position"],"refs":[],"recordCount":1,"confidence":0.76,"source":"openstreetmap","sourceIds":["node/1539351125"]}},{"type":"Feature","geometry":{"type":"Point","coordinates":[69.356002,41.293264]},"properties":{"id":"transit_afdb5e6c06fe45c3","name":"Tuzel dahasi 2-mavze","nameEn":"Tuzel-2 (Krestik)","types":["stop_position"],"refs":[],"recordCount":1,"confidence":0.76,"source":"openstreetmap","sourceIds":["node/2010164557"]}},{"type":"Feature","geometry":{"type":"Point","coordinates":[69.357184,41.293256]},"properties":{"id":"transit_1a613e653abff2c0","name":"Tuzel dahasi 2-mavze","nameEn":"Tuzel-2 (Krestik)","types":["stop_position"],"refs":[],"recordCount":1,"confidence":0.76,"source":"openstreetmap","sourceIds":["node/3929928571"]}},{"type":"Feature","geometry":{"type":"Point","coordinates":[69.365267,41.296924]},"properties":{"id":"transit_259c47e39a11798c","name":"Tuzel dahasi 3-mavze","nameEn":null,"types":["platform","stop_position"],"refs":[],"recordCount":3,"confidence":0.96,"source":"openstreetmap","sourceIds":["node/13418545705","node/2010164565","node/2010164566"]}},{"type":"Feature","geometry":{"type":"Point","coordinates":[69.249383,41.281593]},"properties":{"id":"transit_739ba7e9240c4acb","name":"To'qimachilik instituti","nameEn":null,"types":["platform"],"refs":[],"recordCount":2,"confidence":0.88,"source":"openstreetmap","sourceIds":["node/13311625722","node/13311625731"]}},{"type":"Feature","geometry":{"type":"Point","coordinates":[69.245108,41.274109]},"properties":{"id":"transit_2feae035b9befcba","name":"Toʻqimachilik kombinati","nameEn":null,"types":["platform","stop_position"],"refs":[],"recordCount":3,"confidence":0.96,"source":"openstreetmap","sourceIds":["node/13359545757","node/1556076714","node/964653114"]}},{"type":"Feature","geometry":{"type":"Point","coordinates":[69.287236,41.36497]},"properties":{"id":"transit_5f7a88357e986178","name":"Universam","nameEn":null,"types":["stop_position"],"refs":[],"recordCount":1,"confidence":0.76,"source":"openstreetmap","sourceIds":["node/1802464110"]}},{"type":"Feature","geometry":{"type":"Point","coordinates":[69.36913,41.335027]},"properties":{"id":"transit_fb340b902985344c","name":"Universam","nameEn":null,"types":["stop_position"],"refs":[],"recordCount":1,"confidence":0.76,"source":"openstreetmap","sourceIds":["node/4526598589"]}},{"type":"Feature","geometry":{"type":"Point","coordinates":[69.369683,41.335676]},"properties":{"id":"transit_de53330fc31f24f6","name":"Universam","nameEn":null,"types":["stop_position"],"refs":[],"recordCount":1,"confidence":0.76,"source":"openstreetmap","sourceIds":["node/4535601892"]}},{"type":"Feature","geometry":{"type":"Point","coordinates":[69.286641,41.364049]},"properties":{"id":"transit_5292cbb61a04fe9e","name":"Universam","nameEn":null,"types":["platform","stop_position"],"refs":[],"recordCount":2,"confidence":0.88,"source":"openstreetmap","sourceIds":["node/13334213751","node/4657225500"]}},{"type":"Feature","geometry":{"type":"Point","coordinates":[69.370185,41.33477]},"properties":{"id":"transit_55da3552107d4714","name":"Universam","nameEn":null,"types":["platform","stop_position"],"refs":[],"recordCount":2,"confidence":0.88,"source":"openstreetmap","sourceIds":["node/13448637097","node/5969689285"]}},{"type":"Feature","geometry":{"type":"Point","coordinates":[69.33152,41.288067]},"properties":{"id":"transit_30553d185fc94010","name":"Uspenskiy koʻchasi","nameEn":null,"types":["stop_position"],"refs":[],"recordCount":1,"confidence":0.76,"source":"openstreetmap","sourceIds":["node/4448721190"]}},{"type":"Feature","geometry":{"type":"Point","coordinates":[69.332093,41.287414]},"properties":{"id":"transit_41aa638d9027803e","name":"Uspenskiy koʻchasi","nameEn":null,"types":["stop_position"],"refs":[],"recordCount":1,"confidence":0.76,"source":"openstreetmap","sourceIds":["node/10250872555"]}},{"type":"Feature","geometry":{"type":"Point","coordinates":[69.293216,41.307338]},"properties":{"id":"transit_0e5c91b89b6a9f52","name":"Uspenskiy Nomidagi Maktab","nameEn":null,"types":["platform","stop_position"],"refs":[],"recordCount":2,"confidence":0.88,"source":"openstreetmap","sourceIds":["node/961961150","node/961961157"]}},{"type":"Feature","geometry":{"type":"Point","coordinates":[69.291471,41.306986]},"properties":{"id":"transit_c84942bf1eb14fe7","name":"Uspenskiy Nomidagi Maktab","nameEn":null,"types":["platform","stop_position"],"refs":[],"recordCount":2,"confidence":0.88,"source":"openstreetmap","sourceIds":["node/13391400895","node/4592191009"]}},{"type":"Feature","geometry":{"type":"Point","coordinates":[69.343039,41.24674]},"properties":{"id":"transit_f4b800f0270774cc","name":"Uysozlar tor ko'chasi","nameEn":null,"types":["stop_position"],"refs":[],"recordCount":1,"confidence":0.76,"source":"openstreetmap","sourceIds":["node/13362132522"]}},{"type":"Feature","geometry":{"type":"Point","coordinates":[69.278797,41.306094]},"properties":{"id":"transit_e237b0b0b01e1504","name":"Uzavtosanoat","nameEn":null,"types":["platform"],"refs":[],"recordCount":1,"confidence":0.76,"source":"openstreetmap","sourceIds":["node/5122068262"]}},{"type":"Feature","geometry":{"type":"Point","coordinates":[69.276996,41.306377]},"properties":{"id":"transit_2caf2508efbfb410","name":"Uzavtosanoat","nameEn":null,"types":["platform"],"refs":[],"recordCount":1,"confidence":0.76,"source":"openstreetmap","sourceIds":["node/13307159702"]}},{"type":"Feature","geometry":{"type":"Point","coordinates":[69.177128,41.294448]},"properties":{"id":"transit_19502e6be292c550","name":"Uchtepa hokimiyati","nameEn":null,"types":["stop_position"],"refs":[],"recordCount":2,"confidence":0.88,"source":"openstreetmap","sourceIds":["node/6016128691","node/6016163156"]}},{"type":"Feature","geometry":{"type":"Point","coordinates":[69.167234,41.300029]},"properties":{"id":"transit_087d38f7366ea99b","name":"Uchtepa ko'chasi","nameEn":null,"types":["platform","stop_position"],"refs":[],"recordCount":2,"confidence":0.88,"source":"openstreetmap","sourceIds":["node/13409313112","node/13409313113"]}},{"type":"Feature","geometry":{"type":"Point","coordinates":[69.257652,41.269206]},"properties":{"id":"transit_22ce0f33d381f834","name":"Vagon deposi","nameEn":null,"types":["stop_position"],"refs":[],"recordCount":2,"confidence":0.88,"source":"openstreetmap","sourceIds":["node/2018385488","node/3060450720"]}},{"type":"Feature","geometry":{"type":"Point","coordinates":[69.283675,41.306533]},"properties":{"id":"transit_ebbd9063103c467b","name":"Vestminster universeteti","nameEn":null,"types":["platform","stop_position"],"refs":[],"recordCount":2,"confidence":0.88,"source":"openstreetmap","sourceIds":["node/13317658845","node/3917944059"]}},{"type":"Feature","geometry":{"type":"Point","coordinates":[69.285148,41.305649]},"properties":{"id":"transit_2cec14beb9df5c8c","name":"Vestminster universeteti","nameEn":null,"types":["platform","stop_position"],"refs":[],"recordCount":2,"confidence":0.88,"source":"openstreetmap","sourceIds":["node/13314822272","node/4180633203"]}},{"type":"Feature","geometry":{"type":"Point","coordinates":[69.284939,41.307243]},"properties":{"id":"transit_7bcb59612ce49478","name":"Vestminster universeteti","nameEn":null,"types":["platform","stop_position"],"refs":[],"recordCount":2,"confidence":0.88,"source":"openstreetmap","sourceIds":["node/13314822273","node/4216727920"]}},{"type":"Feature","geometry":{"type":"Point","coordinates":[69.261695,41.320628]},"properties":{"id":"transit_98f87891a67310d5","name":"Webster University in Tashkent","nameEn":null,"types":["stop_position"],"refs":[],"recordCount":1,"confidence":0.76,"source":"openstreetmap","sourceIds":["node/7925517879"]}},{"type":"Feature","geometry":{"type":"Point","coordinates":[69.256518,41.280851]},"properties":{"id":"transit_ec07f5a1340c506d","name":"Xalq sudi","nameEn":null,"types":["platform","stop_position"],"refs":[],"recordCount":2,"confidence":0.88,"source":"openstreetmap","sourceIds":["node/13314837149","node/1930081811"]}},{"type":"Feature","geometry":{"type":"Point","coordinates":[69.255261,41.282075]},"properties":{"id":"transit_d9d3584da4496dde","name":"Xalq sudi","nameEn":null,"types":["platform","stop_position"],"refs":[],"recordCount":2,"confidence":0.88,"source":"openstreetmap","sourceIds":["node/4591999781","node/7824442890"]}},{"type":"Feature","geometry":{"type":"Point","coordinates":[69.255712,41.280124]},"properties":{"id":"transit_58939e2d54eab249","name":"Xalq sudi","nameEn":null,"types":["platform"],"refs":[],"recordCount":1,"confidence":0.76,"source":"openstreetmap","sourceIds":["node/13297153502"]}},{"type":"Feature","geometry":{"type":"Point","coordinates":[69.241876,41.311646]},"properties":{"id":"transit_4141bfe97674b73d","name":"Xalqlar Doʻstligi metro bekati","nameEn":null,"types":["stop_position"],"refs":[],"recordCount":1,"confidence":0.76,"source":"openstreetmap","sourceIds":["node/4367754402"]}},{"type":"Feature","geometry":{"type":"Point","coordinates":[69.240238,41.311375]},"properties":{"id":"transit_ae7277e9743550f6","name":"Xalqlar Doʻstligi metro bekati","nameEn":null,"types":["stop_position"],"refs":[],"recordCount":1,"confidence":0.76,"source":"openstreetmap","sourceIds":["node/4465929109"]}},{"type":"Feature","geometry":{"type":"Point","coordinates":[69.244062,41.311655]},"properties":{"id":"transit_a7b522216a8fb437","name":"Xalqlar Doʻstligi metro bekati","nameEn":null,"types":["stop_position"],"refs":[],"recordCount":1,"confidence":0.76,"source":"openstreetmap","sourceIds":["node/6154154085"]}},{"type":"Feature","geometry":{"type":"Point","coordinates":[69.238912,41.312424]},"properties":{"id":"transit_3efbcb3843caa09c","name":"Xalqlar Doʻstligi metro bekati","nameEn":null,"types":["stop_position"],"refs":[],"recordCount":1,"confidence":0.76,"source":"openstreetmap","sourceIds":["node/6199083089"]}},{"type":"Feature","geometry":{"type":"Point","coordinates":[69.242461,41.312517]},"properties":{"id":"transit_e121b435b9ce4e51","name":"Xalqlar Doʻstligi metro bekati","nameEn":null,"types":["platform"],"refs":[],"recordCount":1,"confidence":0.76,"source":"openstreetmap","sourceIds":["node/7824442838"]}},{"type":"Feature","geometry":{"type":"Point","coordinates":[69.339104,41.279448]},"properties":{"id":"transit_ab1bd3e125271d6d","name":"Xamza qurilish kolleji","nameEn":null,"types":["stop_position"],"refs":[],"recordCount":1,"confidence":0.76,"source":"openstreetmap","sourceIds":["node/13667215837"]}},{"type":"Feature","geometry":{"type":"Point","coordinates":[69.325228,41.279547]},"properties":{"id":"transit_45d09570f1a73926","name":"Xatirchi ko'chasi","nameEn":null,"types":["platform","stop_position"],"refs":[],"recordCount":3,"confidence":0.96,"source":"openstreetmap","sourceIds":["node/13534580264","node/13534580348","node/13534580389"]}},{"type":"Feature","geometry":{"type":"Point","coordinates":[69.256805,41.263516]},"properties":{"id":"transit_76750f925c8c4fe0","name":"Xaydar ko'chasi","nameEn":null,"types":["platform"],"refs":[],"recordCount":1,"confidence":0.76,"source":"openstreetmap","sourceIds":["node/13297033796"]}},{"type":"Feature","geometry":{"type":"Point","coordinates":[69.25864,41.263939]},"properties":{"id":"transit_6b49fed5ba0b53ad","name":"Xaydar ko'chasi","nameEn":null,"types":["platform"],"refs":[],"recordCount":1,"confidence":0.76,"source":"openstreetmap","sourceIds":["node/13297153596"]}},{"type":"Feature","geometry":{"type":"Point","coordinates":[69.171059,41.318665]},"properties":{"id":"transit_d0f37548117acc7f","name":"Xondamir ko'chasi","nameEn":"Xondamir","types":["platform","stop_position"],"refs":[],"recordCount":4,"confidence":0.96,"source":"openstreetmap","sourceIds":["node/13409294052","node/13409294053","node/6112504819","node/6112533432"]}},{"type":"Feature","geometry":{"type":"Point","coordinates":[69.270917,41.231507]},"properties":{"id":"transit_35ec72c80047586d","name":"Xonobod metrosi","nameEn":null,"types":["platform","stop_position"],"refs":[],"recordCount":4,"confidence":0.96,"source":"openstreetmap","sourceIds":["node/10956755205","node/13326560038","node/13326560041","node/13326560042"]}},{"type":"Feature","geometry":{"type":"Point","coordinates":[69.330391,41.281668]},"properties":{"id":"transit_09b690705604d2d0","name":"Xovos ko'chasi","nameEn":null,"types":["stop_position"],"refs":[],"recordCount":1,"confidence":0.76,"source":"openstreetmap","sourceIds":["node/13534580265"]}},{"type":"Feature","geometry":{"type":"Point","coordinates":[69.328476,41.280847]},"properties":{"id":"transit_db81d0e44edf5d28","name":"Xovos ko'chasi","nameEn":null,"types":["platform","stop_position"],"refs":[],"recordCount":2,"confidence":0.88,"source":"openstreetmap","sourceIds":["node/13534580349","node/13534580350"]}},{"type":"Feature","geometry":{"type":"Point","coordinates":[69.206966,41.30711]},"properties":{"id":"transit_d2207f7c29a85ca9","name":"Xumdonsoy ko'chasi","nameEn":null,"types":["stop_position"],"refs":[],"recordCount":1,"confidence":0.76,"source":"openstreetmap","sourceIds":["node/4272751000"]}},{"type":"Feature","geometry":{"type":"Point","coordinates":[69.207856,41.3054]},"properties":{"id":"transit_ff0c83da2de837b4","name":"Xumdonsoy ko'chasi","nameEn":null,"types":["stop_position"],"refs":[],"recordCount":1,"confidence":0.76,"source":"openstreetmap","sourceIds":["node/4494246508"]}},{"type":"Feature","geometry":{"type":"Point","coordinates":[69.207062,41.308613]},"properties":{"id":"transit_9d59862fb8136587","name":"Xumdonsoy ko'chasi","nameEn":null,"types":["stop_position"],"refs":[],"recordCount":1,"confidence":0.76,"source":"openstreetmap","sourceIds":["node/10994783483"]}},{"type":"Feature","geometry":{"type":"Point","coordinates":[69.25934,41.271937]},"properties":{"id":"transit_2be33cf2ba37da20","name":"Yakkasaroy TIIB","nameEn":null,"types":["platform"],"refs":[],"recordCount":1,"confidence":0.76,"source":"openstreetmap","sourceIds":["node/5440456687"]}},{"type":"Feature","geometry":{"type":"Point","coordinates":[69.258901,41.274202]},"properties":{"id":"transit_4b9ed6c8879a2518","name":"Yakkasaroy TIIB","nameEn":null,"types":["platform"],"refs":[],"recordCount":1,"confidence":0.76,"source":"openstreetmap","sourceIds":["node/7824442891"]}},{"type":"Feature","geometry":{"type":"Point","coordinates":[69.160036,41.314298]},"properties":{"id":"transit_70c101b86a03414f","name":"Yangi Labzak ko'chasi","nameEn":null,"types":["platform","stop_position"],"refs":[],"recordCount":2,"confidence":0.88,"source":"openstreetmap","sourceIds":["node/13393175415","node/13393175416"]}},{"type":"Feature","geometry":{"type":"Point","coordinates":[69.15906,41.313536]},"properties":{"id":"transit_69619727df13f8bb","name":"Yangi Labzak ko'chasi","nameEn":null,"types":["stop_position"],"refs":[],"recordCount":1,"confidence":0.76,"source":"openstreetmap","sourceIds":["node/13393175417"]}},{"type":"Feature","geometry":{"type":"Point","coordinates":[69.273063,41.235463]},"properties":{"id":"transit_ca928adf10981d01","name":"Yangi Turmush ko'chasi","nameEn":null,"types":["platform","stop_position"],"refs":[],"recordCount":2,"confidence":0.88,"source":"openstreetmap","sourceIds":["node/13326560050","node/13326560051"]}},{"type":"Feature","geometry":{"type":"Point","coordinates":[69.272419,41.234759]},"properties":{"id":"transit_ffd17c82678da88c","name":"Yangi Turmush ko'chasi","nameEn":null,"types":["platform","stop_position"],"refs":[],"recordCount":2,"confidence":0.88,"source":"openstreetmap","sourceIds":["node/13326560052","node/13326560053"]}},{"type":"Feature","geometry":{"type":"Point","coordinates":[69.202487,41.220215]},"properties":{"id":"transit_1b7736cf5afa76a2","name":"Yangi Turmush mahallasi","nameEn":null,"types":["stop_position"],"refs":[],"recordCount":2,"confidence":0.88,"source":"openstreetmap","sourceIds":["node/12919449374","node/13352014000"]}},{"type":"Feature","geometry":{"type":"Point","coordinates":[69.197836,41.213557]},"properties":{"id":"transit_bab36250e682a30f","name":"Yangihayot mahallasi","nameEn":null,"types":["platform","stop_position"],"refs":[],"recordCount":4,"confidence":0.96,"source":"openstreetmap","sourceIds":["node/13352013921","node/13352013922","node/13352013925","node/13352013926"]}},{"type":"Feature","geometry":{"type":"Point","coordinates":[69.353991,41.264731]},"properties":{"id":"transit_5459420166c7b3dd","name":"Yangiobod mavzesi","nameEn":null,"types":["stop_position"],"refs":[],"recordCount":2,"confidence":0.88,"source":"openstreetmap","sourceIds":["node/13626619117","node/13667215863"]}},{"type":"Feature","geometry":{"type":"Point","coordinates":[69.286373,41.271208]},"properties":{"id":"transit_59789e1b85b61dbb","name":"Yangizamon ko'chasi","nameEn":null,"types":["stop_position"],"refs":[],"recordCount":2,"confidence":0.88,"source":"openstreetmap","sourceIds":["node/12087938902","node/13362139522"]}},{"type":"Feature","geometry":{"type":"Point","coordinates":[69.297652,41.277145]},"properties":{"id":"transit_1d9a36005538b593","name":"Yangizamon ko'chasi","nameEn":null,"types":["platform","stop_position"],"refs":[],"recordCount":3,"confidence":0.96,"source":"openstreetmap","sourceIds":["node/13474555235","node/13474555236","node/13474555241"]}},{"type":"Feature","geometry":{"type":"Point","coordinates":[69.349299,41.298393]},"properties":{"id":"transit_61844b96c2e18e8b","name":"Yashnobod metrosi","nameEn":null,"types":["stop_position"],"refs":[],"recordCount":1,"confidence":0.76,"source":"openstreetmap","sourceIds":["node/13418520194"]}},{"type":"Feature","geometry":{"type":"Point","coordinates":[69.382152,41.357788]},"properties":{"id":"transit_c042727f18c37d9a","name":"Yotoqxona","nameEn":null,"types":["platform","stop_position"],"refs":[],"recordCount":4,"confidence":0.96,"source":"openstreetmap","sourceIds":["node/4552864193","node/9491669061","node/9672574357","node/9672574358"]}},{"type":"Feature","geometry":{"type":"Point","coordinates":[69.329636,41.271312]},"properties":{"id":"transit_3d0875f0f544f8c8","name":"Yog'-moy kombinati","nameEn":null,"types":["platform","stop_position"],"refs":[],"recordCount":2,"confidence":0.88,"source":"openstreetmap","sourceIds":["node/4714591791","node/7072507777"]}},{"type":"Feature","geometry":{"type":"Point","coordinates":[69.332144,41.272814]},"properties":{"id":"transit_e20832afafb311fe","name":"Yog'-moy kombinati","nameEn":null,"types":["stop_position"],"refs":[],"recordCount":1,"confidence":0.76,"source":"openstreetmap","sourceIds":["node/4714597693"]}},{"type":"Feature","geometry":{"type":"Point","coordinates":[69.282375,41.322338]},"properties":{"id":"transit_956c64ca87f41e27","name":"Yulduz ICHB","nameEn":null,"types":["platform"],"refs":[],"recordCount":1,"confidence":0.76,"source":"openstreetmap","sourceIds":["node/5122068263"]}},{"type":"Feature","geometry":{"type":"Point","coordinates":[69.284297,41.383199]},"properties":{"id":"transit_56e101420a717a93","name":"Yunusobod dahasi 10-mavze","nameEn":null,"types":["platform","stop_position"],"refs":[],"recordCount":2,"confidence":0.88,"source":"openstreetmap","sourceIds":["node/13342651279","node/13342651280"]}},{"type":"Feature","geometry":{"type":"Point","coordinates":[69.283363,41.382727]},"properties":{"id":"transit_f01e6a503d5bb6c4","name":"Yunusobod dahasi 10-mavze","nameEn":null,"types":["platform","stop_position"],"refs":[],"recordCount":2,"confidence":0.88,"source":"openstreetmap","sourceIds":["node/13342651288","node/13342651289"]}},{"type":"Feature","geometry":{"type":"Point","coordinates":[69.295207,41.373478]},"properties":{"id":"transit_7099cf4da8071ece","name":"Yunusobod dahasi 11-mavze","nameEn":null,"types":["platform","stop_position"],"refs":[],"recordCount":2,"confidence":0.88,"source":"openstreetmap","sourceIds":["node/13339363641","node/2010885599"]}},{"type":"Feature","geometry":{"type":"Point","coordinates":[69.294145,41.372662]},"properties":{"id":"transit_57653c0e24a13a73","name":"Yunusobod dahasi 11-mavze","nameEn":null,"types":["platform","stop_position"],"refs":[],"recordCount":2,"confidence":0.88,"source":"openstreetmap","sourceIds":["node/13339363640","node/4295717626"]}},{"type":"Feature","geometry":{"type":"Point","coordinates":[69.296611,41.381409]},"properties":{"id":"transit_1d75cbcfae4d0ab2","name":"Yunusobod dahasi 12-mavze","nameEn":null,"types":["platform","stop_position"],"refs":[],"recordCount":2,"confidence":0.88,"source":"openstreetmap","sourceIds":["node/13341109543","node/1342203160"]}},{"type":"Feature","geometry":{"type":"Point","coordinates":[69.297785,41.381769]},"properties":{"id":"transit_155bbc09276d16a9","name":"Yunusobod dahasi 12-mavze","nameEn":null,"types":["platform","stop_position"],"refs":[],"recordCount":2,"confidence":0.88,"source":"openstreetmap","sourceIds":["node/13341109547","node/4104035290"]}},{"type":"Feature","geometry":{"type":"Point","coordinates":[69.293585,41.369436]},"properties":{"id":"transit_44f89a56bdf1a01f","name":"Yunusobod dahasi 13-mavze","nameEn":null,"types":["platform","stop_position"],"refs":[],"recordCount":4,"confidence":0.96,"source":"openstreetmap","sourceIds":["node/11276417930","node/13316874964","node/13336787427","node/4104185890"]}},{"type":"Feature","geometry":{"type":"Point","coordinates":[69.303906,41.374303]},"properties":{"id":"transit_024f1cb01115207a","name":"Yunusobod dahasi 14-mavze","nameEn":"Bohodir","types":["platform","stop_position"],"refs":[],"recordCount":2,"confidence":0.88,"source":"openstreetmap","sourceIds":["node/13339363597","node/3419567849"]}},{"type":"Feature","geometry":{"type":"Point","coordinates":[69.303012,41.374621]},"properties":{"id":"transit_4839196503bb0e21","name":"Yunusobod dahasi 14-mavze","nameEn":null,"types":["platform","stop_position"],"refs":[],"recordCount":2,"confidence":0.88,"source":"openstreetmap","sourceIds":["node/3419567850","node/5687893526"]}},{"type":"Feature","geometry":{"type":"Point","coordinates":[69.30535,41.368079]},"properties":{"id":"transit_75e5397a3e1f969f","name":"Yunusobod dahasi 14-mavze","nameEn":null,"types":["platform","stop_position"],"refs":[],"recordCount":3,"confidence":0.96,"source":"openstreetmap","sourceIds":["node/13342647777","node/4711068889","node/6953452487"]}},{"type":"Feature","geometry":{"type":"Point","coordinates":[69.310271,41.363857]},"properties":{"id":"transit_21ff78f28eb8fd2e","name":"Yunusobod dahasi 17-mavze","nameEn":null,"types":["platform","stop_position"],"refs":[],"recordCount":2,"confidence":0.88,"source":"openstreetmap","sourceIds":["node/13341109565","node/13341109566"]}},{"type":"Feature","geometry":{"type":"Point","coordinates":[69.308811,41.368827]},"properties":{"id":"transit_0a2b73a00381a142","name":"Yunusobod dahasi 17-mavze","nameEn":null,"types":["platform","stop_position"],"refs":[],"recordCount":2,"confidence":0.88,"source":"openstreetmap","sourceIds":["node/13342647771","node/13342647772"]}},{"type":"Feature","geometry":{"type":"Point","coordinates":[69.316829,41.371749]},"properties":{"id":"transit_b19e93a7d83c196d","name":"Yunusobod dahasi 18-mavze","nameEn":null,"types":["stop_position"],"refs":[],"recordCount":2,"confidence":0.88,"source":"openstreetmap","sourceIds":["node/4325764456","node/4325766423"]}},{"type":"Feature","geometry":{"type":"Point","coordinates":[69.322509,41.373453]},"properties":{"id":"transit_a24d4fe35ad95d95","name":"Yunusobod dahasi 19-mavze","nameEn":null,"types":["platform","stop_position"],"refs":[],"recordCount":4,"confidence":0.96,"source":"openstreetmap","sourceIds":["node/13339363565","node/13339363566","node/3457075097","node/6953489385"]}},{"type":"Feature","geometry":{"type":"Point","coordinates":[69.278996,41.359934]},"properties":{"id":"transit_7faf9f33a09d6200","name":"Yunusobod dahasi 4-mavze","nameEn":null,"types":["platform","stop_position"],"refs":[],"recordCount":2,"confidence":0.88,"source":"openstreetmap","sourceIds":["node/13331976572","node/3667581702"]}},{"type":"Feature","geometry":{"type":"Point","coordinates":[69.277446,41.360015]},"properties":{"id":"transit_e6ccdac6f0c48d84","name":"Yunusobod dahasi 4-mavze","nameEn":null,"types":["platform","stop_position"],"refs":[],"recordCount":2,"confidence":0.88,"source":"openstreetmap","sourceIds":["node/13331976576","node/3667640856"]}},{"type":"Feature","geometry":{"type":"Point","coordinates":[69.265419,41.366904]},"properties":{"id":"transit_5944f3d3df0391cf","name":"Yunusobod dahasi 6-mavze","nameEn":null,"types":["platform","stop_position"],"refs":[],"recordCount":2,"confidence":0.88,"source":"openstreetmap","sourceIds":["node/13341120466","node/13341120468"]}},{"type":"Feature","geometry":{"type":"Point","coordinates":[69.280242,41.369406]},"properties":{"id":"transit_7e68036cc366fed2","name":"Yunusobod dahasi 8-mavze","nameEn":"Eurostudy","types":["platform","stop_position"],"refs":[],"recordCount":3,"confidence":0.96,"source":"openstreetmap","sourceIds":["node/13341109574","node/4658443867","node/4658443871"]}},{"type":"Feature","geometry":{"type":"Point","coordinates":[69.277299,41.373694]},"properties":{"id":"transit_c4c1cb27d8e1de92","name":"Yunusobod dahasi 9-mavze","nameEn":null,"types":["platform","stop_position"],"refs":[],"recordCount":2,"confidence":0.88,"source":"openstreetmap","sourceIds":["node/13342647785","node/4445666601"]}},{"type":"Feature","geometry":{"type":"Point","coordinates":[69.278316,41.374118]},"properties":{"id":"transit_5da233284b77ceea","name":"Yunusobod dahasi 9-mavze","nameEn":null,"types":["platform","stop_position"],"refs":[],"recordCount":2,"confidence":0.88,"source":"openstreetmap","sourceIds":["node/13342647784","node/4445666628"]}},{"type":"Feature","geometry":{"type":"Point","coordinates":[69.282514,41.37779]},"properties":{"id":"transit_5e71d7af9048b066","name":"Yunusobod dahasi 9-mavze","nameEn":null,"types":["platform","stop_position"],"refs":[],"recordCount":7,"confidence":0.96,"source":"openstreetmap","sourceIds":["node/13342647797","node/13342647799","node/13342651207","node/13342651208","node/13342651217","node/13342651224","node/13612707945"]}},{"type":"Feature","geometry":{"type":"Point","coordinates":[69.288401,41.363095]},"properties":{"id":"transit_1e632b6bafe671a5","name":"Yunusobod dehqon bozori","nameEn":null,"types":["platform","stop_position"],"refs":[],"recordCount":4,"confidence":0.96,"source":"openstreetmap","sourceIds":["node/1802464087","node/4657225480","node/4657225484","node/6846811985"]}},{"type":"Feature","geometry":{"type":"Point","coordinates":[69.288704,41.364205]},"properties":{"id":"transit_88aff2dec4866248","name":"Yunusobod dehqon bozori","nameEn":null,"types":["stop_position"],"refs":[],"recordCount":1,"confidence":0.76,"source":"openstreetmap","sourceIds":["node/5936436695"]}},{"type":"Feature","geometry":{"type":"Point","coordinates":[69.283498,41.328308]},"properties":{"id":"transit_2b72fd8bdaf8df6e","name":"Yunusobod hokimiyati","nameEn":null,"types":["stop_position"],"refs":[],"recordCount":1,"confidence":0.76,"source":"openstreetmap","sourceIds":["node/988621302"]}},{"type":"Feature","geometry":{"type":"Point","coordinates":[69.284147,41.327496]},"properties":{"id":"transit_5fdcf0ae81cc2151","name":"Yunusobod hokimiyati","nameEn":null,"types":["platform"],"refs":[],"recordCount":1,"confidence":0.76,"source":"openstreetmap","sourceIds":["node/988621307"]}},{"type":"Feature","geometry":{"type":"Point","coordinates":[69.282387,41.327913]},"properties":{"id":"transit_a8ef76362c80b41b","name":"Yunusobod hokimiyati","nameEn":null,"types":["platform","stop_position"],"refs":[],"recordCount":2,"confidence":0.88,"source":"openstreetmap","sourceIds":["node/1309769497","node/7926222214"]}},{"type":"Feature","geometry":{"type":"Point","coordinates":[69.289041,41.358642]},"properties":{"id":"transit_796258a0b712bac5","name":"Yunusobod mavzesi 2-daha","nameEn":null,"types":["stop_position"],"refs":[],"recordCount":1,"confidence":0.76,"source":"openstreetmap","sourceIds":["node/5724392025"]}},{"type":"Feature","geometry":{"type":"Point","coordinates":[69.289386,41.359439]},"properties":{"id":"transit_db87e2d669c6234c","name":"Yunusobod mavzesi 2-daha","nameEn":"D2","types":["stop_position"],"refs":[],"recordCount":1,"confidence":0.76,"source":"openstreetmap","sourceIds":["node/5724392026"]}},{"type":"Feature","geometry":{"type":"Point","coordinates":[69.29339,41.365801]},"properties":{"id":"transit_822ea67daf991e6f","name":"Yunusobod metro bekati","nameEn":null,"types":["platform","stop_position"],"refs":[],"recordCount":2,"confidence":0.88,"source":"openstreetmap","sourceIds":["node/13342647783","node/4590756089"]}},{"type":"Feature","geometry":{"type":"Point","coordinates":[69.292911,41.367113]},"properties":{"id":"transit_a1aae684a59f98f4","name":"Yunusobod Metro stansiyasi","nameEn":null,"types":["platform","stop_position"],"refs":[],"recordCount":4,"confidence":0.96,"source":"openstreetmap","sourceIds":["node/12726946696","node/13336787438","node/13336787439","node/13336787444"]}},{"type":"Feature","geometry":{"type":"Point","coordinates":[69.291054,41.366827]},"properties":{"id":"transit_1704f0e691174ac5","name":"Yunusobod Metro stansiyasi","nameEn":null,"types":["platform","stop_position"],"refs":[],"recordCount":2,"confidence":0.88,"source":"openstreetmap","sourceIds":["node/13336787440","node/13336787441"]}},{"type":"Feature","geometry":{"type":"Point","coordinates":[69.283393,41.329082]},"properties":{"id":"transit_369a326f013ba884","name":"Yunusobod tuman hokimiyati","nameEn":null,"types":["platform","stop_position"],"refs":[],"recordCount":2,"confidence":0.88,"source":"openstreetmap","sourceIds":["node/13424093147","node/2582400320"]}},{"type":"Feature","geometry":{"type":"Point","coordinates":[69.280839,41.315545]},"properties":{"id":"transit_c6c0d3711582efa2","name":"Yuridik universiteti","nameEn":null,"types":["platform","stop_position"],"refs":[],"recordCount":2,"confidence":0.88,"source":"openstreetmap","sourceIds":["node/13326572872","node/2122589679"]}},{"type":"Feature","geometry":{"type":"Point","coordinates":[69.280286,41.314172]},"properties":{"id":"transit_f4da1669c8cc06f9","name":"Yuridik universiteti","nameEn":null,"types":["stop_position"],"refs":[],"recordCount":1,"confidence":0.76,"source":"openstreetmap","sourceIds":["node/5122068264"]}},{"type":"Feature","geometry":{"type":"Point","coordinates":[69.279419,41.315327]},"properties":{"id":"transit_894ec81c05cfa8b0","name":"Yuridik universiteti","nameEn":null,"types":["stop_position"],"refs":[],"recordCount":1,"confidence":0.76,"source":"openstreetmap","sourceIds":["node/13324943855"]}},{"type":"Feature","geometry":{"type":"Point","coordinates":[69.174495,41.298623]},"properties":{"id":"transit_c4d730999eabf534","name":"Yusuf Sakkokiy tor ko'chasi","nameEn":null,"types":["platform","stop_position"],"refs":[],"recordCount":2,"confidence":0.88,"source":"openstreetmap","sourceIds":["node/13409313031","node/4384765291"]}},{"type":"Feature","geometry":{"type":"Point","coordinates":[69.17323,41.298092]},"properties":{"id":"transit_63bc42fe54b1c7d0","name":"Yusuf Sakkoniy ko'chasi","nameEn":null,"types":["platform","stop_position"],"refs":[],"recordCount":4,"confidence":0.96,"source":"openstreetmap","sourceIds":["node/13409313045","node/13409313085","node/13409313086","node/13409313088"]}},{"type":"Feature","geometry":{"type":"Point","coordinates":[69.392262,41.362919]},"properties":{"id":"transit_f57a6d4a1e1487c3","name":"Yuzrobod Ko'chasi","nameEn":null,"types":["stop_position"],"refs":[],"recordCount":1,"confidence":0.76,"source":"openstreetmap","sourceIds":["node/3453299468"]}},{"type":"Feature","geometry":{"type":"Point","coordinates":[69.393152,41.363669]},"properties":{"id":"transit_1560ca398fe232f1","name":"Yuzrobod Ko'chasi","nameEn":null,"types":["stop_position"],"refs":[],"recordCount":1,"confidence":0.76,"source":"openstreetmap","sourceIds":["node/3453299475"]}},{"type":"Feature","geometry":{"type":"Point","coordinates":[69.328478,41.290534]},"properties":{"id":"transit_9e062855282ca732","name":"Zangori 1-tor ko‘chasi","nameEn":null,"types":["stop_position"],"refs":[],"recordCount":2,"confidence":0.88,"source":"openstreetmap","sourceIds":["node/4448731889","node/4448732089"]}},{"type":"Feature","geometry":{"type":"Point","coordinates":[69.346946,41.273375]},"properties":{"id":"transit_5126b27884617487","name":"Zanjirsaroy ko'chasi","nameEn":null,"types":["stop_position"],"refs":[],"recordCount":2,"confidence":0.88,"source":"openstreetmap","sourceIds":["node/13626619134","node/13626619158"]}},{"type":"Feature","geometry":{"type":"Point","coordinates":[69.182637,41.349529]},"properties":{"id":"transit_5cf5568823ed06bf","name":"Zarbdar ko`chasi","nameEn":null,"types":["platform"],"refs":[],"recordCount":1,"confidence":0.76,"source":"openstreetmap","sourceIds":["node/5653146407"]}},{"type":"Feature","geometry":{"type":"Point","coordinates":[69.179866,41.349263]},"properties":{"id":"transit_4986463c4374589a","name":"Zarbdor ko‘chasi","nameEn":null,"types":["platform"],"refs":[],"recordCount":1,"confidence":0.76,"source":"openstreetmap","sourceIds":["node/13297153530"]}},{"type":"Feature","geometry":{"type":"Point","coordinates":[69.176748,41.271968]},"properties":{"id":"transit_08cbbbac36c07bed","name":"Zargarlik zavodi","nameEn":null,"types":["stop_position"],"refs":[],"recordCount":2,"confidence":0.88,"source":"openstreetmap","sourceIds":["node/13409313021","node/2004031974"]}},{"type":"Feature","geometry":{"type":"Point","coordinates":[69.217225,41.300614]},"properties":{"id":"transit_4c65aa459574cb82","name":"Zarkent ​ ko'chasi","nameEn":null,"types":["stop_position"],"refs":[],"recordCount":1,"confidence":0.76,"source":"openstreetmap","sourceIds":["node/13364358833"]}},{"type":"Feature","geometry":{"type":"Point","coordinates":[69.216268,41.300657]},"properties":{"id":"transit_56a2fbc92b3ee95e","name":"Zarkent ​ ko'chasi","nameEn":null,"types":["stop_position"],"refs":[],"recordCount":1,"confidence":0.76,"source":"openstreetmap","sourceIds":["node/13364358834"]}},{"type":"Feature","geometry":{"type":"Point","coordinates":[69.27051,41.37509]},"properties":{"id":"transit_29c1ad4c27a4ce6c","name":"Zenit zavodi","nameEn":null,"types":["stop_position"],"refs":[],"recordCount":1,"confidence":0.76,"source":"openstreetmap","sourceIds":["node/13341109600"]}},{"type":"Feature","geometry":{"type":"Point","coordinates":[69.263166,41.331237]},"properties":{"id":"transit_8f3f9dc225412797","name":"Zulfiyaxonim ko'chasi","nameEn":"Zulfiyaxonim ko'chasi","types":["bus_stop"],"refs":[],"recordCount":1,"confidence":0.76,"source":"openstreetmap","sourceIds":["node/6569423488"]}},{"type":"Feature","geometry":{"type":"Point","coordinates":[69.343706,41.237188]},"properties":{"id":"transit_6862664c1b303853","name":"O'quv kombinat","nameEn":null,"types":["stop_position"],"refs":[],"recordCount":1,"confidence":0.76,"source":"openstreetmap","sourceIds":["node/13376423213"]}},{"type":"Feature","geometry":{"type":"Point","coordinates":[69.342706,41.236736]},"properties":{"id":"transit_3253468b13b84a82","name":"O'quv kombinat","nameEn":null,"types":["stop_position"],"refs":[],"recordCount":1,"confidence":0.76,"source":"openstreetmap","sourceIds":["node/13376423218"]}},{"type":"Feature","geometry":{"type":"Point","coordinates":[69.266109,41.31994]},"properties":{"id":"transit_3ca7bef0c3422128","name":"O'rda maydoni","nameEn":null,"types":["platform"],"refs":[],"recordCount":1,"confidence":0.76,"source":"openstreetmap","sourceIds":["node/7925517875"]}},{"type":"Feature","geometry":{"type":"Point","coordinates":[69.266673,41.352818]},"properties":{"id":"transit_cd1580bec4783894","name":"O'tish yo'li","nameEn":null,"types":["stop_position"],"refs":[],"recordCount":1,"confidence":0.76,"source":"openstreetmap","sourceIds":["node/3701516619"]}},{"type":"Feature","geometry":{"type":"Point","coordinates":[69.267153,41.353504]},"properties":{"id":"transit_ded48da27e8bad86","name":"O'tish yo'li","nameEn":null,"types":["stop_position"],"refs":[],"recordCount":1,"confidence":0.76,"source":"openstreetmap","sourceIds":["node/3701516621"]}},{"type":"Feature","geometry":{"type":"Point","coordinates":[69.235607,41.294315]},"properties":{"id":"transit_2fb456ac9bc391ea","name":"Oʻzbekfilm Kinostudiyasi","nameEn":null,"types":["platform"],"refs":[],"recordCount":1,"confidence":0.76,"source":"openstreetmap","sourceIds":["node/12968797305"]}},{"type":"Feature","geometry":{"type":"Point","coordinates":[69.284065,41.310074]},"properties":{"id":"transit_c5a39f0217931b5d","name":"Oʻzbekiston mehmonxonasi","nameEn":null,"types":["platform"],"refs":[],"recordCount":1,"confidence":0.76,"source":"openstreetmap","sourceIds":["node/13308770733"]}},{"type":"Feature","geometry":{"type":"Point","coordinates":[69.253622,41.312086]},"properties":{"id":"transit_35b4b302e289c86c","name":"Oʻzbekiston metrosi","nameEn":null,"types":["stop_position"],"refs":[],"recordCount":1,"confidence":0.76,"source":"openstreetmap","sourceIds":["node/7925517890"]}},{"type":"Feature","geometry":{"type":"Point","coordinates":[69.3039,41.285782]},"properties":{"id":"transit_06438260ccab8fde","name":"O'zbekiston qog'ozi","nameEn":null,"types":["platform","stop_position"],"refs":[],"recordCount":4,"confidence":0.96,"source":"openstreetmap","sourceIds":["node/13324943829","node/13324943830","node/4449161467","node/4710035289"]}},{"type":"Feature","geometry":{"type":"Point","coordinates":[69.300286,41.341648]},"properties":{"id":"transit_93238d930509e557","name":"O'zbekqishloqmash zavodi","nameEn":null,"types":["stop_position"],"refs":[],"recordCount":2,"confidence":0.88,"source":"openstreetmap","sourceIds":["node/1449301855","node/9160303476"]}},{"type":"Feature","geometry":{"type":"Point","coordinates":[69.212343,41.215675]},"properties":{"id":"transit_8fb0f6990cf4eb73","name":"Oʻzgarish mavzesi","nameEn":null,"types":["platform","stop_position"],"refs":[],"recordCount":3,"confidence":0.96,"source":"openstreetmap","sourceIds":["node/13352014167","node/13352014168","node/4378504890"]}},{"type":"Feature","geometry":{"type":"Point","coordinates":[69.168828,41.261178]},"properties":{"id":"transit_8ac5bef26f6fd8f6","name":"OʻzSamsung","nameEn":null,"types":["stop_position"],"refs":[],"recordCount":1,"confidence":0.76,"source":"openstreetmap","sourceIds":["node/4537718492"]}},{"type":"Feature","geometry":{"type":"Point","coordinates":[69.167534,41.260728]},"properties":{"id":"transit_5a92f1d243295ea3","name":"OʻzSamsung","nameEn":null,"types":["stop_position"],"refs":[],"recordCount":1,"confidence":0.76,"source":"openstreetmap","sourceIds":["node/13370315872"]}},{"type":"Feature","geometry":{"type":"Point","coordinates":[69.248687,41.327873]},"properties":{"id":"transit_0e1d1b564049b5e1","name":"G'afur G'ulom metrosi","nameEn":null,"types":["stop_position"],"refs":[],"recordCount":1,"confidence":0.76,"source":"openstreetmap","sourceIds":["node/1539317107"]}},{"type":"Feature","geometry":{"type":"Point","coordinates":[69.249063,41.329337]},"properties":{"id":"transit_c0c9e8929324e426","name":"G'afur G'ulom metrosi","nameEn":null,"types":["stop_position"],"refs":[],"recordCount":1,"confidence":0.76,"source":"openstreetmap","sourceIds":["node/1539369100"]}},{"type":"Feature","geometry":{"type":"Point","coordinates":[69.246992,41.329625]},"properties":{"id":"transit_85747ea7f4d776e4","name":"G'afur G'ulom metrosi","nameEn":null,"types":["stop_position"],"refs":[],"recordCount":1,"confidence":0.76,"source":"openstreetmap","sourceIds":["node/2314999329"]}},{"type":"Feature","geometry":{"type":"Point","coordinates":[69.246209,41.327581]},"properties":{"id":"transit_b0cf85a9d726d1f9","name":"G'afur G'ulom metrosi","nameEn":null,"types":["stop_position"],"refs":[],"recordCount":1,"confidence":0.76,"source":"openstreetmap","sourceIds":["node/9692088209"]}},{"type":"Feature","geometry":{"type":"Point","coordinates":[69.272812,41.35771]},"properties":{"id":"transit_f2713146cee250d2","name":"G'ayratiy ko'chasi","nameEn":null,"types":["platform","stop_position"],"refs":[],"recordCount":4,"confidence":0.96,"source":"openstreetmap","sourceIds":["node/13331990833","node/13331990837","node/3661432949","node/5936344027"]}},{"type":"Feature","geometry":{"type":"Point","coordinates":[69.354707,41.329416]},"properties":{"id":"transit_4ecac35c0cc1546c","name":"G'azalkent ko'chasi","nameEn":null,"types":["stop_position"],"refs":[],"recordCount":2,"confidence":0.88,"source":"openstreetmap","sourceIds":["node/13389302254","node/5535452423"]}},{"type":"Feature","geometry":{"type":"Point","coordinates":[69.355406,41.328574]},"properties":{"id":"transit_5ee142324a4f592c","name":"G'azalkent ko'chasi","nameEn":null,"types":["stop_position"],"refs":[],"recordCount":1,"confidence":0.76,"source":"openstreetmap","sourceIds":["node/5969740585"]}},{"type":"Feature","geometry":{"type":"Point","coordinates":[69.354059,41.328271]},"properties":{"id":"transit_e1063890c34a2ab1","name":"G'azalkent ko'chasi","nameEn":null,"types":["stop_position"],"refs":[],"recordCount":1,"confidence":0.76,"source":"openstreetmap","sourceIds":["node/5969740586"]}},{"type":"Feature","geometry":{"type":"Point","coordinates":[69.312691,41.377072]},"properties":{"id":"transit_3f981899b9a2d2df","name":"G'ofur G'ulom ko'chasi","nameEn":null,"types":["platform","stop_position"],"refs":[],"recordCount":2,"confidence":0.88,"source":"openstreetmap","sourceIds":["node/13342647742","node/5724392122"]}},{"type":"Feature","geometry":{"type":"Point","coordinates":[69.313421,41.377585]},"properties":{"id":"transit_5d6008a8734958d3","name":"G'ofur G'ulom ko'chasi","nameEn":null,"types":["platform","stop_position"],"refs":[],"recordCount":2,"confidence":0.88,"source":"openstreetmap","sourceIds":["node/13342647749","node/13342647750"]}},{"type":"Feature","geometry":{"type":"Point","coordinates":[69.221788,41.330554]},"properties":{"id":"transit_23b5496bd60e2f10","name":"G‘uncha kinoteatri","nameEn":null,"types":["platform"],"refs":[],"recordCount":1,"confidence":0.76,"source":"openstreetmap","sourceIds":["node/13297153515"]}},{"type":"Feature","geometry":{"type":"Point","coordinates":[69.19542,41.26052]},"properties":{"id":"transit_159d0db0b51d084b","name":"Sh. Galyamova maxallasi","nameEn":null,"types":["stop_position"],"refs":[],"recordCount":1,"confidence":0.76,"source":"openstreetmap","sourceIds":["node/13409294057"]}},{"type":"Feature","geometry":{"type":"Point","coordinates":[69.195914,41.259892]},"properties":{"id":"transit_050e775313e6622f","name":"Sh. Galyamova maxallasi","nameEn":null,"types":["stop_position"],"refs":[],"recordCount":1,"confidence":0.76,"source":"openstreetmap","sourceIds":["node/13409294099"]}},{"type":"Feature","geometry":{"type":"Point","coordinates":[69.288024,41.351899]},"properties":{"id":"transit_b0f0cf6a72352729","name":"Shahriston ko'chasi","nameEn":null,"types":["stop_position"],"refs":[],"recordCount":1,"confidence":0.76,"source":"openstreetmap","sourceIds":["node/9879155950"]}},{"type":"Feature","geometry":{"type":"Point","coordinates":[69.287543,41.350567]},"properties":{"id":"transit_a87e56ace9072077","name":"Shahriston ko'chasi","nameEn":null,"types":["stop_position"],"refs":[],"recordCount":1,"confidence":0.76,"source":"openstreetmap","sourceIds":["node/13612707924"]}},{"type":"Feature","geometry":{"type":"Point","coordinates":[69.288269,41.354406]},"properties":{"id":"transit_3b71a8e3ffc024b3","name":"Shahriston metro bekati","nameEn":null,"types":["stop_position"],"refs":[],"recordCount":1,"confidence":0.76,"source":"openstreetmap","sourceIds":["node/6012520602"]}},{"type":"Feature","geometry":{"type":"Point","coordinates":[69.288629,41.355281]},"properties":{"id":"transit_2801b60ada3f5d45","name":"Shahriston metro bekati","nameEn":null,"types":["stop_position"],"refs":[],"recordCount":1,"confidence":0.76,"source":"openstreetmap","sourceIds":["node/13612707927"]}},{"type":"Feature","geometry":{"type":"Point","coordinates":[69.343603,41.254366]},"properties":{"id":"transit_d5a64c0f4bdecca3","name":"Shaxlo kafesi","nameEn":null,"types":["stop_position"],"refs":[],"recordCount":2,"confidence":0.88,"source":"openstreetmap","sourceIds":["node/4110028691","node/4110050389"]}},{"type":"Feature","geometry":{"type":"Point","coordinates":[69.317508,41.316509]},"properties":{"id":"transit_7c1770aaba33c80f","name":"Shifokorlar malakasini oshirish instituti","nameEn":null,"types":["stop_position"],"refs":[],"recordCount":1,"confidence":0.76,"source":"openstreetmap","sourceIds":["node/4475397916"]}},{"type":"Feature","geometry":{"type":"Point","coordinates":[69.316001,41.316564]},"properties":{"id":"transit_076df62d5fc6a47e","name":"Shifokorlar malakasini oshirish instituti","nameEn":null,"types":["platform","stop_position"],"refs":[],"recordCount":2,"confidence":0.88,"source":"openstreetmap","sourceIds":["node/4592191011","node/5437486504"]}},{"type":"Feature","geometry":{"type":"Point","coordinates":[69.317184,41.31738]},"properties":{"id":"transit_1d8f2d54b464aba2","name":"Shifokorlar malakasini oshirish instituti","nameEn":null,"types":["platform","stop_position"],"refs":[],"recordCount":2,"confidence":0.88,"source":"openstreetmap","sourceIds":["node/5301560223","node/7903314937"]}},{"type":"Feature","geometry":{"type":"Point","coordinates":[69.17096,41.285088]},"properties":{"id":"transit_37fb0a861f3e1b4b","name":"Shirin ko'chasi","nameEn":"Shirin st. (Podmoskovnaya)","types":["platform","stop_position"],"refs":[],"recordCount":6,"confidence":0.96,"source":"openstreetmap","sourceIds":["node/13309075569","node/13343052014","node/1764934003","node/4269441290","node/4271073989","node/5891005586"]}},{"type":"Feature","geometry":{"type":"Point","coordinates":[69.196718,41.319129]},"properties":{"id":"transit_1a99ee482627a6df","name":"Shofayziy ko'chasi","nameEn":null,"types":["platform","stop_position"],"refs":[],"recordCount":2,"confidence":0.88,"source":"openstreetmap","sourceIds":["node/1196664981","node/4411605194"]}},{"type":"Feature","geometry":{"type":"Point","coordinates":[69.361655,41.275889]},"properties":{"id":"transit_aeb859684e747bce","name":"Shohimardon ko'chasi","nameEn":null,"types":["stop_position"],"refs":[],"recordCount":1,"confidence":0.76,"source":"openstreetmap","sourceIds":["node/3929928560"]}},{"type":"Feature","geometry":{"type":"Point","coordinates":[69.365484,41.268661]},"properties":{"id":"transit_ada43bf17b42c2a6","name":"Shohsanam ko'chasi","nameEn":null,"types":["platform","stop_position"],"refs":[],"recordCount":4,"confidence":0.96,"source":"openstreetmap","sourceIds":["node/13626605755","node/13626619110","node/3929928562","node/978574241"]}},{"type":"Feature","geometry":{"type":"Point","coordinates":[69.210863,41.21761]},"properties":{"id":"transit_d53e04481bcff362","name":"Shokir kanali","nameEn":null,"types":["stop_position"],"refs":[],"recordCount":1,"confidence":0.76,"source":"openstreetmap","sourceIds":["node/6255406787"]}},{"type":"Feature","geometry":{"type":"Point","coordinates":[69.210681,41.21836]},"properties":{"id":"transit_28352846fa0bda00","name":"Shokir kanali","nameEn":null,"types":["stop_position"],"refs":[],"recordCount":1,"confidence":0.76,"source":"openstreetmap","sourceIds":["node/13352014165"]}},{"type":"Feature","geometry":{"type":"Point","coordinates":[69.178778,41.321792]},"properties":{"id":"transit_291ab482f76ad1fc","name":"Shtab","nameEn":null,"types":["stop_position"],"refs":[],"recordCount":3,"confidence":0.96,"source":"openstreetmap","sourceIds":["node/13409294051","node/6052883438","node/6052883447"]}},{"type":"Feature","geometry":{"type":"Point","coordinates":[69.197285,41.279411]},"properties":{"id":"transit_a0d6a95686b86616","name":"Shuhrat do'koni","nameEn":null,"types":["platform","stop_position"],"refs":[],"recordCount":2,"confidence":0.88,"source":"openstreetmap","sourceIds":["node/13348321294","node/1524589781"]}},{"type":"Feature","geometry":{"type":"Point","coordinates":[69.198922,41.27962]},"properties":{"id":"transit_9023cfb7625121a9","name":"Shuhrat do'koni","nameEn":null,"types":["stop_position"],"refs":[],"recordCount":1,"confidence":0.76,"source":"openstreetmap","sourceIds":["node/5708554111"]}},{"type":"Feature","geometry":{"type":"Point","coordinates":[69.197161,41.278021]},"properties":{"id":"transit_4fa585e41b827ab4","name":"Shuhrat do'koni","nameEn":null,"types":["platform","stop_position"],"refs":[],"recordCount":2,"confidence":0.88,"source":"openstreetmap","sourceIds":["node/13348321289","node/5708554112"]}},{"type":"Feature","geometry":{"type":"Point","coordinates":[69.198581,41.278361]},"properties":{"id":"transit_8699e961add58208","name":"Shuhrat do'koni","nameEn":null,"types":["stop_position"],"refs":[],"recordCount":1,"confidence":0.76,"source":"openstreetmap","sourceIds":["node/5708554113"]}},{"type":"Feature","geometry":{"type":"Point","coordinates":[69.359546,41.33438]},"properties":{"id":"transit_32184c41da30196a","name":"Shukur Burkhanov ko'chasi","nameEn":null,"types":["stop_position"],"refs":[],"recordCount":1,"confidence":0.76,"source":"openstreetmap","sourceIds":["node/13389302270"]}},{"type":"Feature","geometry":{"type":"Point","coordinates":[69.2805,41.284317]},"properties":{"id":"transit_fa601470e298a9df","name":"Chambil ko'chasi","nameEn":null,"types":["stop_position"],"refs":[],"recordCount":2,"confidence":0.88,"source":"openstreetmap","sourceIds":["node/4194521407","node/4194521408"]}},{"type":"Feature","geometry":{"type":"Point","coordinates":[69.332203,41.256022]},"properties":{"id":"transit_130957f80a87357e","name":"Chashma ko‘chasi","nameEn":null,"types":["platform","stop_position"],"refs":[],"recordCount":4,"confidence":0.96,"source":"openstreetmap","sourceIds":["node/13362139514","node/13362139515","node/4449161457","node/5273196623"]}},{"type":"Feature","geometry":{"type":"Point","coordinates":[69.160967,41.308794]},"properties":{"id":"transit_1b25df58eec3eecd","name":"Chevar ko'chasi","nameEn":null,"types":["stop_position"],"refs":[],"recordCount":1,"confidence":0.76,"source":"openstreetmap","sourceIds":["node/13393175408"]}},{"type":"Feature","geometry":{"type":"Point","coordinates":[69.351195,41.268923]},"properties":{"id":"transit_d6dba582ebd6a90e","name":"Chilonota ko'chasi","nameEn":null,"types":["platform","stop_position"],"refs":[],"recordCount":3,"confidence":0.96,"source":"openstreetmap","sourceIds":["node/13626619118","node/13626619119","node/13626619120"]}},{"type":"Feature","geometry":{"type":"Point","coordinates":[69.23389,41.285352]},"properties":{"id":"transit_76ea9b13fdd0ae51","name":"Chilonzor 1-mavzesi","nameEn":"Chilanzar-1 (Pionerskaya)","types":["platform"],"refs":[],"recordCount":2,"confidence":0.88,"source":"openstreetmap","sourceIds":["node/2004304086","node/4447398392"]}},{"type":"Feature","geometry":{"type":"Point","coordinates":[69.230334,41.287705]},"properties":{"id":"transit_53d25cbf0b547ce7","name":"Chilonzor 3-mavzesi","nameEn":null,"types":["platform","stop_position"],"refs":[],"recordCount":3,"confidence":0.96,"source":"openstreetmap","sourceIds":["node/13311625797","node/4447398391","node/6320484334"]}},{"type":"Feature","geometry":{"type":"Point","coordinates":[69.172459,41.242808]},"properties":{"id":"transit_e57b388f14d89e37","name":"Chilonzor buyum bozori","nameEn":null,"types":["stop_position"],"refs":[],"recordCount":1,"confidence":0.76,"source":"openstreetmap","sourceIds":["node/12232476896"]}},{"type":"Feature","geometry":{"type":"Point","coordinates":[69.171271,41.242643]},"properties":{"id":"transit_bdd9aa12ccec959f","name":"Chilonzor buyum bozori","nameEn":null,"types":["stop_position"],"refs":[],"recordCount":1,"confidence":0.76,"source":"openstreetmap","sourceIds":["node/13409294069"]}},{"type":"Feature","geometry":{"type":"Point","coordinates":[69.195388,41.280362]},"properties":{"id":"transit_26b1dd3e4e715c5e","name":"Chilonzor dahasi 11-mavze","nameEn":null,"types":["stop_position"],"refs":[],"recordCount":1,"confidence":0.76,"source":"openstreetmap","sourceIds":["node/1522920439"]}},{"type":"Feature","geometry":{"type":"Point","coordinates":[69.193607,41.281773]},"properties":{"id":"transit_e9ecb78d92db2493","name":"Chilonzor dahasi 11-mavze","nameEn":null,"types":["stop_position"],"refs":[],"recordCount":1,"confidence":0.76,"source":"openstreetmap","sourceIds":["node/2898505402"]}},{"type":"Feature","geometry":{"type":"Point","coordinates":[69.18003,41.297052]},"properties":{"id":"transit_e2c03a302691e1ea","name":"Chilonzor dahasi 12-mavze","nameEn":null,"types":["stop_position"],"refs":[],"recordCount":2,"confidence":0.88,"source":"openstreetmap","sourceIds":["node/13364358814","node/13364358817"]}},{"type":"Feature","geometry":{"type":"Point","coordinates":[69.181733,41.267988]},"properties":{"id":"transit_62a7becac30a7ccc","name":"Chilonzor dahasi 19-mavze","nameEn":null,"types":["stop_position"],"refs":[],"recordCount":1,"confidence":0.76,"source":"openstreetmap","sourceIds":["node/1506174659"]}},{"type":"Feature","geometry":{"type":"Point","coordinates":[69.183042,41.267664]},"properties":{"id":"transit_283f7c0417d9e5b5","name":"Chilonzor dahasi 19-mavze","nameEn":null,"types":["platform","stop_position"],"refs":[],"recordCount":2,"confidence":0.88,"source":"openstreetmap","sourceIds":["node/13409294054","node/13409294055"]}},{"type":"Feature","geometry":{"type":"Point","coordinates":[69.174002,41.289532]},"properties":{"id":"transit_b7e6ce4c0e9e5e48","name":"Chilonzor dahasi 21-mavze","nameEn":null,"types":["stop_position"],"refs":[],"recordCount":2,"confidence":0.88,"source":"openstreetmap","sourceIds":["node/4271005297","node/4271055698"]}},{"type":"Feature","geometry":{"type":"Point","coordinates":[69.181419,41.289591]},"properties":{"id":"transit_a3da7895a32a78fb","name":"Chilonzor dahasi 23-mavze","nameEn":"Chilanzar-23 (Knizhny)","types":["platform","stop_position"],"refs":[],"recordCount":2,"confidence":0.88,"source":"openstreetmap","sourceIds":["node/13348331301","node/4360324090"]}},{"type":"Feature","geometry":{"type":"Point","coordinates":[69.182323,41.288686]},"properties":{"id":"transit_29479a768a5ef12a","name":"Chilonzor dahasi 23-mavze","nameEn":"Chilanzar-23 (Knizhny)","types":["platform","stop_position"],"refs":[],"recordCount":2,"confidence":0.88,"source":"openstreetmap","sourceIds":["node/13348331302","node/4794439522"]}},{"type":"Feature","geometry":{"type":"Point","coordinates":[69.18134,41.282152]},"properties":{"id":"transit_6826909c603a24f4","name":"Chilonzor dahasi 24-mavze","nameEn":null,"types":["platform","stop_position"],"refs":[],"recordCount":2,"confidence":0.88,"source":"openstreetmap","sourceIds":["node/13309075560","node/304264782"]}},{"type":"Feature","geometry":{"type":"Point","coordinates":[69.180094,41.282387]},"properties":{"id":"transit_a75018649e5aa797","name":"Chilonzor dahasi 24-mavze","nameEn":null,"types":["platform"],"refs":[],"recordCount":1,"confidence":0.76,"source":"openstreetmap","sourceIds":["node/3609108987"]}},{"type":"Feature","geometry":{"type":"Point","coordinates":[69.179853,41.281312]},"properties":{"id":"transit_5fd0d9778550f4fb","name":"Chilonzor dahasi 24-mavze","nameEn":null,"types":["platform","stop_position"],"refs":[],"recordCount":2,"confidence":0.88,"source":"openstreetmap","sourceIds":["node/13357905531","node/7618252677"]}},{"type":"Feature","geometry":{"type":"Point","coordinates":[69.181331,41.280777]},"properties":{"id":"transit_c76943eb96f89e23","name":"Chilonzor dahasi 24-mavze","nameEn":null,"types":["platform","stop_position"],"refs":[],"recordCount":2,"confidence":0.88,"source":"openstreetmap","sourceIds":["node/13357905529","node/13357905530"]}},{"type":"Feature","geometry":{"type":"Point","coordinates":[69.170407,41.280388]},"properties":{"id":"transit_3c29469cb885bf4e","name":"Chilonzor dahasi 25-mavze","nameEn":null,"types":["platform","stop_position"],"refs":[],"recordCount":3,"confidence":0.96,"source":"openstreetmap","sourceIds":["node/13357905556","node/13357905557","node/5997789666"]}},{"type":"Feature","geometry":{"type":"Point","coordinates":[69.169117,41.28473]},"properties":{"id":"transit_ddebcf52013b9f6f","name":"Chilonzor dahasi 25-mavze","nameEn":"Chilanzar-25 (Podmoskovnaya)","types":["platform"],"refs":[],"recordCount":1,"confidence":0.76,"source":"openstreetmap","sourceIds":["node/13309075570"]}},{"type":"Feature","geometry":{"type":"Point","coordinates":[69.152647,41.269234]},"properties":{"id":"transit_9a02f1313e11bccd","name":"Chilonzor dahasi 30-mavze","nameEn":null,"types":["stop_position"],"refs":[],"recordCount":2,"confidence":0.88,"source":"openstreetmap","sourceIds":["node/13370315818","node/13374559210"]}},{"type":"Feature","geometry":{"type":"Point","coordinates":[69.155245,41.26321]},"properties":{"id":"transit_4930cad993b1231b","name":"Chilonzor dahasi 31-mavze","nameEn":null,"types":["stop_position"],"refs":[],"recordCount":1,"confidence":0.76,"source":"openstreetmap","sourceIds":["node/4537718491"]}},{"type":"Feature","geometry":{"type":"Point","coordinates":[69.154494,41.263729]},"properties":{"id":"transit_14e9e0256bf1a4ab","name":"Chilonzor dahasi 31-mavze","nameEn":null,"types":["stop_position"],"refs":[],"recordCount":1,"confidence":0.76,"source":"openstreetmap","sourceIds":["node/4537730890"]}},{"type":"Feature","geometry":{"type":"Point","coordinates":[69.154323,41.262701]},"properties":{"id":"transit_cef8b5a0db5c37c6","name":"Chilonzor dahasi 31-mavze","nameEn":null,"types":["stop_position"],"refs":[],"recordCount":2,"confidence":0.88,"source":"openstreetmap","sourceIds":["node/13370315829","node/4537731489"]}},{"type":"Feature","geometry":{"type":"Point","coordinates":[69.205746,41.29769]},"properties":{"id":"transit_1b27155fdf943677","name":"Chilonzor dahasi 7-mavze","nameEn":null,"types":["platform","stop_position"],"refs":[],"recordCount":4,"confidence":0.96,"source":"openstreetmap","sourceIds":["node/13181503831","node/13181503832","node/13357903085","node/13357903086"]}},{"type":"Feature","geometry":{"type":"Point","coordinates":[69.20483,41.287082]},"properties":{"id":"transit_089b31c851053eca","name":"Chilonzor dahasi 9-mavze","nameEn":null,"types":["stop_position"],"refs":[],"recordCount":1,"confidence":0.76,"source":"openstreetmap","sourceIds":["node/2053157855"]}},{"type":"Feature","geometry":{"type":"Point","coordinates":[69.206275,41.285944]},"properties":{"id":"transit_997889bbd80dde65","name":"Chilonzor dahasi 9-mavze","nameEn":null,"types":["stop_position"],"refs":[],"recordCount":1,"confidence":0.76,"source":"openstreetmap","sourceIds":["node/6649151273"]}},{"type":"Feature","geometry":{"type":"Point","coordinates":[69.194332,41.289934]},"properties":{"id":"transit_4ea45fd26ada7701","name":"Chilonzor dahasi G9A-mavze","nameEn":null,"types":["platform","stop_position"],"refs":[],"recordCount":4,"confidence":0.96,"source":"openstreetmap","sourceIds":["node/13567441326","node/13567441327","node/13567441328","node/4260183289"]}},{"type":"Feature","geometry":{"type":"Point","coordinates":[69.200874,41.29037]},"properties":{"id":"transit_07028cddb07442c4","name":"Chilonzor IIB","nameEn":null,"types":["platform","stop_position"],"refs":[],"recordCount":2,"confidence":0.88,"source":"openstreetmap","sourceIds":["node/13179015705","node/4162369191"]}},{"type":"Feature","geometry":{"type":"Point","coordinates":[69.202455,41.288414]},"properties":{"id":"transit_1b7fd18ff03dcedd","name":"Chilonzor IIB","nameEn":null,"types":["stop_position"],"refs":[],"recordCount":1,"confidence":0.76,"source":"openstreetmap","sourceIds":["node/6649151274"]}},{"type":"Feature","geometry":{"type":"Point","coordinates":[69.204077,41.274229]},"properties":{"id":"transit_323d7fe93937d3d6","name":"Chilonzor metro bekati","nameEn":null,"types":["platform","stop_position"],"refs":[],"recordCount":2,"confidence":0.88,"source":"openstreetmap","sourceIds":["node/13348321246","node/13348321247"]}},{"type":"Feature","geometry":{"type":"Point","coordinates":[69.205548,41.275002]},"properties":{"id":"transit_e0941794f3eb9e98","name":"Chilonzor metro bekati","nameEn":null,"types":["stop_position"],"refs":[],"recordCount":1,"confidence":0.76,"source":"openstreetmap","sourceIds":["node/13348321248"]}},{"type":"Feature","geometry":{"type":"Point","coordinates":[69.22426,41.283651]},"properties":{"id":"transit_54203fff607cc51e","name":"Chilonzor SM","nameEn":"TC \"Chilanzar\"","types":["platform"],"refs":[],"recordCount":2,"confidence":0.88,"source":"openstreetmap","sourceIds":["node/1953113146","node/4932059589"]}},{"type":"Feature","geometry":{"type":"Point","coordinates":[69.351368,41.349888]},"properties":{"id":"transit_e364e16254a94ab5","name":"Chimyon do'koni","nameEn":"\"Chimyon\" Shop","types":["platform","stop_position"],"refs":[],"recordCount":3,"confidence":0.96,"source":"openstreetmap","sourceIds":["node/13339363423","node/2488039800","node/7369945822"]}},{"type":"Feature","geometry":{"type":"Point","coordinates":[69.353063,41.35016]},"properties":{"id":"transit_e49876cece891fea","name":"Chimyon do'koni","nameEn":"\"Chimyon\" Shop","types":["stop_position"],"refs":[],"recordCount":1,"confidence":0.76,"source":"openstreetmap","sourceIds":["node/4724676389"]}},{"type":"Feature","geometry":{"type":"Point","coordinates":[69.352897,41.351281]},"properties":{"id":"transit_5a9307859aecd437","name":"Chimyon do'koni","nameEn":"\"Chimyon\" Shop","types":["stop_position"],"refs":[],"recordCount":1,"confidence":0.76,"source":"openstreetmap","sourceIds":["node/13339363425"]}},{"type":"Feature","geometry":{"type":"Point","coordinates":[69.35187,41.351091]},"properties":{"id":"transit_c9e8b1b1e3e1bcd5","name":"Chimyon do'koni","nameEn":"\"Chimyon\" Shop","types":["stop_position"],"refs":[],"recordCount":1,"confidence":0.76,"source":"openstreetmap","sourceIds":["node/13339363426"]}},{"type":"Feature","geometry":{"type":"Point","coordinates":[69.312315,41.354586]},"properties":{"id":"transit_7f705362a444c2e6","name":"Chinobod ko'chasi","nameEn":null,"types":["stop_position"],"refs":[],"recordCount":1,"confidence":0.76,"source":"openstreetmap","sourceIds":["node/13618378749"]}},{"type":"Feature","geometry":{"type":"Point","coordinates":[69.371421,41.257858]},"properties":{"id":"transit_1d8fe3b3ba58e534","name":"Chirchiq Qirg'og'i","nameEn":null,"types":["stop_position"],"refs":[],"recordCount":1,"confidence":0.76,"source":"openstreetmap","sourceIds":["node/13376423380"]}},{"type":"Feature","geometry":{"type":"Point","coordinates":[69.193495,41.291647]},"properties":{"id":"transit_3377dae69bdc097a","name":"Choponata maxalasi","nameEn":null,"types":["stop_position"],"refs":[],"recordCount":1,"confidence":0.76,"source":"openstreetmap","sourceIds":["node/5730484543"]}},{"type":"Feature","geometry":{"type":"Point","coordinates":[69.192354,41.291376]},"properties":{"id":"transit_af2fec21e5d92f3e","name":"Choponata maxalasi","nameEn":null,"types":["platform"],"refs":[],"recordCount":1,"confidence":0.76,"source":"openstreetmap","sourceIds":["node/5730484544"]}},{"type":"Feature","geometry":{"type":"Point","coordinates":[69.194069,41.292915]},"properties":{"id":"transit_eab8eb0bae1a6d3c","name":"Choponota mahallasi","nameEn":null,"types":["stop_position"],"refs":[],"recordCount":1,"confidence":0.76,"source":"openstreetmap","sourceIds":["node/4260174290"]}},{"type":"Feature","geometry":{"type":"Point","coordinates":[69.194286,41.293873]},"properties":{"id":"transit_00441a67504fabdb","name":"Choponota mahallasi","nameEn":null,"types":["stop_position"],"refs":[],"recordCount":1,"confidence":0.76,"source":"openstreetmap","sourceIds":["node/11137554005"]}},{"type":"Feature","geometry":{"type":"Point","coordinates":[69.182617,41.250065]},"properties":{"id":"transit_3268409b3f1cb9c1","name":"Chorbog' ko'chasi","nameEn":null,"types":["stop_position"],"refs":[],"recordCount":2,"confidence":0.88,"source":"openstreetmap","sourceIds":["node/13409294065","node/13409294077"]}},{"type":"Feature","geometry":{"type":"Point","coordinates":[69.232293,41.324659]},"properties":{"id":"transit_b1b3eb7a75555f9d","name":"Chorsu bozori","nameEn":null,"types":["platform","stop_position"],"refs":[],"recordCount":2,"confidence":0.88,"source":"openstreetmap","sourceIds":["node/13260366204","node/1770370894"]}},{"type":"Feature","geometry":{"type":"Point","coordinates":[69.23113,41.325571]},"properties":{"id":"transit_76e385b5f5c9c04d","name":"Chorsu bozori","nameEn":null,"types":["stop_position"],"refs":[],"recordCount":1,"confidence":0.76,"source":"openstreetmap","sourceIds":["node/5795119772"]}},{"type":"Feature","geometry":{"type":"Point","coordinates":[69.232523,41.325844]},"properties":{"id":"transit_4323271361f9481b","name":"Chorsu bozori","nameEn":null,"types":["stop_position"],"refs":[],"recordCount":1,"confidence":0.76,"source":"openstreetmap","sourceIds":["node/8044531459"]}},{"type":"Feature","geometry":{"type":"Point","coordinates":[69.231195,41.324772]},"properties":{"id":"transit_f90192d1c10524c7","name":"Chorsu bozori","nameEn":null,"types":["platform","stop_position"],"refs":[],"recordCount":2,"confidence":0.88,"source":"openstreetmap","sourceIds":["node/12741778896","node/8044531465"]}},{"type":"Feature","geometry":{"type":"Point","coordinates":[69.235677,41.32141]},"properties":{"id":"transit_c1ddca7e05626b4d","name":"Chorsu Mehmonxonasi","nameEn":"Chorsu Hotel","types":["platform"],"refs":[],"recordCount":1,"confidence":0.76,"source":"openstreetmap","sourceIds":["node/7832984080"]}},{"type":"Feature","geometry":{"type":"Point","coordinates":[69.239515,41.327092]},"properties":{"id":"transit_b53fae55573184d6","name":"Chorsu metrosi","nameEn":null,"types":["stop_position"],"refs":[],"recordCount":1,"confidence":0.76,"source":"openstreetmap","sourceIds":["node/13565459515"]}},{"type":"Feature","geometry":{"type":"Point","coordinates":[69.269219,41.332083]},"properties":{"id":"transit_7b798e71c90fbded","name":"А билимгох","nameEn":"A bilimgoh","types":["platform"],"refs":[],"recordCount":1,"confidence":0.76,"source":"openstreetmap","sourceIds":["node/5928629529"]}},{"type":"Feature","geometry":{"type":"Point","coordinates":[69.227392,41.34971]},"properties":{"id":"transit_667d3ffddd2c2b7c","name":"Абдулла Набиев","nameEn":null,"types":["platform"],"refs":[],"recordCount":1,"confidence":0.76,"source":"openstreetmap","sourceIds":["node/1769306830"]}},{"type":"Feature","geometry":{"type":"Point","coordinates":[69.227972,41.350296]},"properties":{"id":"transit_2f2280e9cae6e561","name":"Абдулла Набиев","nameEn":null,"types":["platform"],"refs":[],"recordCount":1,"confidence":0.76,"source":"openstreetmap","sourceIds":["node/1770376150"]}},{"type":"Feature","geometry":{"type":"Point","coordinates":[69.228536,41.34933]},"properties":{"id":"transit_14e14a745bcb2475","name":"Абдулла Набиев","nameEn":null,"types":["platform"],"refs":[],"recordCount":1,"confidence":0.76,"source":"openstreetmap","sourceIds":["node/1864789302"]}},{"type":"Feature","geometry":{"type":"Point","coordinates":[69.166004,41.244485]},"properties":{"id":"transit_31801e3e0a3a1105","name":"Абу Сахий (Тошкент Савдо Маркази)","nameEn":null,"types":["platform"],"refs":[],"recordCount":1,"confidence":0.76,"source":"openstreetmap","sourceIds":["node/6255342087"]}},{"type":"Feature","geometry":{"type":"Point","coordinates":[69.333839,41.36288]},"properties":{"id":"transit_a1d5bc249fd649f1","name":"Автобусная остановка","nameEn":null,"types":["bus_stop"],"refs":[],"recordCount":1,"confidence":0.76,"source":"openstreetmap","sourceIds":["node/4303576197"]}},{"type":"Feature","geometry":{"type":"Point","coordinates":[69.173611,41.28348]},"properties":{"id":"transit_2dea35de9d7fd9d4","name":"Автомобильная стоянка","nameEn":null,"types":["bus_stop"],"refs":[],"recordCount":1,"confidence":0.76,"source":"openstreetmap","sourceIds":["node/5836578701"]}},{"type":"Feature","geometry":{"type":"Point","coordinates":[69.243157,41.219308]},"properties":{"id":"transit_d9eb6dd8ecb1b711","name":"Автосалон","nameEn":null,"types":["bus_stop"],"refs":[],"recordCount":1,"confidence":0.76,"source":"openstreetmap","sourceIds":["node/4104026393"]}},{"type":"Feature","geometry":{"type":"Point","coordinates":[69.189481,41.266254]},"properties":{"id":"transit_8849cb2e0d7f23d2","name":"Автошкола","nameEn":"Drivers school","types":["bus_stop"],"refs":[],"recordCount":1,"confidence":0.76,"source":"openstreetmap","sourceIds":["node/4455283791"]}},{"type":"Feature","geometry":{"type":"Point","coordinates":[69.367915,41.349069]},"properties":{"id":"transit_59308e0c502d6137","name":"Агрошкола","nameEn":null,"types":["platform"],"refs":[],"recordCount":1,"confidence":0.76,"source":"openstreetmap","sourceIds":["node/4400562195"]}},{"type":"Feature","geometry":{"type":"Point","coordinates":[69.366816,41.347735]},"properties":{"id":"transit_b93f0e97aa19aa03","name":"Агрошкола","nameEn":null,"types":["platform"],"refs":[],"recordCount":1,"confidence":0.76,"source":"openstreetmap","sourceIds":["node/13308770790"]}},{"type":"Feature","geometry":{"type":"Point","coordinates":[69.22995,41.317881]},"properties":{"id":"transit_e4bb03d0e845b892","name":"АЁҚШ","nameEn":null,"types":["platform","stop_position"],"refs":[],"recordCount":2,"confidence":0.88,"source":"openstreetmap","sourceIds":["node/2004766335","node/8044533420"]}},{"type":"Feature","geometry":{"type":"Point","coordinates":[69.232712,41.315915]},"properties":{"id":"transit_b805d7cc6a094482","name":"АЁҚШ","nameEn":null,"types":["platform","stop_position"],"refs":[],"recordCount":2,"confidence":0.88,"source":"openstreetmap","sourceIds":["node/6738560389","node/8044533427"]}},{"type":"Feature","geometry":{"type":"Point","coordinates":[69.205899,41.357522]},"properties":{"id":"transit_1369f2059483588e","name":"АЗС","nameEn":null,"types":["bus_stop"],"refs":[],"recordCount":1,"confidence":0.76,"source":"openstreetmap","sourceIds":["node/1768342805"]}},{"type":"Feature","geometry":{"type":"Point","coordinates":[69.219816,41.339532]},"properties":{"id":"transit_d39c5f65db80a6cd","name":"Аллон маҳалласи","nameEn":null,"types":["stop_position"],"refs":[],"recordCount":1,"confidence":0.76,"source":"openstreetmap","sourceIds":["node/6966108505"]}},{"type":"Feature","geometry":{"type":"Point","coordinates":[69.215193,41.340781]},"properties":{"id":"transit_7d8a844bf936e1fe","name":"Аллон маҳалласи","nameEn":null,"types":["platform","stop_position"],"refs":[],"recordCount":2,"confidence":0.88,"source":"openstreetmap","sourceIds":["node/8051671024","node/8051671025"]}},{"type":"Feature","geometry":{"type":"Point","coordinates":[69.214781,41.36002]},"properties":{"id":"transit_85a06b1c6e9e5048","name":"Аптека","nameEn":null,"types":["bus_stop"],"refs":[],"recordCount":2,"confidence":0.88,"source":"openstreetmap","sourceIds":["node/1762020640","node/1768324485"]}},{"type":"Feature","geometry":{"type":"Point","coordinates":[69.351986,41.236386]},"properties":{"id":"transit_746a1af03f425b6e","name":"Бектемирское РОВД","nameEn":null,"types":["bus_stop"],"refs":[],"recordCount":2,"confidence":0.88,"source":"openstreetmap","sourceIds":["node/5659644022","node/5659644023"]}},{"type":"Feature","geometry":{"type":"Point","coordinates":[69.277379,41.386995]},"properties":{"id":"transit_0b88faea9bc8ab15","name":"Бешкурган","nameEn":null,"types":["bus_stop"],"refs":[],"recordCount":1,"confidence":0.76,"source":"openstreetmap","sourceIds":["node/5643412025"]}},{"type":"Feature","geometry":{"type":"Point","coordinates":[69.247174,41.179027]},"properties":{"id":"transit_3127ac8ea5a23667","name":"Бинокор","nameEn":null,"types":["bus_stop"],"refs":[],"recordCount":1,"confidence":0.76,"source":"openstreetmap","sourceIds":["node/1019851937"]}},{"type":"Feature","geometry":{"type":"Point","coordinates":[69.268582,41.268354]},"properties":{"id":"transit_df29f82ffa661b10","name":"Бюро пропусков Ташкент Аэропорт","nameEn":null,"types":["bus_stop"],"refs":[],"recordCount":1,"confidence":0.76,"source":"openstreetmap","sourceIds":["node/1869750014"]}},{"type":"Feature","geometry":{"type":"Point","coordinates":[69.218222,41.356031]},"properties":{"id":"transit_8608e9b7baabd748","name":"Глазная больница","nameEn":null,"types":["bus_stop"],"refs":[],"recordCount":1,"confidence":0.76,"source":"openstreetmap","sourceIds":["node/1768324480"]}},{"type":"Feature","geometry":{"type":"Point","coordinates":[69.242102,41.351285]},"properties":{"id":"transit_ee5a28d32d1164da","name":"ГНИ Алмазарского района","nameEn":null,"types":["bus_stop"],"refs":[],"recordCount":2,"confidence":0.88,"source":"openstreetmap","sourceIds":["node/4100359970","node/4100382792"]}},{"type":"Feature","geometry":{"type":"Point","coordinates":[69.204343,41.360033]},"properties":{"id":"transit_4d42950d2084df0d","name":"Госпиталь МВД","nameEn":null,"types":["bus_stop"],"refs":[],"recordCount":1,"confidence":0.76,"source":"openstreetmap","sourceIds":["node/1768342809"]}},{"type":"Feature","geometry":{"type":"Point","coordinates":[69.203857,41.361169]},"properties":{"id":"transit_8151d43fdc67b15a","name":"Госпиталь МВД","nameEn":null,"types":["bus_stop"],"refs":[],"recordCount":1,"confidence":0.76,"source":"openstreetmap","sourceIds":["node/1768342812"]}},{"type":"Feature","geometry":{"type":"Point","coordinates":[69.20962,41.363975]},"properties":{"id":"transit_b7d645cab1ef3132","name":"Госпиталь СГБ","nameEn":null,"types":["platform"],"refs":[],"recordCount":1,"confidence":0.76,"source":"openstreetmap","sourceIds":["node/1768347691"]}},{"type":"Feature","geometry":{"type":"Point","coordinates":[69.208972,41.364077]},"properties":{"id":"transit_af34b0f8325e5f51","name":"Госпиталь СНБ","nameEn":null,"types":["bus_stop"],"refs":[],"recordCount":1,"confidence":0.76,"source":"openstreetmap","sourceIds":["node/1768347690"]}},{"type":"Feature","geometry":{"type":"Point","coordinates":[69.226486,41.354858]},"properties":{"id":"transit_e972487db1057e97","name":"ГСКБ","nameEn":null,"types":["bus_stop"],"refs":[],"recordCount":1,"confidence":0.76,"source":"openstreetmap","sourceIds":["node/1768294692"]}},{"type":"Feature","geometry":{"type":"Point","coordinates":[69.227384,41.355289]},"properties":{"id":"transit_f03110f5e50d9d18","name":"ГСКБ","nameEn":null,"types":["platform"],"refs":[],"recordCount":1,"confidence":0.76,"source":"openstreetmap","sourceIds":["node/1768324490"]}},{"type":"Feature","geometry":{"type":"Point","coordinates":[69.353857,41.335885]},"properties":{"id":"transit_10df71b80986471b","name":"ГУВД","nameEn":null,"types":["bus_stop"],"refs":[],"recordCount":1,"confidence":0.76,"source":"openstreetmap","sourceIds":["node/4400577492"]}},{"type":"Feature","geometry":{"type":"Point","coordinates":[69.360125,41.287318]},"properties":{"id":"transit_9cbb27d2b86be909","name":"Гузаль","nameEn":null,"types":["bus_stop"],"refs":[],"recordCount":1,"confidence":0.76,"source":"openstreetmap","sourceIds":["node/4457419390"]}},{"type":"Feature","geometry":{"type":"Point","coordinates":[69.25404,41.315202]},"properties":{"id":"transit_9fe384dc4819d09f","name":"Давлат консерваторияси","nameEn":null,"types":["platform","stop_position"],"refs":[],"recordCount":2,"confidence":0.88,"source":"openstreetmap","sourceIds":["node/7925517836","node/7925517837"]}},{"type":"Feature","geometry":{"type":"Point","coordinates":[69.326476,41.322573]},"properties":{"id":"transit_22af00a39fc72b54","name":"Дагестанская","nameEn":null,"types":["bus_stop"],"refs":[],"recordCount":2,"confidence":0.88,"source":"openstreetmap","sourceIds":["node/4400692930","node/4400692931"]}},{"type":"Feature","geometry":{"type":"Point","coordinates":[69.257492,41.320916]},"properties":{"id":"transit_77e74b3619ec9116","name":"Дворец искусств","nameEn":null,"types":["stop_position"],"refs":[],"recordCount":1,"confidence":0.76,"source":"openstreetmap","sourceIds":["node/5998870226"]}},{"type":"Feature","geometry":{"type":"Point","coordinates":[69.27488,41.353685]},"properties":{"id":"transit_9bf7e1359bfafea8","name":"Детский сад","nameEn":null,"types":["platform"],"refs":[],"recordCount":1,"confidence":0.76,"source":"openstreetmap","sourceIds":["node/5552068021"]}},{"type":"Feature","geometry":{"type":"Point","coordinates":[69.314788,41.289938]},"properties":{"id":"transit_850e3d1f14774a3a","name":"Детский сад №15","nameEn":null,"types":["platform"],"refs":[],"recordCount":1,"confidence":0.76,"source":"openstreetmap","sourceIds":["node/9805602465"]}},{"type":"Feature","geometry":{"type":"Point","coordinates":[69.175184,41.339303]},"properties":{"id":"transit_6281c346c7c22a88","name":"Джарарык","nameEn":null,"types":["bus_stop"],"refs":[],"recordCount":1,"confidence":0.76,"source":"openstreetmap","sourceIds":["node/5321898380"]}},{"type":"Feature","geometry":{"type":"Point","coordinates":[69.194524,41.327261]},"properties":{"id":"transit_100346965e56aaaf","name":"Дока хлеб","nameEn":null,"types":["platform"],"refs":[],"recordCount":1,"confidence":0.76,"source":"openstreetmap","sourceIds":["node/12479520151"]}},{"type":"Feature","geometry":{"type":"Point","coordinates":[69.206759,41.263044]},"properties":{"id":"transit_4c6dacdfa476f854","name":"Домбрабад Памятник","nameEn":null,"types":["platform"],"refs":[],"recordCount":1,"confidence":0.76,"source":"openstreetmap","sourceIds":["node/4563547824"]}},{"type":"Feature","geometry":{"type":"Point","coordinates":[69.215345,41.195294]},"properties":{"id":"transit_30741d0e155d3cbf","name":"Дустлик","nameEn":null,"types":["bus_stop"],"refs":[],"recordCount":2,"confidence":0.88,"source":"openstreetmap","sourceIds":["node/2005220404","node/4529844594"]}},{"type":"Feature","geometry":{"type":"Point","coordinates":[69.207651,41.191908]},"properties":{"id":"transit_9ff9b0bf1e44baf9","name":"Дустлик 2","nameEn":null,"types":["bus_stop"],"refs":[],"recordCount":1,"confidence":0.76,"source":"openstreetmap","sourceIds":["node/4529814691"]}},{"type":"Feature","geometry":{"type":"Point","coordinates":[69.38009,41.328511]},"properties":{"id":"transit_73ec9772cd5de20c","name":"Жавохир докон","nameEn":null,"types":["bus_stop"],"refs":[],"recordCount":1,"confidence":0.76,"source":"openstreetmap","sourceIds":["node/5392817734"]}},{"type":"Feature","geometry":{"type":"Point","coordinates":[69.253671,41.354603]},"properties":{"id":"transit_7726dfca0ab9439f","name":"Жомий Майдони","nameEn":"Djami square","types":["platform"],"refs":[],"recordCount":1,"confidence":0.76,"source":"openstreetmap","sourceIds":["node/6321591462"]}},{"type":"Feature","geometry":{"type":"Point","coordinates":[69.173802,41.298817]},"properties":{"id":"transit_8a793fa5af0774d1","name":"Журжоний","nameEn":null,"types":["bus_stop"],"refs":[],"recordCount":1,"confidence":0.76,"source":"openstreetmap","sourceIds":["node/355228231"]}},{"type":"Feature","geometry":{"type":"Point","coordinates":[69.165798,41.260985]},"properties":{"id":"transit_865958e3abf6de20","name":"завод Алгоритм","nameEn":null,"types":["stop_position"],"refs":[],"recordCount":1,"confidence":0.76,"source":"openstreetmap","sourceIds":["node/2021271893"]}},{"type":"Feature","geometry":{"type":"Point","coordinates":[69.341593,41.248872]},"properties":{"id":"transit_31a17f5538f80f87","name":"Завод ЖБИ-1","nameEn":null,"types":["stop_position"],"refs":[],"recordCount":1,"confidence":0.76,"source":"openstreetmap","sourceIds":["node/13362132573"]}},{"type":"Feature","geometry":{"type":"Point","coordinates":[69.226639,41.389949]},"properties":{"id":"transit_519f884cd42fab56","name":"Заготовительная контора","nameEn":null,"types":["bus_stop"],"refs":[],"recordCount":2,"confidence":0.88,"source":"openstreetmap","sourceIds":["node/6285517386","node/6285517387"]}},{"type":"Feature","geometry":{"type":"Point","coordinates":[69.315681,41.317359]},"properties":{"id":"transit_4fd44f937cedba3a","name":"Институт Усовершенствования Врачей","nameEn":null,"types":["stop_position"],"refs":[],"recordCount":1,"confidence":0.76,"source":"openstreetmap","sourceIds":["node/4592191010"]}},{"type":"Feature","geometry":{"type":"Point","coordinates":[69.462575,41.408513]},"properties":{"id":"transit_a117be164e158ac5","name":"Институт ядерной физики","nameEn":null,"types":["bus_stop"],"refs":[],"recordCount":1,"confidence":0.76,"source":"openstreetmap","sourceIds":["node/4933844624"]}},{"type":"Feature","geometry":{"type":"Point","coordinates":[69.457848,41.405722]},"properties":{"id":"transit_ed44bf1716618aa0","name":"Институт ядерной физики","nameEn":null,"types":["bus_stop"],"refs":[],"recordCount":1,"confidence":0.76,"source":"openstreetmap","sourceIds":["node/4933872421"]}},{"type":"Feature","geometry":{"type":"Point","coordinates":[69.262311,41.344486]},"properties":{"id":"transit_7ce9af8b718727da","name":"Инфекционная больница","nameEn":null,"types":["bus_stop"],"refs":[],"recordCount":1,"confidence":0.76,"source":"openstreetmap","sourceIds":["node/1775870448"]}},{"type":"Feature","geometry":{"type":"Point","coordinates":[69.260989,41.345491]},"properties":{"id":"transit_d2439cae8ed49f83","name":"Инфекционная больница","nameEn":null,"types":["bus_stop"],"refs":[],"recordCount":1,"confidence":0.76,"source":"openstreetmap","sourceIds":["node/1775870449"]}},{"type":"Feature","geometry":{"type":"Point","coordinates":[69.173588,41.244812]},"properties":{"id":"transit_682656e485501552","name":"Ипподром","nameEn":null,"types":["platform"],"refs":[],"recordCount":1,"confidence":0.76,"source":"openstreetmap","sourceIds":["node/12232476885"]}},{"type":"Feature","geometry":{"type":"Point","coordinates":[69.280311,41.380576]},"properties":{"id":"transit_393e55356988db31","name":"Канал Каракамыш","nameEn":null,"types":["platform","stop_position"],"refs":[],"recordCount":4,"confidence":0.96,"source":"openstreetmap","sourceIds":["node/13121299563","node/13342651238","node/13342651239","node/13342651240"]}},{"type":"Feature","geometry":{"type":"Point","coordinates":[69.238865,41.351798]},"properties":{"id":"transit_8248fe21577f9618","name":"Кара камыш 1/1","nameEn":null,"types":["bus_stop"],"refs":[],"recordCount":1,"confidence":0.76,"source":"openstreetmap","sourceIds":["node/4100381991"]}},{"type":"Feature","geometry":{"type":"Point","coordinates":[69.239067,41.356193]},"properties":{"id":"transit_c007038216027485","name":"Кара Камыш 1/2","nameEn":null,"types":["bus_stop"],"refs":[],"recordCount":1,"confidence":0.76,"source":"openstreetmap","sourceIds":["node/4103344992"]}},{"type":"Feature","geometry":{"type":"Point","coordinates":[69.238739,41.352026]},"properties":{"id":"transit_b78d7d65b03c1c3d","name":"Каракамыш 1/1","nameEn":"Karakamysh 1/1","types":["platform"],"refs":[],"recordCount":1,"confidence":0.76,"source":"openstreetmap","sourceIds":["node/4100382603"]}},{"type":"Feature","geometry":{"type":"Point","coordinates":[69.206197,41.286882]},"properties":{"id":"transit_2da1140486c5fb24","name":"Катартал","nameEn":null,"types":["platform"],"refs":[],"recordCount":1,"confidence":0.76,"source":"openstreetmap","sourceIds":["node/5730484549"]}},{"type":"Feature","geometry":{"type":"Point","coordinates":[69.204579,41.285613]},"properties":{"id":"transit_461210211aa24104","name":"Катартал","nameEn":null,"types":["platform","stop_position"],"refs":[],"recordCount":2,"confidence":0.88,"source":"openstreetmap","sourceIds":["node/13184661878","node/7114838025"]}},{"type":"Feature","geometry":{"type":"Point","coordinates":[69.150017,41.289503]},"properties":{"id":"transit_e97f073ab876e52b","name":"Кафолат","nameEn":"Kafolat","types":["bus_stop"],"refs":[],"recordCount":1,"confidence":0.76,"source":"openstreetmap","sourceIds":["node/4198559193"]}},{"type":"Feature","geometry":{"type":"Point","coordinates":[69.293161,41.33914]},"properties":{"id":"transit_c76410b72f2dedc5","name":"квартал Бодомзор","nameEn":"Bodomzor neighborhood","types":["bus_stop"],"refs":[],"recordCount":1,"confidence":0.76,"source":"openstreetmap","sourceIds":["node/4742463121"]}},{"type":"Feature","geometry":{"type":"Point","coordinates":[69.298958,41.244493]},"properties":{"id":"transit_96d3298652dd8dc6","name":"Киёт","nameEn":null,"types":["bus_stop"],"refs":[],"recordCount":1,"confidence":0.76,"source":"openstreetmap","sourceIds":["node/10956755306"]}},{"type":"Feature","geometry":{"type":"Point","coordinates":[69.276827,41.345624]},"properties":{"id":"transit_d542c352d878468e","name":"Кисловодск","nameEn":null,"types":["bus_stop"],"refs":[],"recordCount":1,"confidence":0.76,"source":"openstreetmap","sourceIds":["node/4109352743"]}},{"type":"Feature","geometry":{"type":"Point","coordinates":[69.318534,41.363904]},"properties":{"id":"transit_b408c83335ae3490","name":"Кладбище","nameEn":null,"types":["bus_stop"],"refs":[],"recordCount":2,"confidence":0.88,"source":"openstreetmap","sourceIds":["node/4939431627","node/5235981188"]}},{"type":"Feature","geometry":{"type":"Point","coordinates":[69.315244,41.312557]},"properties":{"id":"transit_9427ddebfbdb8e39","name":"Клиника Каллисто","nameEn":"Kallisto shifohonasi","types":["bus_stop"],"refs":[],"recordCount":1,"confidence":0.76,"source":"openstreetmap","sourceIds":["node/4600979363"]}},{"type":"Feature","geometry":{"type":"Point","coordinates":[69.215172,41.304789]},"properties":{"id":"transit_dc303ff35a401e2e","name":"Колледж гостиничного хозяйства","nameEn":null,"types":["bus_stop"],"refs":[],"recordCount":1,"confidence":0.76,"source":"openstreetmap","sourceIds":["node/9717424517"]}},{"type":"Feature","geometry":{"type":"Point","coordinates":[69.22529,41.361015]},"properties":{"id":"transit_ab33bd6c0d6711db","name":"Коммунизм","nameEn":null,"types":["stop_position"],"refs":[],"recordCount":1,"confidence":0.76,"source":"openstreetmap","sourceIds":["node/6205543714"]}},{"type":"Feature","geometry":{"type":"Point","coordinates":[69.369691,41.29286]},"properties":{"id":"transit_0b2c869b69496a3c","name":"конечный 166 of minibus","nameEn":"ending station 166","types":["platform"],"refs":[],"recordCount":1,"confidence":0.76,"source":"openstreetmap","sourceIds":["node/3929928574"]}},{"type":"Feature","geometry":{"type":"Point","coordinates":[69.214702,41.386234]},"properties":{"id":"transit_ceaffe9e06e76942","name":"Куприк бекати","nameEn":null,"types":["bus_stop"],"refs":[],"recordCount":1,"confidence":0.76,"source":"openstreetmap","sourceIds":["node/6005115787"]}},{"type":"Feature","geometry":{"type":"Point","coordinates":[69.245536,41.266048]},"properties":{"id":"transit_5177400b11191b18","name":"Кушбеги","nameEn":null,"types":["bus_stop"],"refs":[],"recordCount":1,"confidence":0.76,"source":"openstreetmap","sourceIds":["node/1329549342"]}},{"type":"Feature","geometry":{"type":"Point","coordinates":[69.327884,41.25448]},"properties":{"id":"transit_aa32a56916bcc19d","name":"Лицей","nameEn":null,"types":["stop_position"],"refs":[],"recordCount":2,"confidence":0.88,"source":"openstreetmap","sourceIds":["node/4449161455","node/5363251322"]}},{"type":"Feature","geometry":{"type":"Point","coordinates":[69.37832,41.338423]},"properties":{"id":"transit_76a150cfb9837754","name":"Лицей","nameEn":null,"types":["platform","stop_position"],"refs":[],"recordCount":2,"confidence":0.88,"source":"openstreetmap","sourceIds":["node/5969689286","node/9955369843"]}},{"type":"Feature","geometry":{"type":"Point","coordinates":[69.360206,41.300143]},"properties":{"id":"transit_4f95999614aab7fa","name":"М-в Тузель 1 кв","nameEn":null,"types":["bus_stop"],"refs":[],"recordCount":1,"confidence":0.76,"source":"openstreetmap","sourceIds":["node/2011945517"]}},{"type":"Feature","geometry":{"type":"Point","coordinates":[69.207862,41.288527]},"properties":{"id":"transit_42cd85282f79fda3","name":"м-н Синтетика","nameEn":"Synthetics shop","types":["platform"],"refs":[],"recordCount":2,"confidence":0.88,"source":"openstreetmap","sourceIds":["node/5235062222","node/7031637158"]}},{"type":"Feature","geometry":{"type":"Point","coordinates":[69.237728,41.361795]},"properties":{"id":"transit_dc641b614cf839de","name":"Магазин","nameEn":null,"types":["bus_stop","platform"],"refs":[],"recordCount":2,"confidence":0.88,"source":"openstreetmap","sourceIds":["node/1770578265","node/1770578266"]}},{"type":"Feature","geometry":{"type":"Point","coordinates":[69.267966,41.303394]},"properties":{"id":"transit_ddc40ffce9b18666","name":"Магазин \"Жемчуг\"","nameEn":null,"types":["platform","stop_position"],"refs":[],"recordCount":2,"confidence":0.88,"source":"openstreetmap","sourceIds":["node/5922476393","node/7832983561"]}},{"type":"Feature","geometry":{"type":"Point","coordinates":[69.224858,41.203504]},"properties":{"id":"transit_0beb190b735c1127","name":"Магазин Феруза","nameEn":null,"types":["bus_stop"],"refs":[],"recordCount":1,"confidence":0.76,"source":"openstreetmap","sourceIds":["node/4529852291"]}},{"type":"Feature","geometry":{"type":"Point","coordinates":[69.183241,41.272855]},"properties":{"id":"transit_534c7375889995d9","name":"Макаронка","nameEn":"Makaronka","types":["platform"],"refs":[],"recordCount":2,"confidence":0.88,"source":"openstreetmap","sourceIds":["node/8319550825","node/8319550826"]}},{"type":"Feature","geometry":{"type":"Point","coordinates":[69.270274,41.339999]},"properties":{"id":"transit_5fb6b236cb6af6db","name":"Малика остановка","nameEn":"ex Malika fabrics bus stop","types":["bus_stop"],"refs":[],"recordCount":1,"confidence":0.76,"source":"openstreetmap","sourceIds":["node/1921360117"]}},{"type":"Feature","geometry":{"type":"Point","coordinates":[69.273982,41.328924]},"properties":{"id":"transit_1189c5f0dc4ff97c","name":"Марказ 6-даха","nameEn":"Markaz 6-daha","types":["platform"],"refs":[],"recordCount":1,"confidence":0.76,"source":"openstreetmap","sourceIds":["node/6569422885"]}},{"type":"Feature","geometry":{"type":"Point","coordinates":[69.220208,41.339925]},"properties":{"id":"transit_20a15e6dccb2f023","name":"Масжид","nameEn":null,"types":["platform","stop_position"],"refs":[],"recordCount":2,"confidence":0.88,"source":"openstreetmap","sourceIds":["node/6966108506","node/7997495707"]}},{"type":"Feature","geometry":{"type":"Point","coordinates":[69.155001,41.256813]},"properties":{"id":"transit_b9536bf2ec6c8437","name":"Массив Аль-Хорезми-1","nameEn":null,"types":["stop_position"],"refs":[],"recordCount":2,"confidence":0.88,"source":"openstreetmap","sourceIds":["node/13370315832","node/5267947447"]}},{"type":"Feature","geometry":{"type":"Point","coordinates":[69.161133,41.259361]},"properties":{"id":"transit_0262ae7f28db77d2","name":"Массив Аль-Хорезми-2","nameEn":null,"types":["stop_position"],"refs":[],"recordCount":1,"confidence":0.76,"source":"openstreetmap","sourceIds":["node/13370315855"]}},{"type":"Feature","geometry":{"type":"Point","coordinates":[69.162515,41.26048]},"properties":{"id":"transit_e3d8b58d3a587753","name":"Массив Аль-Хорезми-2","nameEn":null,"types":["stop_position"],"refs":[],"recordCount":1,"confidence":0.76,"source":"openstreetmap","sourceIds":["node/13370315856"]}},{"type":"Feature","geometry":{"type":"Point","coordinates":[69.299391,41.37505]},"properties":{"id":"transit_3fd81a89e85ee2b9","name":"Массив Шодлик","nameEn":null,"types":["platform","stop_position"],"refs":[],"recordCount":4,"confidence":0.96,"source":"openstreetmap","sourceIds":["node/13339363616","node/13339363617","node/4416024892","node/4416039492"]}},{"type":"Feature","geometry":{"type":"Point","coordinates":[69.245944,41.268584]},"properties":{"id":"transit_dffee0b895ae214e","name":"Махалля \"Дилбулак\"","nameEn":null,"types":["platform","stop_position"],"refs":[],"recordCount":4,"confidence":0.96,"source":"openstreetmap","sourceIds":["node/1178940485","node/13359545755","node/13359545756","node/1564090156"]}},{"type":"Feature","geometry":{"type":"Point","coordinates":[69.320779,41.365347]},"properties":{"id":"transit_1bf5344d6afda92f","name":"Махалля Актепа","nameEn":null,"types":["bus_stop"],"refs":[],"recordCount":2,"confidence":0.88,"source":"openstreetmap","sourceIds":["node/4939431628","node/5235983375"]}},{"type":"Feature","geometry":{"type":"Point","coordinates":[69.391309,41.295706]},"properties":{"id":"transit_1c9c85799848ed74","name":"Махалля Бахор","nameEn":null,"types":["bus_stop"],"refs":[],"recordCount":1,"confidence":0.76,"source":"openstreetmap","sourceIds":["node/5878325585"]}},{"type":"Feature","geometry":{"type":"Point","coordinates":[69.348265,41.353089]},"properties":{"id":"transit_878ad5a7ae706565","name":"Махалля Богимайдон","nameEn":null,"types":["platform","stop_position"],"refs":[],"recordCount":2,"confidence":0.88,"source":"openstreetmap","sourceIds":["node/13339363432","node/13339363433"]}},{"type":"Feature","geometry":{"type":"Point","coordinates":[69.347483,41.353836]},"properties":{"id":"transit_4cde8ea455c1c955","name":"Махалля Богимайдон","nameEn":null,"types":["platform","stop_position"],"refs":[],"recordCount":2,"confidence":0.88,"source":"openstreetmap","sourceIds":["node/13339363439","node/13339363440"]}},{"type":"Feature","geometry":{"type":"Point","coordinates":[69.234529,41.263655]},"properties":{"id":"transit_12979c38186d3897","name":"Махалля Садиий","nameEn":null,"types":["platform"],"refs":[],"recordCount":1,"confidence":0.76,"source":"openstreetmap","sourceIds":["node/4491713090"]}},{"type":"Feature","geometry":{"type":"Point","coordinates":[69.159699,41.327149]},"properties":{"id":"transit_8d98981b770d9a6b","name":"Махалля Фуркат","nameEn":null,"types":["stop_position"],"refs":[],"recordCount":1,"confidence":0.76,"source":"openstreetmap","sourceIds":["node/3983763659"]}},{"type":"Feature","geometry":{"type":"Point","coordinates":[69.159904,41.328001]},"properties":{"id":"transit_5d0cdedea1b19cc0","name":"Махалля Фуркат","nameEn":null,"types":["stop_position"],"refs":[],"recordCount":1,"confidence":0.76,"source":"openstreetmap","sourceIds":["node/3983763662"]}},{"type":"Feature","geometry":{"type":"Point","coordinates":[69.209395,41.299228]},"properties":{"id":"transit_a7aa3cf55e5af83a","name":"Мебельный магазин","nameEn":null,"types":["platform","stop_position"],"refs":[],"recordCount":2,"confidence":0.88,"source":"openstreetmap","sourceIds":["node/13181503833","node/2363478517"]}},{"type":"Feature","geometry":{"type":"Point","coordinates":[69.265711,41.342642]},"properties":{"id":"transit_49fced74635a0f06","name":"Медицинский колледж","nameEn":"Medical college","types":["bus_stop"],"refs":[],"recordCount":1,"confidence":0.76,"source":"openstreetmap","sourceIds":["node/4945137023"]}},{"type":"Feature","geometry":{"type":"Point","coordinates":[69.265981,41.342399]},"properties":{"id":"transit_3b06b5f8fe74f4c5","name":"Медицинский колледж, Охунбабаев","nameEn":"Medical college, Oxuboboyev","types":["bus_stop"],"refs":[],"recordCount":1,"confidence":0.76,"source":"openstreetmap","sourceIds":["node/4945133723"]}},{"type":"Feature","geometry":{"type":"Point","coordinates":[69.242852,41.331534]},"properties":{"id":"transit_70fb41a654c8c468","name":"Мечеит","nameEn":null,"types":["bus_stop"],"refs":[],"recordCount":1,"confidence":0.76,"source":"openstreetmap","sourceIds":["node/1772489907"]}},{"type":"Feature","geometry":{"type":"Point","coordinates":[69.341205,41.257866]},"properties":{"id":"transit_d71679a41460885a","name":"Микрорайон З. Шамсутдиновой","nameEn":null,"types":["stop_position"],"refs":[],"recordCount":2,"confidence":0.88,"source":"openstreetmap","sourceIds":["node/4110050589","node/4110050689"]}},{"type":"Feature","geometry":{"type":"Point","coordinates":[69.273047,41.323445]},"properties":{"id":"transit_2aa730357d6a8e95","name":"Монумент \"Мужества\"","nameEn":"Monument of courage","types":["stop_position"],"refs":[],"recordCount":1,"confidence":0.76,"source":"openstreetmap","sourceIds":["node/1773345966"]}},{"type":"Feature","geometry":{"type":"Point","coordinates":[69.272401,41.321906]},"properties":{"id":"transit_1726c79ba8d20ab6","name":"Монумент мужества","nameEn":null,"types":["platform","stop_position"],"refs":[],"recordCount":2,"confidence":0.88,"source":"openstreetmap","sourceIds":["node/6100697089","node/7925517866"]}},{"type":"Feature","geometry":{"type":"Point","coordinates":[69.291757,41.312539]},"properties":{"id":"transit_4729864a20049611","name":"Музей Мухтара Ашрафи","nameEn":null,"types":["platform"],"refs":[],"recordCount":1,"confidence":0.76,"source":"openstreetmap","sourceIds":["node/10284414730"]}},{"type":"Feature","geometry":{"type":"Point","coordinates":[69.292323,41.308179]},"properties":{"id":"transit_eaf361d11ea0bd25","name":"Музыкальный лицей им. Успенского","nameEn":null,"types":["platform"],"refs":[],"recordCount":1,"confidence":0.76,"source":"openstreetmap","sourceIds":["node/10284414731"]}},{"type":"Feature","geometry":{"type":"Point","coordinates":[69.159622,41.265225]},"properties":{"id":"transit_a71a433901907b66","name":"Мухлиса","nameEn":null,"types":["bus_stop"],"refs":[],"recordCount":1,"confidence":0.76,"source":"openstreetmap","sourceIds":["node/4537684691"]}},{"type":"Feature","geometry":{"type":"Point","coordinates":[69.290759,41.31471]},"properties":{"id":"transit_097fcb0b8ec46fa0","name":"Мухтара Ашрафи","nameEn":null,"types":["platform"],"refs":[],"recordCount":1,"confidence":0.76,"source":"openstreetmap","sourceIds":["node/10284414729"]}},{"type":"Feature","geometry":{"type":"Point","coordinates":[69.152134,41.305626]},"properties":{"id":"transit_f9b2731e24cc8e76","name":"Назарбек мост","nameEn":"Nazarbek most","types":["bus_stop"],"refs":[],"recordCount":1,"confidence":0.76,"source":"openstreetmap","sourceIds":["node/6255664087"]}},{"type":"Feature","geometry":{"type":"Point","coordinates":[69.21814,41.349748]},"properties":{"id":"transit_e210273600c69650","name":"Нукус кинотеатр","nameEn":null,"types":["bus_stop"],"refs":[],"recordCount":1,"confidence":0.76,"source":"openstreetmap","sourceIds":["node/1769753315"]}},{"type":"Feature","geometry":{"type":"Point","coordinates":[69.252004,41.350462]},"properties":{"id":"transit_dcd3391750f0a50d","name":"Олмазор молия","nameEn":null,"types":["bus_stop"],"refs":[],"recordCount":1,"confidence":0.76,"source":"openstreetmap","sourceIds":["node/1770609011"]}},{"type":"Feature","geometry":{"type":"Point","coordinates":[69.212384,41.292655]},"properties":{"id":"transit_f6ceb8bf7cfdf7aa","name":"Оптовый \"Катартал\"","nameEn":null,"types":["platform"],"refs":[],"recordCount":2,"confidence":0.88,"source":"openstreetmap","sourceIds":["node/4479037970","node/5730484551"]}},{"type":"Feature","geometry":{"type":"Point","coordinates":[69.271435,41.21213]},"properties":{"id":"transit_e8c584df87afbb2d","name":"оптовый рынок Сергили","nameEn":null,"types":["platform"],"refs":[],"recordCount":1,"confidence":0.76,"source":"openstreetmap","sourceIds":["node/6188307851"]}},{"type":"Feature","geometry":{"type":"Point","coordinates":[69.210451,41.290962]},"properties":{"id":"transit_7bb2fd2b5de02b27","name":"остановка","nameEn":null,"types":["bus_stop"],"refs":[],"recordCount":1,"confidence":0.76,"source":"openstreetmap","sourceIds":["node/4572907893"]}},{"type":"Feature","geometry":{"type":"Point","coordinates":[69.362679,41.320937]},"properties":{"id":"transit_397ee9fa6c125213","name":"Остановка","nameEn":null,"types":["bus_stop"],"refs":[],"recordCount":1,"confidence":0.76,"source":"openstreetmap","sourceIds":["node/1096162261"]}},{"type":"Feature","geometry":{"type":"Point","coordinates":[69.252458,41.34866]},"properties":{"id":"transit_1ebda8b1454bce57","name":"Остановка Алмазарский филиал Asia Alliance Bank","nameEn":null,"types":["bus_stop"],"refs":[],"recordCount":1,"confidence":0.76,"source":"openstreetmap","sourceIds":["node/6876429887"]}},{"type":"Feature","geometry":{"type":"Point","coordinates":[69.409511,41.334253]},"properties":{"id":"transit_18ae7e226dbd72d9","name":"Остановка. Автобус 496, Маршрутка 492","nameEn":null,"types":["platform"],"refs":[],"recordCount":1,"confidence":0.76,"source":"openstreetmap","sourceIds":["node/4449225989"]}},{"type":"Feature","geometry":{"type":"Point","coordinates":[69.226236,41.385912]},"properties":{"id":"transit_3a27ec30c594a1a2","name":"Охунбобоев махалла","nameEn":null,"types":["platform"],"refs":[],"recordCount":1,"confidence":0.76,"source":"openstreetmap","sourceIds":["node/5531817522"]}},{"type":"Feature","geometry":{"type":"Point","coordinates":[69.247748,41.356209]},"properties":{"id":"transit_67e71daac62a3b91","name":"П.О. Оникс","nameEn":null,"types":["bus_stop"],"refs":[],"recordCount":2,"confidence":0.88,"source":"openstreetmap","sourceIds":["node/1770578268","node/360213842"]}},{"type":"Feature","geometry":{"type":"Point","coordinates":[69.193644,41.308099]},"properties":{"id":"transit_cc72c5b9a4239423","name":"Пионерлагерь старт","nameEn":null,"types":["bus_stop"],"refs":[],"recordCount":2,"confidence":0.88,"source":"openstreetmap","sourceIds":["node/6160093550","node/6160094090"]}},{"type":"Feature","geometry":{"type":"Point","coordinates":[69.209247,41.299476]},"properties":{"id":"transit_62b1993ad2d99a48","name":"площадь Актепе","nameEn":null,"types":["stop_position"],"refs":[],"recordCount":1,"confidence":0.76,"source":"openstreetmap","sourceIds":["node/2363468358"]}},{"type":"Feature","geometry":{"type":"Point","coordinates":[69.253041,41.354632]},"properties":{"id":"transit_20806f3737871bd1","name":"Площадь Джами","nameEn":null,"types":["platform"],"refs":[],"recordCount":1,"confidence":0.76,"source":"openstreetmap","sourceIds":["node/359535529"]}},{"type":"Feature","geometry":{"type":"Point","coordinates":[69.271068,41.319194]},"properties":{"id":"transit_8e0abc72ca662320","name":"Площадь Независимости","nameEn":null,"types":["platform"],"refs":[],"recordCount":1,"confidence":0.76,"source":"openstreetmap","sourceIds":["node/7925517873"]}},{"type":"Feature","geometry":{"type":"Point","coordinates":[69.39195,41.346518]},"properties":{"id":"transit_8a174dac8b7df162","name":"ПМК-122","nameEn":null,"types":["platform"],"refs":[],"recordCount":2,"confidence":0.88,"source":"openstreetmap","sourceIds":["node/13308770761","node/13308770780"]}},{"type":"Feature","geometry":{"type":"Point","coordinates":[69.219281,41.217398]},"properties":{"id":"transit_7f93920b68b2ff5a","name":"Поликлиника № 10","nameEn":null,"types":["stop_position"],"refs":[],"recordCount":1,"confidence":0.76,"source":"openstreetmap","sourceIds":["node/6562650687"]}},{"type":"Feature","geometry":{"type":"Point","coordinates":[69.217477,41.216836]},"properties":{"id":"transit_50a044a33fe39249","name":"Поликлиника № 10","nameEn":null,"types":["stop_position"],"refs":[],"recordCount":1,"confidence":0.76,"source":"openstreetmap","sourceIds":["node/13352014200"]}},{"type":"Feature","geometry":{"type":"Point","coordinates":[69.230074,41.209117]},"properties":{"id":"transit_101d1fea178aa84a","name":"Политех","nameEn":null,"types":["bus_stop"],"refs":[],"recordCount":1,"confidence":0.76,"source":"openstreetmap","sourceIds":["node/2005220534"]}},{"type":"Feature","geometry":{"type":"Point","coordinates":[69.230276,41.209651]},"properties":{"id":"transit_3549acb393528a9f","name":"Политехнический колледж","nameEn":null,"types":["bus_stop"],"refs":[],"recordCount":1,"confidence":0.76,"source":"openstreetmap","sourceIds":["node/4582687889"]}},{"type":"Feature","geometry":{"type":"Point","coordinates":[69.193616,41.311837]},"properties":{"id":"transit_e270e1cd4efbccde","name":"Полтавская","nameEn":null,"types":["bus_stop"],"refs":[],"recordCount":1,"confidence":0.76,"source":"openstreetmap","sourceIds":["node/6160091497"]}},{"type":"Feature","geometry":{"type":"Point","coordinates":[69.400038,41.303065]},"properties":{"id":"transit_e42f596db5cf1c25","name":"Пос. Тузель","nameEn":null,"types":["bus_stop"],"refs":[],"recordCount":2,"confidence":0.88,"source":"openstreetmap","sourceIds":["node/5878384886","node/5878384887"]}},{"type":"Feature","geometry":{"type":"Point","coordinates":[69.257128,41.329517]},"properties":{"id":"transit_d76e01e85956330e","name":"Посольство Республики Казахстан","nameEn":"Embassy of The Republic of Kazakhstan","types":["bus_stop"],"refs":[],"recordCount":1,"confidence":0.76,"source":"openstreetmap","sourceIds":["node/6171139685"]}},{"type":"Feature","geometry":{"type":"Point","coordinates":[69.165049,41.346478]},"properties":{"id":"transit_4166e4082df2ad4b","name":"пост ГАИ","nameEn":null,"types":["stop_position"],"refs":[],"recordCount":2,"confidence":0.88,"source":"openstreetmap","sourceIds":["node/246193227","node/3957625861"]}},{"type":"Feature","geometry":{"type":"Point","coordinates":[69.389598,41.349919]},"properties":{"id":"transit_85c9f771c21e8c8d","name":"Проходная","nameEn":null,"types":["platform"],"refs":[],"recordCount":2,"confidence":0.88,"source":"openstreetmap","sourceIds":["node/13308770784","node/9780851317"]}},{"type":"Feature","geometry":{"type":"Point","coordinates":[69.302556,41.276899]},"properties":{"id":"transit_ec12d182ba98d3cb","name":"Проходная","nameEn":null,"types":["platform","stop_position"],"refs":[],"recordCount":2,"confidence":0.88,"source":"openstreetmap","sourceIds":["node/13362132518","node/13362132519"]}},{"type":"Feature","geometry":{"type":"Point","coordinates":[69.303471,41.277513]},"properties":{"id":"transit_1513f9864780b929","name":"Проходная","nameEn":null,"types":["stop_position"],"refs":[],"recordCount":1,"confidence":0.76,"source":"openstreetmap","sourceIds":["node/13362139518"]}},{"type":"Feature","geometry":{"type":"Point","coordinates":[69.268228,41.338962]},"properties":{"id":"transit_e0956af4c4d51633","name":"Рабочий городок","nameEn":"Malika ICHB","types":["station"],"refs":[],"recordCount":1,"confidence":0.76,"source":"openstreetmap","sourceIds":["node/3134630396"]}},{"type":"Feature","geometry":{"type":"Point","coordinates":[69.385823,41.344439]},"properties":{"id":"transit_a3c0fae693568f44","name":"Районное ГАИ","nameEn":null,"types":["platform","stop_position"],"refs":[],"recordCount":3,"confidence":0.96,"source":"openstreetmap","sourceIds":["node/13308770771","node/1519571300","node/7906867475"]}},{"type":"Feature","geometry":{"type":"Point","coordinates":[69.157046,41.254979]},"properties":{"id":"transit_81c18bde08f3fab1","name":"Райсентр (Эшонгузар)","nameEn":"Raysent (Eshonguzar)","types":["platform"],"refs":[],"recordCount":1,"confidence":0.76,"source":"openstreetmap","sourceIds":["node/6255342086"]}},{"type":"Feature","geometry":{"type":"Point","coordinates":[69.246167,41.293482]},"properties":{"id":"transit_957136eba7773219","name":"Ракат маркет","nameEn":"Rakat market","types":["bus_stop"],"refs":[],"recordCount":1,"confidence":0.76,"source":"openstreetmap","sourceIds":["node/3992324613"]}},{"type":"Feature","geometry":{"type":"Point","coordinates":[69.241482,41.346351]},"properties":{"id":"transit_341cadde07aa16dd","name":"Родильный дом #2","nameEn":null,"types":["bus_stop"],"refs":[],"recordCount":1,"confidence":0.76,"source":"openstreetmap","sourceIds":["node/4103292991"]}},{"type":"Feature","geometry":{"type":"Point","coordinates":[69.241432,41.347689]},"properties":{"id":"transit_2976188d8c22fbd9","name":"Родильный дом №2","nameEn":null,"types":["bus_stop"],"refs":[],"recordCount":1,"confidence":0.76,"source":"openstreetmap","sourceIds":["node/1772489909"]}},{"type":"Feature","geometry":{"type":"Point","coordinates":[69.22755,41.348566]},"properties":{"id":"transit_7c7409d8466cae71","name":"Сагбан","nameEn":"Sagban","types":["platform"],"refs":[],"recordCount":1,"confidence":0.76,"source":"openstreetmap","sourceIds":["node/1762016213"]}},{"type":"Feature","geometry":{"type":"Point","coordinates":[69.278109,41.335631]},"properties":{"id":"transit_4d81a757247b0e40","name":"Санаторий Семашко","nameEn":null,"types":["bus_stop"],"refs":[],"recordCount":2,"confidence":0.88,"source":"openstreetmap","sourceIds":["node/1775892806","node/2971459204"]}},{"type":"Feature","geometry":{"type":"Point","coordinates":[69.251445,41.348174]},"properties":{"id":"transit_7033511942a05fa9","name":"Северный Алмазар","nameEn":null,"types":["bus_stop"],"refs":[],"recordCount":1,"confidence":0.76,"source":"openstreetmap","sourceIds":["node/1770608956"]}},{"type":"Feature","geometry":{"type":"Point","coordinates":[69.215576,41.203284]},"properties":{"id":"transit_1705c7c7c28fccc6","name":"Сергели 1","nameEn":null,"types":["platform"],"refs":[],"recordCount":2,"confidence":0.88,"source":"openstreetmap","sourceIds":["node/4556579691","node/4556579793"]}},{"type":"Feature","geometry":{"type":"Point","coordinates":[69.243045,41.219507]},"properties":{"id":"transit_1cf897c5b51d3f72","name":"Сергели 4","nameEn":null,"types":["bus_stop"],"refs":[],"recordCount":1,"confidence":0.76,"source":"openstreetmap","sourceIds":["node/4103997994"]}},{"type":"Feature","geometry":{"type":"Point","coordinates":[69.244316,41.216118]},"properties":{"id":"transit_5504718cc91fa50d","name":"Сергели-4 \"Переезд\"","nameEn":null,"types":["platform"],"refs":[],"recordCount":1,"confidence":0.76,"source":"openstreetmap","sourceIds":["node/4104026392"]}},{"type":"Feature","geometry":{"type":"Point","coordinates":[69.226763,41.319322]},"properties":{"id":"transit_602d30730d2b192a","name":"Стадион","nameEn":null,"types":["platform"],"refs":[],"recordCount":1,"confidence":0.76,"source":"openstreetmap","sourceIds":["node/13068176587"]}},{"type":"Feature","geometry":{"type":"Point","coordinates":[69.222584,41.355342]},"properties":{"id":"transit_52b551a9c20528a9","name":"Табассум магазин","nameEn":null,"types":["bus_stop"],"refs":[],"recordCount":1,"confidence":0.76,"source":"openstreetmap","sourceIds":["node/1195377450"]}},{"type":"Feature","geometry":{"type":"Point","coordinates":[69.166144,41.244789]},"properties":{"id":"transit_df2c8cadd80178a5","name":"Такси до города Нукус","nameEn":"Taxi to Nukus city","types":["platform"],"refs":[],"recordCount":1,"confidence":0.76,"source":"openstreetmap","sourceIds":["node/6410812786"]}},{"type":"Feature","geometry":{"type":"Point","coordinates":[69.21124,41.351758]},"properties":{"id":"transit_e4ff2ef266c34841","name":"Талабалар бекати","nameEn":"Student station","types":["bus_stop"],"refs":[],"recordCount":1,"confidence":0.76,"source":"openstreetmap","sourceIds":["node/1768304065"]}},{"type":"Feature","geometry":{"type":"Point","coordinates":[69.201417,41.268618]},"properties":{"id":"transit_1c11f22daf170d17","name":"Таможенный комитет","nameEn":"Bo'jhona ko'mitasi","types":["platform"],"refs":[],"recordCount":1,"confidence":0.76,"source":"openstreetmap","sourceIds":["node/4976755321"]}},{"type":"Feature","geometry":{"type":"Point","coordinates":[69.299429,41.307051]},"properties":{"id":"transit_e786501728e2d187","name":"Ташкентская медицинская академия № 1","nameEn":null,"types":["bus_stop"],"refs":[],"recordCount":1,"confidence":0.76,"source":"openstreetmap","sourceIds":["node/4628484957"]}},{"type":"Feature","geometry":{"type":"Point","coordinates":[69.246429,41.305669]},"properties":{"id":"transit_2494b0094c668bab","name":"театр Мукимий","nameEn":null,"types":["platform"],"refs":[],"recordCount":1,"confidence":0.76,"source":"openstreetmap","sourceIds":["node/7824442887"]}},{"type":"Feature","geometry":{"type":"Point","coordinates":[69.246554,41.27871]},"properties":{"id":"transit_a5f46e7b776d0163","name":"Текстиль","nameEn":null,"types":["platform"],"refs":[],"recordCount":1,"confidence":0.76,"source":"openstreetmap","sourceIds":["node/5730484553"]}},{"type":"Feature","geometry":{"type":"Point","coordinates":[69.244738,41.275818]},"properties":{"id":"transit_794936242b3fa220","name":"Текстиль комбинат","nameEn":null,"types":["platform","stop_position"],"refs":[],"recordCount":2,"confidence":0.88,"source":"openstreetmap","sourceIds":["node/13357903088","node/7752601085"]}},{"type":"Feature","geometry":{"type":"Point","coordinates":[69.243639,41.284075]},"properties":{"id":"transit_e40e1b9d8bc99b0d","name":"Текстильный институт","nameEn":null,"types":["platform"],"refs":[],"recordCount":2,"confidence":0.88,"source":"openstreetmap","sourceIds":["node/12717605167","node/12717605168"]}},{"type":"Feature","geometry":{"type":"Point","coordinates":[69.214508,41.363991]},"properties":{"id":"transit_a92d7dc10f22c2b1","name":"Торговый комплекс","nameEn":null,"types":["bus_stop"],"refs":[],"recordCount":3,"confidence":0.96,"source":"openstreetmap","sourceIds":["node/1532670336","node/1547215269","node/1762020642"]}},{"type":"Feature","geometry":{"type":"Point","coordinates":[69.161213,41.252863]},"properties":{"id":"transit_923011d421d12a58","name":"Торговый комплекс Бек Топи","nameEn":null,"types":["bus_stop"],"refs":[],"recordCount":1,"confidence":0.76,"source":"openstreetmap","sourceIds":["node/5134525623"]}},{"type":"Feature","geometry":{"type":"Point","coordinates":[69.165488,41.345933]},"properties":{"id":"transit_fdaaa7af5a85a00c","name":"транспортный колледж","nameEn":null,"types":["platform","stop_position"],"refs":[],"recordCount":2,"confidence":0.88,"source":"openstreetmap","sourceIds":["node/13297153543","node/3957625884"]}},{"type":"Feature","geometry":{"type":"Point","coordinates":[69.177195,41.265717]},"properties":{"id":"transit_6f35f1544b7e38de","name":"Троллейбусный круг.","nameEn":null,"types":["bus_stop"],"refs":[],"recordCount":1,"confidence":0.76,"source":"openstreetmap","sourceIds":["node/5301851648"]}},{"type":"Feature","geometry":{"type":"Point","coordinates":[69.193866,41.301952]},"properties":{"id":"transit_5fcda29e71fafdb4","name":"Туберкулёзная","nameEn":null,"types":["bus_stop"],"refs":[],"recordCount":2,"confidence":0.88,"source":"openstreetmap","sourceIds":["node/6901944087","node/6901965887"]}},{"type":"Feature","geometry":{"type":"Point","coordinates":[69.2093,41.192814]},"properties":{"id":"transit_86f4181ad72d2a28","name":"Туризм","nameEn":null,"types":["bus_stop"],"refs":[],"recordCount":1,"confidence":0.76,"source":"openstreetmap","sourceIds":["node/4529852395"]}},{"type":"Feature","geometry":{"type":"Point","coordinates":[69.303151,41.287629]},"properties":{"id":"transit_a6c8c3e643313446","name":"Ул. Баку","nameEn":"Boku ko'chasi","types":["bus_stop"],"refs":[],"recordCount":1,"confidence":0.76,"source":"openstreetmap","sourceIds":["node/4665819489"]}},{"type":"Feature","geometry":{"type":"Point","coordinates":[69.263492,41.332119]},"properties":{"id":"transit_39151746e1511734","name":"Улица Зулфияхоним","nameEn":"Zulfiyaxonim ko'chasi","types":["bus_stop"],"refs":[],"recordCount":2,"confidence":0.88,"source":"openstreetmap","sourceIds":["node/2003239854","node/2003239855"]}},{"type":"Feature","geometry":{"type":"Point","coordinates":[69.22242,41.30183]},"properties":{"id":"transit_31fc09334b354c85","name":"Улица Зухры","nameEn":null,"types":["stop_position"],"refs":[],"recordCount":2,"confidence":0.88,"source":"openstreetmap","sourceIds":["node/12542983998","node/13364358847"]}},{"type":"Feature","geometry":{"type":"Point","coordinates":[69.243332,41.2869]},"properties":{"id":"transit_397ecd825e631e94","name":"Улица Ракат","nameEn":null,"types":["platform"],"refs":[],"recordCount":1,"confidence":0.76,"source":"openstreetmap","sourceIds":["node/12359985381"]}},{"type":"Feature","geometry":{"type":"Point","coordinates":[69.242939,41.287608]},"properties":{"id":"transit_7cac0435c99b5596","name":"Улица Ракат","nameEn":null,"types":["platform"],"refs":[],"recordCount":1,"confidence":0.76,"source":"openstreetmap","sourceIds":["node/12359985382"]}},{"type":"Feature","geometry":{"type":"Point","coordinates":[69.281567,41.296455]},"properties":{"id":"transit_72da2cea88d34f97","name":"улица Саида Барака","nameEn":null,"types":["stop_position"],"refs":[],"recordCount":1,"confidence":0.76,"source":"openstreetmap","sourceIds":["node/4592191008"]}},{"type":"Feature","geometry":{"type":"Point","coordinates":[69.20684,41.301077]},"properties":{"id":"transit_75a1d22e412eb612","name":"Улица Увайси","nameEn":null,"types":["bus_stop"],"refs":[],"recordCount":1,"confidence":0.76,"source":"openstreetmap","sourceIds":["node/5006709521"]}},{"type":"Feature","geometry":{"type":"Point","coordinates":[69.20283,41.300992]},"properties":{"id":"transit_6bcf2d3b12336eeb","name":"Улица Хамдам","nameEn":null,"types":["bus_stop"],"refs":[],"recordCount":1,"confidence":0.76,"source":"openstreetmap","sourceIds":["node/5006707523"]}},{"type":"Feature","geometry":{"type":"Point","coordinates":[69.227364,41.300634]},"properties":{"id":"transit_06de283a50d9f0bb","name":"Улица Шарк Тонги","nameEn":"Military commissariat, Court","types":["stop_position"],"refs":[],"recordCount":1,"confidence":0.76,"source":"openstreetmap","sourceIds":["node/4544314389"]}},{"type":"Feature","geometry":{"type":"Point","coordinates":[69.228505,41.300365]},"properties":{"id":"transit_64528297ea4c5cd0","name":"Улица Шарк Тонги","nameEn":null,"types":["platform","stop_position"],"refs":[],"recordCount":2,"confidence":0.88,"source":"openstreetmap","sourceIds":["node/12542986782","node/13364358871"]}},{"type":"Feature","geometry":{"type":"Point","coordinates":[69.327342,41.314923]},"properties":{"id":"transit_500aeb4ba66188e9","name":"Улица Шох-Полон","nameEn":null,"types":["stop_position"],"refs":[],"recordCount":1,"confidence":0.76,"source":"openstreetmap","sourceIds":["node/4400692933"]}},{"type":"Feature","geometry":{"type":"Point","coordinates":[69.450058,41.401639]},"properties":{"id":"transit_e252e0d3251ea7aa","name":"Улугбек центр","nameEn":null,"types":["bus_stop"],"refs":[],"recordCount":1,"confidence":0.76,"source":"openstreetmap","sourceIds":["node/4933876622"]}},{"type":"Feature","geometry":{"type":"Point","coordinates":[69.452961,41.403735]},"properties":{"id":"transit_19c35cf627f7e2ce","name":"Универмаг","nameEn":null,"types":["bus_stop"],"refs":[],"recordCount":1,"confidence":0.76,"source":"openstreetmap","sourceIds":["node/4933873923"]}},{"type":"Feature","geometry":{"type":"Point","coordinates":[69.266432,41.320088]},"properties":{"id":"transit_75c2104ce2a249ec","name":"Урда","nameEn":"Urda","types":["stop_position"],"refs":[],"recordCount":2,"confidence":0.88,"source":"openstreetmap","sourceIds":["node/5998858158","node/5998858159"]}},{"type":"Feature","geometry":{"type":"Point","coordinates":[69.357124,41.25846]},"properties":{"id":"transit_18e9f757398d256b","name":"Урикзор базар","nameEn":"Урикзор базар","types":["stop_position"],"refs":[],"recordCount":1,"confidence":0.76,"source":"openstreetmap","sourceIds":["node/2153479144"]}},{"type":"Feature","geometry":{"type":"Point","coordinates":[69.205821,41.303995]},"properties":{"id":"transit_f9f98860c2b73b94","name":"фабрика \"Сувенир\"","nameEn":null,"types":["bus_stop"],"refs":[],"recordCount":1,"confidence":0.76,"source":"openstreetmap","sourceIds":["node/1937645350"]}},{"type":"Feature","geometry":{"type":"Point","coordinates":[69.229629,41.343919]},"properties":{"id":"transit_bebd2f5250345375","name":"Фарфоровый завод","nameEn":null,"types":["platform"],"refs":[],"recordCount":2,"confidence":0.88,"source":"openstreetmap","sourceIds":["node/1769306831","node/1769306832"]}},{"type":"Feature","geometry":{"type":"Point","coordinates":[69.203853,41.363602]},"properties":{"id":"transit_07e9d0bf9a7f534b","name":"Фергана кафе","nameEn":null,"types":["bus_stop"],"refs":[],"recordCount":1,"confidence":0.76,"source":"openstreetmap","sourceIds":["node/1768342815"]}},{"type":"Feature","geometry":{"type":"Point","coordinates":[69.204793,41.363993]},"properties":{"id":"transit_8daf190eb1c76c81","name":"Фергана кафе","nameEn":null,"types":["bus_stop"],"refs":[],"recordCount":1,"confidence":0.76,"source":"openstreetmap","sourceIds":["node/1768342818"]}},{"type":"Feature","geometry":{"type":"Point","coordinates":[69.232415,41.210338]},"properties":{"id":"transit_14ff25251fd78f2b","name":"Финансовый","nameEn":null,"types":["bus_stop"],"refs":[],"recordCount":2,"confidence":0.88,"source":"openstreetmap","sourceIds":["node/4103997999","node/4104026492"]}},{"type":"Feature","geometry":{"type":"Point","coordinates":[69.223527,41.220744]},"properties":{"id":"transit_d97ac47c0cfaa635","name":"Хокимият","nameEn":null,"types":["platform"],"refs":[],"recordCount":1,"confidence":0.76,"source":"openstreetmap","sourceIds":["node/4104026400"]}},{"type":"Feature","geometry":{"type":"Point","coordinates":[69.232558,41.266396]},"properties":{"id":"transit_6eb7b745a146e963","name":"Хосилот","nameEn":"Hosilot","types":["platform"],"refs":[],"recordCount":1,"confidence":0.76,"source":"openstreetmap","sourceIds":["node/4245410390"]}},{"type":"Feature","geometry":{"type":"Point","coordinates":[69.211088,41.34269]},"properties":{"id":"transit_512b302cf624ce80","name":"Центр стандартов","nameEn":null,"types":["bus_stop"],"refs":[],"recordCount":1,"confidence":0.76,"source":"openstreetmap","sourceIds":["node/1770308624"]}},{"type":"Feature","geometry":{"type":"Point","coordinates":[69.194226,41.274375]},"properties":{"id":"transit_fe57bb8bc5cb9a1e","name":"Чиланзар 18","nameEn":"Chilanzar 18","types":["bus_stop"],"refs":[],"recordCount":1,"confidence":0.76,"source":"openstreetmap","sourceIds":["node/5492986627"]}},{"type":"Feature","geometry":{"type":"Point","coordinates":[69.454104,41.331861]},"properties":{"id":"transit_12c842134aa48b34","name":"Чингельды","nameEn":null,"types":["platform"],"refs":[],"recordCount":1,"confidence":0.76,"source":"openstreetmap","sourceIds":["node/5880451888"]}},{"type":"Feature","geometry":{"type":"Point","coordinates":[69.291772,41.311357]},"properties":{"id":"transit_9bfdfc337dd13ecc","name":"Шастри","nameEn":null,"types":["platform"],"refs":[],"recordCount":1,"confidence":0.76,"source":"openstreetmap","sourceIds":["node/12232063951"]}},{"type":"Feature","geometry":{"type":"Point","coordinates":[69.171718,41.359171]},"properties":{"id":"transit_cd861627567de92d","name":"Шифокор 1 улица","nameEn":null,"types":["stop_position"],"refs":[],"recordCount":1,"confidence":0.76,"source":"openstreetmap","sourceIds":["node/3957625859"]}},{"type":"Feature","geometry":{"type":"Point","coordinates":[69.172867,41.359864]},"properties":{"id":"transit_dde4334c04611ec1","name":"Шифокор 1 улица","nameEn":null,"types":["stop_position"],"refs":[],"recordCount":1,"confidence":0.76,"source":"openstreetmap","sourceIds":["node/3957625860"]}},{"type":"Feature","geometry":{"type":"Point","coordinates":[69.238755,41.282883]},"properties":{"id":"transit_b828c793ca5e6420","name":"Школа № 144","nameEn":null,"types":["platform"],"refs":[],"recordCount":1,"confidence":0.76,"source":"openstreetmap","sourceIds":["node/12717605169"]}},{"type":"Feature","geometry":{"type":"Point","coordinates":[69.323183,41.366884]},"properties":{"id":"transit_8fc3e321c5d16316","name":"Школа № 274","nameEn":null,"types":["bus_stop"],"refs":[],"recordCount":2,"confidence":0.88,"source":"openstreetmap","sourceIds":["node/4939438021","node/5235909281"]}},{"type":"Feature","geometry":{"type":"Point","coordinates":[69.221472,41.338981]},"properties":{"id":"transit_285655cdf164c695","name":"Школа №111","nameEn":null,"types":["stop_position"],"refs":[],"recordCount":1,"confidence":0.76,"source":"openstreetmap","sourceIds":["node/4228730392"]}},{"type":"Feature","geometry":{"type":"Point","coordinates":[69.223602,41.338427]},"properties":{"id":"transit_fceec725350a7599","name":"Школа №111","nameEn":null,"types":["stop_position"],"refs":[],"recordCount":1,"confidence":0.76,"source":"openstreetmap","sourceIds":["node/8051671049"]}},{"type":"Feature","geometry":{"type":"Point","coordinates":[69.205206,41.259576]},"properties":{"id":"transit_d0f053171d08391e","name":"Школа Интерат","nameEn":null,"types":["platform"],"refs":[],"recordCount":1,"confidence":0.76,"source":"openstreetmap","sourceIds":["node/4931768361"]}},{"type":"Feature","geometry":{"type":"Point","coordinates":[69.204933,41.2588]},"properties":{"id":"transit_5f56f8d199175d71","name":"Школа Интернат","nameEn":null,"types":["platform"],"refs":[],"recordCount":1,"confidence":0.76,"source":"openstreetmap","sourceIds":["node/4931768362"]}},{"type":"Feature","geometry":{"type":"Point","coordinates":[69.356175,41.290288]},"properties":{"id":"transit_6ea1a763dd4dd963","name":"Шолохова","nameEn":null,"types":["bus_stop"],"refs":[],"recordCount":1,"confidence":0.76,"source":"openstreetmap","sourceIds":["node/4714584392"]}},{"type":"Feature","geometry":{"type":"Point","coordinates":[69.269423,41.340545]},"properties":{"id":"transit_421decd60ac27556","name":"ШПО Малика","nameEn":null,"types":["bus_stop"],"refs":[],"recordCount":1,"confidence":0.76,"source":"openstreetmap","sourceIds":["node/1775870451"]}},{"type":"Feature","geometry":{"type":"Point","coordinates":[69.328273,41.16938]},"properties":{"id":"transit_6d4da428f98ea784","name":"Янги махалля","nameEn":null,"types":["bus_stop"],"refs":[],"recordCount":1,"confidence":0.76,"source":"openstreetmap","sourceIds":["node/5223629593"]}},{"type":"Feature","geometry":{"type":"Point","coordinates":[69.228712,41.214113]},"properties":{"id":"transit_aa778710ba022f37","name":"Ярмарка","nameEn":null,"types":["bus_stop"],"refs":[],"recordCount":1,"confidence":0.76,"source":"openstreetmap","sourceIds":["node/4103997997"]}},{"type":"Feature","geometry":{"type":"Point","coordinates":[69.229589,41.212638]},"properties":{"id":"transit_4564085600a60a22","name":"Ярмарка","nameEn":null,"types":["platform"],"refs":[],"recordCount":2,"confidence":0.88,"source":"openstreetmap","sourceIds":["node/4104026399","node/4104035291"]}},{"type":"Feature","geometry":{"type":"Point","coordinates":[69.358679,41.289783]},"properties":{"id":"transit_7e3c8ed85217a3f5","name":"Яшнабадский военкомат","nameEn":null,"types":["bus_stop"],"refs":[],"recordCount":1,"confidence":0.76,"source":"openstreetmap","sourceIds":["node/4714567094"]}}]}
